prefix,lat,lon,dxcc,iso3,name
1A,41.9,12.43,246,ITA,Sovereign Military Order of Malta (Rome)
2A,56.82,-4.18,279,GBR,Scotland
2D,54.2,-4.53,114,IMN,Isle of Man
2E,52.77,-1.47,223,GBR,England
2I,54.73,-6.68,265,GBR,Northern Ireland
2J,49.22,-2.18,122,JEY,Jersey
2U,49.45,-2.58,106,GGY,Guernsey
2W,52.28,-3.73,294,GBR,Wales
3A,43.73,7.4,260,MCO,Monaco
3B6,-10.42,56.58,4,MUS,Agalega & St. Brandon Is.
3B7,-16.58,59.62,4,MUS,Agalega & St. Brandon Is.
3B8,-20.35,57.5,165,MUS,Mauritius
3B9,-19.7,63.42,207,MUS,Rodrigues I.
3C,1.7,10.33,49,GNQ,Equatorial Guinea
3C0,-1.43,5.62,195,GNQ,Annobon I.
3D2,-17.78,177.92,176,FJI,Fiji
3D2CCC,-22.0,175.0,489,FJI,Conway Reef
3D2RI,-12.48,177.08,460,FJI,Rotuma I.
3DA,-26.65,31.48,468,SWZ,Kingdom of Eswatini
3E,9.0,-80.0,88,PAN,Panama
3E1,8.98,-79.52,88,PAN,Panama
3E2,9.3,-78.35,88,PAN,Panama
3E3,8.43,-82.43,88,PAN,Panama
3E4,8.83,-81.5,88,PAN,Panama
3E5,7.67,-80.5,88,PAN,Panama
3E6,8.1,-80.97,88,PAN,Panama
3E7,8.4,-77.92,88,PAN,Panama
3E8,8.33,-79.12,88,PAN,Panama
3E9,7.93,-80.42,88,PAN,Panama
3F1,8.98,-79.52,88,PAN,Panama
3F2,9.3,-78.35,88,PAN,Panama
3F3,8.43,-82.43,88,PAN,Panama
3F4,8.83,-81.5,88,PAN,Panama
3F5,7.67,-80.5,88,PAN,Panama
3F6,8.1,-80.97,88,PAN,Panama
3F7,8.4,-77.92,88,PAN,Panama
3F8,8.33,-79.12,88,PAN,Panama
3F9,7.93,-80.42,88,PAN,Panama
3G,-30.0,-71.0,112,CHL,Chile
3G0,-27.1,-109.37,47,CHL,Easter I.
3G0X,-26.28,-80.07,217,CHL,San Felix & San Ambrosio
3G0Z,-33.6,-78.85,125,CHL,Juan Fernandez Is.
3G1,-23.65,-70.4,112,CHL,Chile
3G2,-33.08,-71.53,112,CHL,Chile
3G3,-35.5,-70.67,112,CHL,Chile
3G4,-33.62,-70.75,112,CHL,Chile
3G5,-36.62,-72.17,112,CHL,Chile
3G6,-39.75,-73.25,112,CHL,Chile
3G7,-40.58,-73.23,112,CHL,Chile
3G8,-53.17,-70.93,112,CHL,Chile
3H,36.0,102.0,318,CHN,China
3H0A,43.75,87.75,318,CHN,China
3H0G,29.42,90.97,318,CHN,China
3H1,39.93,116.4,318,CHN,China
3H2A,45.8,126.67,318,CHN,China
3H2I,43.95,125.28,318,CHN,China
3H2Q,41.8,123.45,318,CHN,China
3H3A,39.13,117.17,318,CHN,China
3H3G,40.87,111.67,318,CHN,China
3H3M,38.03,114.47,318,CHN,China
3H3S,37.87,112.55,318,CHN,China
3H4A,31.25,121.43,318,CHN,China
3H4I,36.63,117.02,318,CHN,China
3H4Q,32.03,118.78,318,CHN,China
3H5A,30.3,120.18,318,CHN,China
3H5I,30.72,106.03,318,CHN,China
3H5Q,26.08,119.27,318,CHN,China
3H6A,31.87,117.3,318,CHN,China
3H6I,34.75,113.57,318,CHN,China
3H6Q,30.52,114.3,318,CHN,China
3H7A,28.2,113.0,318,CHN,China
3H7I,23.08,113.17,318,CHN,China
3H7Q,22.8,108.33,318,CHN,China
3H7Y,20.02,110.27,318,CHN,China
3H8A,30.63,104.03,318,CHN,China
3H8G,29.58,106.42,318,CHN,China
3H8M,26.53,106.67,318,CHN,China
3H8S,25.02,102.68,318,CHN,China
3H9A,34.25,109.0,318,CHN,China
3H9G,36.02,103.87,318,CHN,China
3H9M,38.5,106.25,318,CHN,China
3H9S,36.57,101.67,318,CHN,China
3I0A,43.75,87.75,318,CHN,China
3I0G,29.42,90.97,318,CHN,China
3I1,39.93,116.4,318,CHN,China
3I2A,45.8,126.67,318,CHN,China
3I2I,43.95,125.28,318,CHN,China
3I2Q,41.8,123.45,318,CHN,China
3I3A,39.13,117.17,318,CHN,China
3I3G,40.87,111.67,318,CHN,China
3I3M,38.03,114.47,318,CHN,China
3I3S,37.87,112.55,318,CHN,China
3I4A,31.25,121.43,318,CHN,China
3I4I,36.63,117.02,318,CHN,China
3I4Q,32.03,118.78,318,CHN,China
3I5A,30.3,120.18,318,CHN,China
3I5I,30.72,106.03,318,CHN,China
3I5Q,26.08,119.27,318,CHN,China
3I6A,31.87,117.3,318,CHN,China
3I6I,34.75,113.57,318,CHN,China
3I6Q,30.52,114.3,318,CHN,China
3I7A,28.2,113.0,318,CHN,China
3I7I,23.08,113.17,318,CHN,China
3I7Q,22.8,108.33,318,CHN,China
3I7Y,20.02,110.27,318,CHN,China
3I8A,30.63,104.03,318,CHN,China
3I8G,29.58,106.42,318,CHN,China
3I8M,26.53,106.67,318,CHN,China
3I8S,25.02,102.68,318,CHN,China
3I9A,34.25,109.0,318,CHN,China
3I9G,36.02,103.87,318,CHN,China
3I9M,38.5,106.25,318,CHN,China
3I9S,36.57,101.67,318,CHN,China
3J0A,43.75,87.75,318,CHN,China
3J0G,29.42,90.97,318,CHN,China
3J1,39.93,116.4,318,CHN,China
3J2A,45.8,126.67,318,CHN,China
3J2I,43.95,125.28,318,CHN,China
3J2Q,41.8,123.45,318,CHN,China
3J3A,39.13,117.17,318,CHN,China
3J3G,40.87,111.67,318,CHN,China
3J3M,38.03,114.47,318,CHN,China
3J3S,37.87,112.55,318,CHN,China
3J4A,31.25,121.43,318,CHN,China
3J4I,36.63,117.02,318,CHN,China
3J4Q,32.03,118.78,318,CHN,China
3J5A,30.3,120.18,318,CHN,China
3J5I,30.72,106.03,318,CHN,China
3J5Q,26.08,119.27,318,CHN,China
3J6A,31.87,117.3,318,CHN,China
3J6I,34.75,113.57,318,CHN,China
3J6Q,30.52,114.3,318,CHN,China
3J7A,28.2,113.0,318,CHN,China
3J7I,23.08,113.17,318,CHN,China
3J7Q,22.8,108.33,318,CHN,China
3J7Y,20.02,110.27,318,CHN,China
3J8A,30.63,104.03,318,CHN,China
3J8G,29.58,106.42,318,CHN,China
3J8M,26.53,106.67,318,CHN,China
3J8S,25.02,102.68,318,CHN,China
3J9A,34.25,109.0,318,CHN,China
3J9G,36.02,103.87,318,CHN,China
3J9M,38.5,106.25,318,CHN,China
3J9S,36.57,101.67,318,CHN,China
3K0A,43.75,87.75,318,CHN,China
3K0G,29.42,90.97,318,CHN,China
3K1,39.93,116.4,318,CHN,China
3K2A,45.8,126.67,318,CHN,China
3K2I,43.95,125.28,318,CHN,China
3K2Q,41.8,123.45,318,CHN,China
3K3A,39.13,117.17,318,CHN,China
3K3G,40.87,111.67,318,CHN,China
3K3M,38.03,114.47,318,CHN,China
3K3S,37.87,112.55,318,CHN,China
3K4A,31.25,121.43,318,CHN,China
3K4I,36.63,117.02,318,CHN,China
3K4Q,32.03,118.78,318,CHN,China
3K5A,30.3,120.18,318,CHN,China
3K5I,30.72,106.03,318,CHN,China
3K5Q,26.08,119.27,318,CHN,China
3K6A,31.87,117.3,318,CHN,China
3K6I,34.75,113.57,318,CHN,China
3K6Q,30.52,114.3,318,CHN,China
3K7A,28.2,113.0,318,CHN,China
3K7I,23.08,113.17,318,CHN,China
3K7Q,22.8,108.33,318,CHN,China
3K7Y,20.02,110.27,318,CHN,China
3K8A,30.63,104.03,318,CHN,China
3K8G,29.58,106.42,318,CHN,China
3K8M,26.53,106.67,318,CHN,China
3K8S,25.02,102.68,318,CHN,China
3K9A,34.25,109.0,318,CHN,China
3K9G,36.02,103.87,318,CHN,China
3K9M,38.5,106.25,318,CHN,China
3K9S,36.57,101.67,318,CHN,China
3L0A,43.75,87.75,318,CHN,China
3L0G,29.42,90.97,318,CHN,China
3L1,39.93,116.4,318,CHN,China
3L2A,45.8,126.67,318,CHN,China
3L2I,43.95,125.28,318,CHN,China
3L2Q,41.8,123.45,318,CHN,China
3L3A,39.13,117.17,318,CHN,China
3L3G,40.87,111.67,318,CHN,China
3L3M,38.03,114.47,318,CHN,China
3L3S,37.87,112.55,318,CHN,China
3L4A,31.25,121.43,318,CHN,China
3L4I,36.63,117.02,318,CHN,China
3L4Q,32.03,118.78,318,CHN,China
3L5A,30.3,120.18,318,CHN,China
3L5I,30.72,106.03,318,CHN,China
3L5Q,26.08,119.27,318,CHN,China
3L6A,31.87,117.3,318,CHN,China
3L6I,34.75,113.57,318,CHN,China
3L6Q,30.52,114.3,318,CHN,China
3L7A,28.2,113.0,318,CHN,China
3L7I,23.08,113.17,318,CHN,China
3L7Q,22.8,108.33,318,CHN,China
3L7Y,20.02,110.27,318,CHN,China
3L8A,30.63,104.03,318,CHN,China
3L8G,29.58,106.42,318,CHN,China
3L8M,26.53,106.67,318,CHN,China
3L8S,25.02,102.68,318,CHN,China
3L9A,34.25,109.0,318,CHN,China
3L9G,36.02,103.87,318,CHN,China
3L9M,38.5,106.25,318,CHN,China
3L9S,36.57,101.67,318,CHN,China
3M0A,43.75,87.75,318,CHN,China
3M0G,29.42,90.97,318,CHN,China
3M1,39.93,116.4,318,CHN,China
3M2A,45.8,126.67,318,CHN,China
3M2I,43.95,125.28,318,CHN,China
3M2Q,41.8,123.45,318,CHN,China
3M3A,39.13,117.17,318,CHN,China
3M3G,40.87,111.67,318,CHN,China
3M3M,38.03,114.47,318,CHN,China
3M3S,37.87,112.55,318,CHN,China
3M4A,31.25,121.43,318,CHN,China
3M4I,36.63,117.02,318,CHN,China
3M4Q,32.03,118.78,318,CHN,China
3M5A,30.3,120.18,318,CHN,China
3M5I,30.72,106.03,318,CHN,China
3M5Q,26.08,119.27,318,CHN,China
3M6A,31.87,117.3,318,CHN,China
3M6I,34.75,113.57,318,CHN,China
3M6Q,30.52,114.3,318,CHN,China
3M7A,28.2,113.0,318,CHN,China
3M7I,23.08,113.17,318,CHN,China
3M7Q,22.8,108.33,318,CHN,China
3M7Y,20.02,110.27,318,CHN,China
3M8A,30.63,104.03,318,CHN,China
3M8G,29.58,106.42,318,CHN,China
3M8M,26.53,106.67,318,CHN,China
3M8S,25.02,102.68,318,CHN,China
3M9A,34.25,109.0,318,CHN,China
3M9G,36.02,103.87,318,CHN,China
3M9M,38.5,106.25,318,CHN,China
3M9S,36.57,101.67,318,CHN,China
3N0A,43.75,87.75,318,CHN,China
3N0G,29.42,90.97,318,CHN,China
3N1,39.93,116.4,318,CHN,China
3N2A,45.8,126.67,318,CHN,China
3N2I,43.95,125.28,318,CHN,China
3N2Q,41.8,123.45,318,CHN,China
3N3A,39.13,117.17,318,CHN,China
3N3G,40.87,111.67,318,CHN,China
3N3M,38.03,114.47,318,CHN,China
3N3S,37.87,112.55,318,CHN,China
3N4A,31.25,121.43,318,CHN,China
3N4I,36.63,117.02,318,CHN,China
3N4Q,32.03,118.78,318,CHN,China
3N5A,30.3,120.18,318,CHN,China
3N5I,30.72,106.03,318,CHN,China
3N5Q,26.08,119.27,318,CHN,China
3N6A,31.87,117.3,318,CHN,China
3N6I,34.75,113.57,318,CHN,China
3N6Q,30.52,114.3,318,CHN,China
3N7A,28.2,113.0,318,CHN,China
3N7I,23.08,113.17,318,CHN,China
3N7Q,22.8,108.33,318,CHN,China
3N7Y,20.02,110.27,318,CHN,China
3N8A,30.63,104.03,318,CHN,China
3N8G,29.58,106.42,318,CHN,China
3N8M,26.53,106.67,318,CHN,China
3N8S,25.02,102.68,318,CHN,China
3N9A,34.25,109.0,318,CHN,China
3N9G,36.02,103.87,318,CHN,China
3N9M,38.5,106.25,318,CHN,China
3N9S,36.57,101.67,318,CHN,China
3O0A,43.75,87.75,318,CHN,China
3O0G,29.42,90.97,318,CHN,China
3O1,39.93,116.4,318,CHN,China
3O2A,45.8,126.67,318,CHN,China
3O2I,43.95,125.28,318,CHN,China
3O2Q,41.8,123.45,318,CHN,China
3O3A,39.13,117.17,318,CHN,China
3O3G,40.87,111.67,318,CHN,China
3O3M,38.03,114.47,318,CHN,China
3O3S,37.87,112.55,318,CHN,China
3O4A,31.25,121.43,318,CHN,China
3O4I,36.63,117.02,318,CHN,China
3O4Q,32.03,118.78,318,CHN,China
3O5A,30.3,120.18,318,CHN,China
3O5I,30.72,106.03,318,CHN,China
3O5Q,26.08,119.27,318,CHN,China
3O6A,31.87,117.3,318,CHN,China
3O6I,34.75,113.57,318,CHN,China
3O6Q,30.52,114.3,318,CHN,China
3O7A,28.2,113.0,318,CHN,China
3O7I,23.08,113.17,318,CHN,China
3O7Q,22.8,108.33,318,CHN,China
3O7Y,20.02,110.27,318,CHN,China
3O8A,30.63,104.03,318,CHN,China
3O8G,29.58,106.42,318,CHN,China
3O8M,26.53,106.67,318,CHN,China
3O8S,25.02,102.68,318,CHN,China
3O9A,34.25,109.0,318,CHN,China
3O9G,36.02,103.87,318,CHN,China
3O9M,38.5,106.25,318,CHN,China
3O9S,36.57,101.67,318,CHN,China
3P0A,43.75,87.75,318,CHN,China
3P0G,29.42,90.97,318,CHN,China
3P1,39.93,116.4,318,CHN,China
3P2A,45.8,126.67,318,CHN,China
3P2I,43.95,125.28,318,CHN,China
3P2Q,41.8,123.45,318,CHN,China
3P3A,39.13,117.17,318,CHN,China
3P3G,40.87,111.67,318,CHN,China
3P3M,38.03,114.47,318,CHN,China
3P3S,37.87,112.55,318,CHN,China
3P4A,31.25,121.43,318,CHN,China
3P4I,36.63,117.02,318,CHN,China
3P4Q,32.03,118.78,318,CHN,China
3P5A,30.3,120.18,318,CHN,China
3P5I,30.72,106.03,318,CHN,China
3P5Q,26.08,119.27,318,CHN,China
3P6A,31.87,117.3,318,CHN,China
3P6I,34.75,113.57,318,CHN,China
3P6Q,30.52,114.3,318,CHN,China
3P7A,28.2,113.0,318,CHN,China
3P7I,23.08,113.17,318,CHN,China
3P7Q,22.8,108.33,318,CHN,China
3P7Y,20.02,110.27,318,CHN,China
3P8A,30.63,104.03,318,CHN,China
3P8G,29.58,106.42,318,CHN,China
3P8M,26.53,106.67,318,CHN,China
3P8S,25.02,102.68,318,CHN,China
3P9A,34.25,109.0,318,CHN,China
3P9G,36.02,103.87,318,CHN,China
3P9M,38.5,106.25,318,CHN,China
3P9S,36.57,101.67,318,CHN,China
3Q0A,43.75,87.75,318,CHN,China
3Q0G,29.42,90.97,318,CHN,China
3Q1,39.93,116.4,318,CHN,China
3Q2A,45.8,126.67,318,CHN,China
3Q2I,43.95,125.28,318,CHN,China
3Q2Q,41.8,123.45,318,CHN,China
3Q3A,39.13,117.17,318,CHN,China
3Q3G,40.87,111.67,318,CHN,China
3Q3M,38.03,114.47,318,CHN,China
3Q3S,37.87,112.55,318,CHN,China
3Q4A,31.25,121.43,318,CHN,China
3Q4I,36.63,117.02,318,CHN,China
3Q4Q,32.03,118.78,318,CHN,China
3Q5A,30.3,120.18,318,CHN,China
3Q5I,30.72,106.03,318,CHN,China
3Q5Q,26.08,119.27,318,CHN,China
3Q6A,31.87,117.3,318,CHN,China
3Q6I,34.75,113.57,318,CHN,China
3Q6Q,30.52,114.3,318,CHN,China
3Q7A,28.2,113.0,318,CHN,China
3Q7I,23.08,113.17,318,CHN,China
3Q7Q,22.8,108.33,318,CHN,China
3Q7Y,20.02,110.27,318,CHN,China
3Q8A,30.63,104.03,318,CHN,China
3Q8G,29.58,106.42,318,CHN,China
3Q8M,26.53,106.67,318,CHN,China
3Q8S,25.02,102.68,318,CHN,China
3Q9A,34.25,109.0,318,CHN,China
3Q9G,36.02,103.87,318,CHN,China
3Q9M,38.5,106.25,318,CHN,China
3Q9S,36.57,101.67,318,CHN,China
3R0A,43.75,87.75,318,CHN,China
3R0G,29.42,90.97,318,CHN,China
3R1,39.93,116.4,318,CHN,China
3R2A,45.8,126.67,318,CHN,China
3R2I,43.95,125.28,318,CHN,China
3R2Q,41.8,123.45,318,CHN,China
3R3A,39.13,117.17,318,CHN,China
3R3G,40.87,111.67,318,CHN,China
3R3M,38.03,114.47,318,CHN,China
3R3S,37.87,112.55,318,CHN,China
3R4A,31.25,121.43,318,CHN,China
3R4I,36.63,117.02,318,CHN,China
3R4Q,32.03,118.78,318,CHN,China
3R5A,30.3,120.18,318,CHN,China
3R5I,30.72,106.03,318,CHN,China
3R5Q,26.08,119.27,318,CHN,China
3R6A,31.87,117.3,318,CHN,China
3R6I,34.75,113.57,318,CHN,China
3R6Q,30.52,114.3,318,CHN,China
3R7A,28.2,113.0,318,CHN,China
3R7I,23.08,113.17,318,CHN,China
3R7Q,22.8,108.33,318,CHN,China
3R7Y,20.02,110.27,318,CHN,China
3R8A,30.63,104.03,318,CHN,China
3R8G,29.58,106.42,318,CHN,China
3R8M,26.53,106.67,318,CHN,China
3R8S,25.02,102.68,318,CHN,China
3R9A,34.25,109.0,318,CHN,China
3R9G,36.02,103.87,318,CHN,China
3R9M,38.5,106.25,318,CHN,China
3R9S,36.57,101.67,318,CHN,China
3S0A,43.75,87.75,318,CHN,China
3S0G,29.42,90.97,318,CHN,China
3S1,39.93,116.4,318,CHN,China
3S2A,45.8,126.67,318,CHN,China
3S2I,43.95,125.28,318,CHN,China
3S2Q,41.8,123.45,318,CHN,China
3S3A,39.13,117.17,318,CHN,China
3S3G,40.87,111.67,318,CHN,China
3S3M,38.03,114.47,318,CHN,China
3S3S,37.87,112.55,318,CHN,China
3S4A,31.25,121.43,318,CHN,China
3S4I,36.63,117.02,318,CHN,China
3S4Q,32.03,118.78,318,CHN,China
3S5A,30.3,120.18,318,CHN,China
3S5I,30.72,106.03,318,CHN,China
3S5Q,26.08,119.27,318,CHN,China
3S6A,31.87,117.3,318,CHN,China
3S6I,34.75,113.57,318,CHN,China
3S6Q,30.52,114.3,318,CHN,China
3S7A,28.2,113.0,318,CHN,China
3S7I,23.08,113.17,318,CHN,China
3S7Q,22.8,108.33,318,CHN,China
3S7Y,20.02,110.27,318,CHN,China
3S8A,30.63,104.03,318,CHN,China
3S8G,29.58,106.42,318,CHN,China
3S8M,26.53,106.67,318,CHN,China
3S8S,25.02,102.68,318,CHN,China
3S9A,34.25,109.0,318,CHN,China
3S9G,36.02,103.87,318,CHN,China
3S9M,38.5,106.25,318,CHN,China
3S9S,36.57,101.67,318,CHN,China
3T0A,43.75,87.75,318,CHN,China
3T0G,29.42,90.97,318,CHN,China
3T1,39.93,116.4,318,CHN,China
3T2A,45.8,126.67,318,CHN,China
3T2I,43.95,125.28,318,CHN,China
3T2Q,41.8,123.45,318,CHN,China
3T3A,39.13,117.17,318,CHN,China
3T3G,40.87,111.67,318,CHN,China
3T3M,38.03,114.47,318,CHN,China
3T3S,37.87,112.55,318,CHN,China
3T4A,31.25,121.43,318,CHN,China
3T4I,36.63,117.02,318,CHN,China
3T4Q,32.03,118.78,318,CHN,China
3T5A,30.3,120.18,318,CHN,China
3T5I,30.72,106.03,318,CHN,China
3T5Q,26.08,119.27,318,CHN,China
3T6A,31.87,117.3,318,CHN,China
3T6I,34.75,113.57,318,CHN,China
3T6Q,30.52,114.3,318,CHN,China
3T7A,28.2,113.0,318,CHN,China
3T7I,23.08,113.17,318,CHN,China
3T7Q,22.8,108.33,318,CHN,China
3T7Y,20.02,110.27,318,CHN,China
3T8A,30.63,104.03,318,CHN,China
3T8G,29.58,106.42,318,CHN,China
3T8M,26.53,106.67,318,CHN,China
3T8S,25.02,102.68,318,CHN,China
3T9A,34.25,109.0,318,CHN,China
3T9G,36.02,103.87,318,CHN,China
3T9M,38.5,106.25,318,CHN,China
3T9S,36.57,101.67,318,CHN,China
3U0A,43.75,87.75,318,CHN,China
3U0G,29.42,90.97,318,CHN,China
3U1,39.93,116.4,318,CHN,China
3U2A,45.8,126.67,318,CHN,China
3U2I,43.95,125.28,318,CHN,China
3U2Q,41.8,123.45,318,CHN,China
3U3A,39.13,117.17,318,CHN,China
3U3G,40.87,111.67,318,CHN,China
3U3M,38.03,114.47,318,CHN,China
3U3S,37.87,112.55,318,CHN,China
3U4A,31.25,121.43,318,CHN,China
3U4I,36.63,117.02,318,CHN,China
3U4Q,32.03,118.78,318,CHN,China
3U5A,30.3,120.18,318,CHN,China
3U5I,30.72,106.03,318,CHN,China
3U5Q,26.08,119.27,318,CHN,China
3U6A,31.87,117.3,318,CHN,China
3U6I,34.75,113.57,318,CHN,China
3U6Q,30.52,114.3,318,CHN,China
3U7A,28.2,113.0,318,CHN,China
3U7I,23.08,113.17,318,CHN,China
3U7Q,22.8,108.33,318,CHN,China
3U7Y,20.02,110.27,318,CHN,China
3U8A,30.63,104.03,318,CHN,China
3U8G,29.58,106.42,318,CHN,China
3U8M,26.53,106.67,318,CHN,China
3U8S,25.02,102.68,318,CHN,China
3U9A,34.25,109.0,318,CHN,China
3U9G,36.02,103.87,318,CHN,China
3U9M,38.5,106.25,318,CHN,China
3U9S,36.57,101.67,318,CHN,China
3V,35.4,9.32,474,TUN,Tunisia
3W,15.8,107.9,293,VNM,Viet Nam
3X,11.0,-10.68,107,GIN,Guinea
3Y,-77.5,-34.2,13,ATA,Antarctica
3Y0J,-54.42,3.38,24,BVT,Bouvet
3Y0X,-68.77,-90.58,199,NOR,Peter 1 I.
3Z,52.28,18.67,269,POL,Poland
3Z1,53.42,14.53,269,POL,Poland
3Z2,54.45,17.33,269,POL,Poland
3Z3,53.0,15.9,269,POL,Poland
3Z4,54.17,19.42,269,POL,Poland
3Z5,52.27,21.03,269,POL,Poland
3Z6,51.08,17.0,269,POL,Poland
3Z7,53.28,15.92,269,POL,Poland
3Z8,50.07,22.0,269,POL,Poland
3Z9,50.25,18.98,269,POL,Poland
4A,21.32,-100.23,50,MEX,Mexico
4A1,19.8,-99.67,50,MEX,Mexico
4A2,26.62,-105.08,50,MEX,Mexico
4A3,17.9,-94.15,50,MEX,Mexico
4A4,18.77,-110.97,204,MEX,Revillagigedo
4B1,19.8,-99.67,50,MEX,Mexico
4B2,26.62,-105.08,50,MEX,Mexico
4B3,17.9,-94.15,50,MEX,Mexico
4B4,18.77,-110.97,204,MEX,Revillagigedo
4C1,19.8,-99.67,50,MEX,Mexico
4C2,26.62,-105.08,50,MEX,Mexico
4C3,17.9,-94.15,50,MEX,Mexico
4C4,18.77,-110.97,204,MEX,Revillagigedo
4D,13.0,122.0,375,PHL,Philippines
4D1,14.58,121.0,375,PHL,Philippines
4D2,16.42,120.57,375,PHL,Philippines
4D3,15.47,120.57,375,PHL,Philippines
4D4,13.6,123.2,375,PHL,Philippines
4D5,11.28,125.02,375,PHL,Philippines
4D6,10.75,122.97,375,PHL,Philippines
4D7,10.32,123.9,375,PHL,Philippines
4D8,6.92,122.07,375,PHL,Philippines
4D9,7.1,125.62,375,PHL,Philippines
4E1,14.58,121.0,375,PHL,Philippines
4E2,16.42,120.57,375,PHL,Philippines
4E3,15.47,120.57,375,PHL,Philippines
4E4,13.6,123.2,375,PHL,Philippines
4E5,11.28,125.02,375,PHL,Philippines
4E6,10.75,122.97,375,PHL,Philippines
4E7,10.32,123.9,375,PHL,Philippines
4E8,6.92,122.07,375,PHL,Philippines
4E9,7.1,125.62,375,PHL,Philippines
4F1,14.58,121.0,375,PHL,Philippines
4F2,16.42,120.57,375,PHL,Philippines
4F3,15.47,120.57,375,PHL,Philippines
4F4,13.6,123.2,375,PHL,Philippines
4F5,11.28,125.02,375,PHL,Philippines
4F6,10.75,122.97,375,PHL,Philippines
4F7,10.32,123.9,375,PHL,Philippines
4F8,6.92,122.07,375,PHL,Philippines
4F9,7.1,125.62,375,PHL,Philippines
4G1,14.58,121.0,375,PHL,Philippines
4G2,16.42,120.57,375,PHL,Philippines
4G3,15.47,120.57,375,PHL,Philippines
4G4,13.6,123.2,375,PHL,Philippines
4G5,11.28,125.02,375,PHL,Philippines
4G6,10.75,122.97,375,PHL,Philippines
4G7,10.32,123.9,375,PHL,Philippines
4G8,6.92,122.07,375,PHL,Philippines
4G9,7.1,125.62,375,PHL,Philippines
4H1,14.58,121.0,375,PHL,Philippines
4H2,16.42,120.57,375,PHL,Philippines
4H3,15.47,120.57,375,PHL,Philippines
4H4,13.6,123.2,375,PHL,Philippines
4H5,11.28,125.02,375,PHL,Philippines
4H6,10.75,122.97,375,PHL,Philippines
4H7,10.32,123.9,375,PHL,Philippines
4H8,6.92,122.07,375,PHL,Philippines
4H9,7.1,125.62,375,PHL,Philippines
4I1,14.58,121.0,375,PHL,Philippines
4I2,16.42,120.57,375,PHL,Philippines
4I3,15.47,120.57,375,PHL,Philippines
4I4,13.6,123.2,375,PHL,Philippines
4I5,11.28,125.02,375,PHL,Philippines
4I6,10.75,122.97,375,PHL,Philippines
4I7,10.32,123.9,375,PHL,Philippines
4I8,6.92,122.07,375,PHL,Philippines
4I9,7.1,125.62,375,PHL,Philippines
4J,40.45,47.37,18,AZE,Azerbaijan
4L,42.0,45.0,75,GEO,Georgia
4M,8.0,-66.0,148,VEN,Venezuela
4M0,15.67,-63.6,17,VEN,Aves I.
4M1,8.5,-70.55,148,VEN,Venezuela
4M2,8.5,-70.75,148,VEN,Venezuela
4M3,9.5,-69.75,148,VEN,Venezuela
4M4,10.22,-67.97,148,VEN,Venezuela
4M5,10.53,-66.92,148,VEN,Venezuela
4M6,8.1,-63.6,148,VEN,Venezuela
4M7,10.67,-63.22,148,VEN,Venezuela
4M8,8.37,-62.62,148,VEN,Venezuela
4M9,7.9,-67.47,148,VEN,Venezuela
4O,42.5,19.28,514,MNE,Montenegro
4P,7.6,80.7,315,LKA,Sri Lanka
4T,-10.0,-76.0,136,PER,Peru
4U,42.82,12.58,248,ITA,Italy
4U0ITU,46.17,6.05,117,CHE,ITU HQ (Geneva)
4U0R,47.33,13.33,206,AUT,Austria
4U1A,47.33,13.33,206,AUT,Austria
4U1ITU,46.17,6.05,117,CHE,ITU HQ (Geneva)
4U1UN,40.75,-73.97,289,USA,United Nations HQ (New York)
4U1WRC,46.17,6.05,117,CHE,ITU HQ (Geneva)
4U2U,47.33,13.33,206,AUT,Austria
4V,19.02,-72.18,78,HTI,Haiti
4W,-8.8,126.05,511,TLS,Timor-Leste
4X,31.32,34.82,336,ISR,Israel
4Y1A,47.33,13.33,206,AUT,Austria
5A,27.2,16.6,436,LBY,Libya
5B,35.0,33.0,215,CYP,Cyprus
5C,32.0,-5.0,446,MAR,Morocco
5H,-5.75,33.92,470,TZA,Tanzania
5H1,-6.13,39.32,470,TZA,Tanzania
5I1,-6.13,39.32,470,TZA,Tanzania
5J,5.0,-74.0,116,COL,Colombia
5J0,12.55,-81.72,216,COL,San Andres & Providencia
5J1,10.4,-75.5,116,COL,Colombia
5J2,10.52,-73.27,116,COL,Colombia
5J3,4.7,-74.13,116,COL,Colombia
5J4,6.25,-75.6,116,COL,Colombia
5J5,3.9,-77.02,116,COL,Colombia
5J6,4.77,-75.77,116,COL,Colombia
5J7,7.12,-73.17,116,COL,Colombia
5J8,1.2,-77.27,116,COL,Colombia
5J9,7.07,-73.1,116,COL,Colombia
5K0,12.55,-81.72,216,COL,San Andres & Providencia
5K1,10.4,-75.5,116,COL,Colombia
5K2,10.52,-73.27,116,COL,Colombia
5K3,4.7,-74.13,116,COL,Colombia
5K4,6.25,-75.6,116,COL,Colombia
5K5,3.9,-77.02,116,COL,Colombia
5K6,4.77,-75.77,116,COL,Colombia
5K7,7.12,-73.17,116,COL,Colombia
5K8,1.2,-77.27,116,COL,Colombia
5K9,7.07,-73.1,116,COL,Colombia
5L,6.5,-9.5,434,LBR,Liberia
5N,9.87,7.55,450,NGA,Nigeria
5P,56.0,10.0,221,DNK,Denmark
5R,-19.0,46.58,438,MDG,Madagascar
5T,20.6,-10.5,444,MRT,Mauritania
5U,17.63,9.43,187,NER,Niger
5V,8.4,1.28,483,TGO,Togo
5W,-13.93,-171.7,190,WSM,Samoa
5X,1.92,32.6,286,UGA,Uganda
5Y,0.32,38.15,430,KEN,Kenya
6A,26.28,28.6,478,EGY,Egypt
6C,35.38,38.2,384,SYR,Syria
6D,21.32,-100.23,50,MEX,Mexico
6D1,19.8,-99.67,50,MEX,Mexico
6D2,26.62,-105.08,50,MEX,Mexico
6D3,17.9,-94.15,50,MEX,Mexico
6D4,18.77,-110.97,204,MEX,Revillagigedo
6E1,19.8,-99.67,50,MEX,Mexico
6E2,26.62,-105.08,50,MEX,Mexico
6E3,17.9,-94.15,50,MEX,Mexico
6E4,18.77,-110.97,204,MEX,Revillagigedo
6F4,18.77,-110.97,204,MEX,Revillagigedo
6G1,19.8,-99.67,50,MEX,Mexico
6G2,26.62,-105.08,50,MEX,Mexico
6G3,17.9,-94.15,50,MEX,Mexico
6G4,18.77,-110.97,204,MEX,Revillagigedo
6H1,19.8,-99.67,50,MEX,Mexico
6H2,26.62,-105.08,50,MEX,Mexico
6H3,17.9,-94.15,50,MEX,Mexico
6H4,18.77,-110.97,204,MEX,Revillagigedo
6I1,19.8,-99.67,50,MEX,Mexico
6I2,26.62,-105.08,50,MEX,Mexico
6I3,17.9,-94.15,50,MEX,Mexico
6I4,18.77,-110.97,204,MEX,Revillagigedo
6J1,19.8,-99.67,50,MEX,Mexico
6J2,26.62,-105.08,50,MEX,Mexico
6J3,17.9,-94.15,50,MEX,Mexico
6J4,18.77,-110.97,204,MEX,Revillagigedo
6K,36.23,127.9,137,KOR,Republic of Korea
6O,2.03,45.35,232,KIR,Banaba I. (Ocean I.)
6P,30.0,70.0,372,PAK,Pakistan
6T,14.47,28.62,466,SDN,Sudan
6V,15.2,-14.63,456,SEN,Senegal
6V0,13.08,-14.82,456,SEN,Senegal
6V1,14.75,-17.33,456,SEN,Senegal
6V2,12.78,-16.22,456,SEN,Senegal
6V3,14.75,-16.25,456,SEN,Senegal
6V4,16.22,-14.8,456,SEN,Senegal
6V5,13.3,-12.82,456,SEN,Senegal
6V6,14.15,-14.5,456,SEN,Senegal
6V7,14.77,-16.9,456,SEN,Senegal
6V8,15.27,-15.52,456,SEN,Senegal
6V9,14.37,-16.13,456,SEN,Senegal
6W0,13.08,-14.82,456,SEN,Senegal
6W1,14.75,-17.33,456,SEN,Senegal
6W2,12.78,-16.22,456,SEN,Senegal
6W3,14.75,-16.25,456,SEN,Senegal
6W4,16.22,-14.8,456,SEN,Senegal
6W5,13.3,-12.82,456,SEN,Senegal
6W6,14.15,-14.5,456,SEN,Senegal
6W7,14.77,-16.9,456,SEN,Senegal
6W8,15.27,-15.52,456,SEN,Senegal
6W9,14.37,-16.13,456,SEN,Senegal
6X,-19.0,46.58,438,MDG,Madagascar
6Y,18.2,-77.47,82,JAM,Jamaica
6Z,6.5,-9.5,434,LBR,Liberia
7A,-7.3,109.88,327,IDN,Indonesia
7A0,-6.2,106.8,327,IDN,Indonesia
7A1,-6.77,107.57,327,IDN,Indonesia
7A2,-7.32,110.17,327,IDN,Indonesia
7A3,-7.97,112.02,327,IDN,Indonesia
7A4,-3.07,103.5,327,IDN,Indonesia
7A5,0.75,101.75,327,IDN,Indonesia
7A6,2.97,99.77,327,IDN,Indonesia
7A7,-2.2,113.75,327,IDN,Indonesia
7A8,0.55,123.08,327,IDN,Indonesia
7A9,-2.52,140.78,327,IDN,Indonesia
7B0,-6.2,106.8,327,IDN,Indonesia
7B1,-6.77,107.57,327,IDN,Indonesia
7B2,-7.32,110.17,327,IDN,Indonesia
7B3,-7.97,112.02,327,IDN,Indonesia
7B4,-3.07,103.5,327,IDN,Indonesia
7B5,0.75,101.75,327,IDN,Indonesia
7B6,2.97,99.77,327,IDN,Indonesia
7B7,-2.2,113.75,327,IDN,Indonesia
7B8,0.55,123.08,327,IDN,Indonesia
7B9,-2.52,140.78,327,IDN,Indonesia
7C0,-6.2,106.8,327,IDN,Indonesia
7C1,-6.77,107.57,327,IDN,Indonesia
7C2,-7.32,110.17,327,IDN,Indonesia
7C3,-7.97,112.02,327,IDN,Indonesia
7C4,-3.07,103.5,327,IDN,Indonesia
7C5,0.75,101.75,327,IDN,Indonesia
7C6,2.97,99.77,327,IDN,Indonesia
7C7,-2.2,113.75,327,IDN,Indonesia
7C8,0.55,123.08,327,IDN,Indonesia
7C9,-2.52,140.78,327,IDN,Indonesia
7D0,-6.2,106.8,327,IDN,Indonesia
7D1,-6.77,107.57,327,IDN,Indonesia
7D2,-7.32,110.17,327,IDN,Indonesia
7D3,-7.97,112.02,327,IDN,Indonesia
7D4,-3.07,103.5,327,IDN,Indonesia
7D5,0.75,101.75,327,IDN,Indonesia
7D6,2.97,99.77,327,IDN,Indonesia
7D7,-2.2,113.75,327,IDN,Indonesia
7D8,0.55,123.08,327,IDN,Indonesia
7D9,-2.52,140.78,327,IDN,Indonesia
7E0,-6.2,106.8,327,IDN,Indonesia
7E1,-6.77,107.57,327,IDN,Indonesia
7E2,-7.32,110.17,327,IDN,Indonesia
7E3,-7.97,112.02,327,IDN,Indonesia
7E4,-3.07,103.5,327,IDN,Indonesia
7E5,0.75,101.75,327,IDN,Indonesia
7E6,2.97,99.77,327,IDN,Indonesia
7E7,-2.2,113.75,327,IDN,Indonesia
7E8,0.55,123.08,327,IDN,Indonesia
7E9,-2.52,140.78,327,IDN,Indonesia
7F0,-6.2,106.8,327,IDN,Indonesia
7F1,-6.77,107.57,327,IDN,Indonesia
7F2,-7.32,110.17,327,IDN,Indonesia
7F3,-7.97,112.02,327,IDN,Indonesia
7F4,-3.07,103.5,327,IDN,Indonesia
7F5,0.75,101.75,327,IDN,Indonesia
7F6,2.97,99.77,327,IDN,Indonesia
7F7,-2.2,113.75,327,IDN,Indonesia
7F8,0.55,123.08,327,IDN,Indonesia
7F9,-2.52,140.78,327,IDN,Indonesia
7G0,-6.2,106.8,327,IDN,Indonesia
7G1,-6.77,107.57,327,IDN,Indonesia
7G2,-7.32,110.17,327,IDN,Indonesia
7G3,-7.97,112.02,327,IDN,Indonesia
7G4,-3.07,103.5,327,IDN,Indonesia
7G5,0.75,101.75,327,IDN,Indonesia
7G6,2.97,99.77,327,IDN,Indonesia
7G7,-2.2,113.75,327,IDN,Indonesia
7G8,0.55,123.08,327,IDN,Indonesia
7G9,-2.52,140.78,327,IDN,Indonesia
7H0,-6.2,106.8,327,IDN,Indonesia
7H1,-6.77,107.57,327,IDN,Indonesia
7H2,-7.32,110.17,327,IDN,Indonesia
7H3,-7.97,112.02,327,IDN,Indonesia
7H4,-3.07,103.5,327,IDN,Indonesia
7H5,0.75,101.75,327,IDN,Indonesia
7H6,2.97,99.77,327,IDN,Indonesia
7H7,-2.2,113.75,327,IDN,Indonesia
7H8,0.55,123.08,327,IDN,Indonesia
7H9,-2.52,140.78,327,IDN,Indonesia
7I0,-6.2,106.8,327,IDN,Indonesia
7I1,-6.77,107.57,327,IDN,Indonesia
7I2,-7.32,110.17,327,IDN,Indonesia
7I3,-7.97,112.02,327,IDN,Indonesia
7I4,-3.07,103.5,327,IDN,Indonesia
7I5,0.75,101.75,327,IDN,Indonesia
7I6,2.97,99.77,327,IDN,Indonesia
7I7,-2.2,113.75,327,IDN,Indonesia
7I8,0.55,123.08,327,IDN,Indonesia
7I9,-2.52,140.78,327,IDN,Indonesia
7J,36.4,138.38,339,JPN,Japan
7K1,35.68,139.68,339,JPN,Japan
7K2,35.68,139.68,339,JPN,Japan
7K3,35.68,139.68,339,JPN,Japan
7K4,35.68,139.68,339,JPN,Japan
7L1,35.68,139.68,339,JPN,Japan
7L2,35.68,139.68,339,JPN,Japan
7L3,35.68,139.68,339,JPN,Japan
7L4,35.68,139.68,339,JPN,Japan
7M1,35.68,139.68,339,JPN,Japan
7M2,35.68,139.68,339,JPN,Japan
7M3,35.68,139.68,339,JPN,Japan
7M4,35.68,139.68,339,JPN,Japan
7N1,35.68,139.68,339,JPN,Japan
7N2,35.68,139.68,339,JPN,Japan
7N3,35.68,139.68,339,JPN,Japan
7N4,35.68,139.68,339,JPN,Japan
7O,15.65,48.12,492,YEM,Yemen
7P,-29.22,27.88,432,LSO,Lesotho
7Q,-14.0,34.0,440,MWI,Malawi
7R,28.0,2.0,400,DZA,Algeria
7S,58.9,15.33,284,SWE,Sweden
7S0,59.33,18.17,284,SWE,Sweden
7S1,57.5,18.52,284,SWE,Sweden
7S2,65.68,18.4,284,SWE,Sweden
7S3,62.0,16.28,284,SWE,Sweden
7S4,59.78,14.72,284,SWE,Sweden
7S5,59.15,16.47,284,SWE,Sweden
7S6,57.97,11.9,284,SWE,Sweden
7S7,56.43,14.0,284,SWE,Sweden
7Z,24.2,43.83,378,SAU,Saudi Arabia
8A,-7.3,109.88,327,IDN,Indonesia
8A0,-6.2,106.8,327,IDN,Indonesia
8A1,-6.77,107.57,327,IDN,Indonesia
8A2,-7.32,110.17,327,IDN,Indonesia
8A3,-7.97,112.02,327,IDN,Indonesia
8A4,-3.07,103.5,327,IDN,Indonesia
8A5,0.75,101.75,327,IDN,Indonesia
8A6,2.97,99.77,327,IDN,Indonesia
8A7,-2.2,113.75,327,IDN,Indonesia
8A8,0.55,123.08,327,IDN,Indonesia
8A9,-2.52,140.78,327,IDN,Indonesia
8B0,-6.2,106.8,327,IDN,Indonesia
8B1,-6.77,107.57,327,IDN,Indonesia
8B2,-7.32,110.17,327,IDN,Indonesia
8B3,-7.97,112.02,327,IDN,Indonesia
8B4,-3.07,103.5,327,IDN,Indonesia
8B5,0.75,101.75,327,IDN,Indonesia
8B6,2.97,99.77,327,IDN,Indonesia
8B7,-2.2,113.75,327,IDN,Indonesia
8B8,0.55,123.08,327,IDN,Indonesia
8B9,-2.52,140.78,327,IDN,Indonesia
8C0,-6.2,106.8,327,IDN,Indonesia
8C1,-6.77,107.57,327,IDN,Indonesia
8C2,-7.32,110.17,327,IDN,Indonesia
8C3,-7.97,112.02,327,IDN,Indonesia
8C4,-3.07,103.5,327,IDN,Indonesia
8C5,0.75,101.75,327,IDN,Indonesia
8C6,2.97,99.77,327,IDN,Indonesia
8C7,-2.2,113.75,327,IDN,Indonesia
8C8,0.55,123.08,327,IDN,Indonesia
8C9,-2.52,140.78,327,IDN,Indonesia
8D0,-6.2,106.8,327,IDN,Indonesia
8D1,-6.77,107.57,327,IDN,Indonesia
8D2,-7.32,110.17,327,IDN,Indonesia
8D3,-7.97,112.02,327,IDN,Indonesia
8D4,-3.07,103.5,327,IDN,Indonesia
8D5,0.75,101.75,327,IDN,Indonesia
8D6,2.97,99.77,327,IDN,Indonesia
8D7,-2.2,113.75,327,IDN,Indonesia
8D8,0.55,123.08,327,IDN,Indonesia
8D9,-2.52,140.78,327,IDN,Indonesia
8E0,-6.2,106.8,327,IDN,Indonesia
8E1,-6.77,107.57,327,IDN,Indonesia
8E2,-7.32,110.17,327,IDN,Indonesia
8E3,-7.97,112.02,327,IDN,Indonesia
8E4,-3.07,103.5,327,IDN,Indonesia
8E5,0.75,101.75,327,IDN,Indonesia
8E6,2.97,99.77,327,IDN,Indonesia
8E7,-2.2,113.75,327,IDN,Indonesia
8E8,0.55,123.08,327,IDN,Indonesia
8E9,-2.52,140.78,327,IDN,Indonesia
8F0,-6.2,106.8,327,IDN,Indonesia
8F1,-6.77,107.57,327,IDN,Indonesia
8F2,-7.32,110.17,327,IDN,Indonesia
8F3,-7.97,112.02,327,IDN,Indonesia
8F4,-3.07,103.5,327,IDN,Indonesia
8F5,0.75,101.75,327,IDN,Indonesia
8F6,2.97,99.77,327,IDN,Indonesia
8F7,-2.2,113.75,327,IDN,Indonesia
8F8,0.55,123.08,327,IDN,Indonesia
8F9,-2.52,140.78,327,IDN,Indonesia
8G0,-6.2,106.8,327,IDN,Indonesia
8G1,-6.77,107.57,327,IDN,Indonesia
8G2,-7.32,110.17,327,IDN,Indonesia
8G3,-7.97,112.02,327,IDN,Indonesia
8G4,-3.07,103.5,327,IDN,Indonesia
8G5,0.75,101.75,327,IDN,Indonesia
8G6,2.97,99.77,327,IDN,Indonesia
8G7,-2.2,113.75,327,IDN,Indonesia
8G8,0.55,123.08,327,IDN,Indonesia
8G9,-2.52,140.78,327,IDN,Indonesia
8H0,-6.2,106.8,327,IDN,Indonesia
8H1,-6.77,107.57,327,IDN,Indonesia
8H2,-7.32,110.17,327,IDN,Indonesia
8H3,-7.97,112.02,327,IDN,Indonesia
8H4,-3.07,103.5,327,IDN,Indonesia
8H5,0.75,101.75,327,IDN,Indonesia
8H6,2.97,99.77,327,IDN,Indonesia
8H7,-2.2,113.75,327,IDN,Indonesia
8H8,0.55,123.08,327,IDN,Indonesia
8H9,-2.52,140.78,327,IDN,Indonesia
8I0,-6.2,106.8,327,IDN,Indonesia
8I1,-6.77,107.57,327,IDN,Indonesia
8I2,-7.32,110.17,327,IDN,Indonesia
8I3,-7.97,112.02,327,IDN,Indonesia
8I4,-3.07,103.5,327,IDN,Indonesia
8I5,0.75,101.75,327,IDN,Indonesia
8I6,2.97,99.77,327,IDN,Indonesia
8I7,-2.2,113.75,327,IDN,Indonesia
8I8,0.55,123.08,327,IDN,Indonesia
8I9,-2.52,140.78,327,IDN,Indonesia
8J,36.4,138.38,339,JPN,Japan
8J0,36.65,138.18,339,JPN,Japan
8J1,35.68,139.68,339,JPN,Japan
8J2,35.18,136.9,339,JPN,Japan
8J3,35.02,135.77,339,JPN,Japan
8J4,33.57,133.53,339,JPN,Japan
8J5,33.57,133.53,339,JPN,Japan
8J6,33.58,130.53,339,JPN,Japan
8J7,40.82,140.73,339,JPN,Japan
8J8,41.77,140.73,339,JPN,Japan
8J9,36.07,136.22,339,JPN,Japan
8N0,36.65,138.18,339,JPN,Japan
8N1,35.68,139.68,339,JPN,Japan
8N2,35.18,136.9,339,JPN,Japan
8N3,35.02,135.77,339,JPN,Japan
8N4,33.57,133.53,339,JPN,Japan
8N5,33.57,133.53,339,JPN,Japan
8N6,33.58,130.53,339,JPN,Japan
8N7,40.82,140.73,339,JPN,Japan
8N8,41.77,140.73,339,JPN,Japan
8N9,36.07,136.22,339,JPN,Japan
8O,-22.0,24.0,402,BWA,Botswana
8P,13.18,-59.53,62,BRB,Barbados
8Q,4.15,73.45,159,MDV,Maldives
8R,6.02,-59.45,129,GUY,Guyana
8S,58.9,15.33,284,SWE,Sweden
8S0,59.33,18.17,284,SWE,Sweden
8S1,57.5,18.52,284,SWE,Sweden
8S2,65.68,18.4,284,SWE,Sweden
8S3,62.0,16.28,284,SWE,Sweden
8S4,59.78,14.72,284,SWE,Sweden
8S5,59.15,16.47,284,SWE,Sweden
8S6,57.97,11.9,284,SWE,Sweden
8S7,56.43,14.0,284,SWE,Sweden
8T,22.5,77.58,324,IND,India
8Z,24.2,43.83,378,SAU,Saudi Arabia
9A,45.18,15.3,497,HRV,Croatia
9B,32.0,53.0,330,IRN,Iran
9E,9.0,39.0,53,ETH,Ethiopia
9G,7.7,-1.57,424,GHA,Ghana
9H,35.88,14.42,257,MLT,Malta
9I,-14.22,26.73,482,ZMB,Zambia
9K,29.38,47.38,348,KWT,Kuwait
9L,8.5,-13.25,458,SLE,Sierra Leone
9M,3.95,102.23,299,MYS,West Malaysia
9M0,9.88,114.23,247,,Spratly Is.
9M6,5.25,117.0,46,MYS,East Malaysia
9M8,2.8,113.88,46,MYS,East Malaysia
9N,27.7,85.33,369,NPL,Nepal
9O,-3.12,23.03,414,COD,Dem. Rep. of Congo
9O1,-4.33,15.25,414,COD,Dem. Rep. of Congo
9O2,-5.82,13.05,414,COD,Dem. Rep. of Congo
9O3,-5.02,18.57,414,COD,Dem. Rep. of Congo
9O4,0.05,18.47,414,COD,Dem. Rep. of Congo
9O5,0.05,25.22,414,COD,Dem. Rep. of Congo
9O6,-2.5,28.82,414,COD,Dem. Rep. of Congo
9O7,-10.97,26.77,414,COD,Dem. Rep. of Congo
9O8,-6.17,23.65,414,COD,Dem. Rep. of Congo
9O9,-8.87,22.42,414,COD,Dem. Rep. of Congo
9P1,-4.33,15.25,414,COD,Dem. Rep. of Congo
9P2,-5.82,13.05,414,COD,Dem. Rep. of Congo
9P3,-5.02,18.57,414,COD,Dem. Rep. of Congo
9P4,0.05,18.47,414,COD,Dem. Rep. of Congo
9P5,0.05,25.22,414,COD,Dem. Rep. of Congo
9P6,-2.5,28.82,414,COD,Dem. Rep. of Congo
9P7,-10.97,26.77,414,COD,Dem. Rep. of Congo
9P8,-6.17,23.65,414,COD,Dem. Rep. of Congo
9P9,-8.87,22.42,414,COD,Dem. Rep. of Congo
9Q1,-4.33,15.25,414,COD,Dem. Rep. of Congo
9Q2,-5.82,13.05,414,COD,Dem. Rep. of Congo
9Q3,-5.02,18.57,414,COD,Dem. Rep. of Congo
9Q4,0.05,18.47,414,COD,Dem. Rep. of Congo
9Q5,0.05,25.22,414,COD,Dem. Rep. of Congo
9Q6,-2.5,28.82,414,COD,Dem. Rep. of Congo
9Q7,-10.97,26.77,414,COD,Dem. Rep. of Congo
9Q8,-6.17,23.65,414,COD,Dem. Rep. of Congo
9Q9,-8.87,22.42,414,COD,Dem. Rep. of Congo
9R1,-4.33,15.25,414,COD,Dem. Rep. of Congo
9R2,-5.82,13.05,414,COD,Dem. Rep. of Congo
9R3,-5.02,18.57,414,COD,Dem. Rep. of Congo
9R4,0.05,18.47,414,COD,Dem. Rep. of Congo
9R5,0.05,25.22,414,COD,Dem. Rep. of Congo
9R6,-2.5,28.82,414,COD,Dem. Rep. of Congo
9R7,-10.97,26.77,414,COD,Dem. Rep. of Congo
9R8,-6.17,23.65,414,COD,Dem. Rep. of Congo
9R9,-8.87,22.42,414,COD,Dem. Rep. of Congo
9S1,-4.33,15.25,414,COD,Dem. Rep. of Congo
9S2,-5.82,13.05,414,COD,Dem. Rep. of Congo
9S3,-5.02,18.57,414,COD,Dem. Rep. of Congo
9S4,0.05,18.47,414,COD,Dem. Rep. of Congo
9S5,0.05,25.22,414,COD,Dem. Rep. of Congo
9S6,-2.5,28.82,414,COD,Dem. Rep. of Congo
9S7,-10.97,26.77,414,COD,Dem. Rep. of Congo
9S8,-6.17,23.65,414,COD,Dem. Rep. of Congo
9S9,-8.87,22.42,414,COD,Dem. Rep. of Congo
9T1,-4.33,15.25,414,COD,Dem. Rep. of Congo
9T2,-5.82,13.05,414,COD,Dem. Rep. of Congo
9T3,-5.02,18.57,414,COD,Dem. Rep. of Congo
9T4,0.05,18.47,414,COD,Dem. Rep. of Congo
9T5,0.05,25.22,414,COD,Dem. Rep. of Congo
9T6,-2.5,28.82,414,COD,Dem. Rep. of Congo
9T7,-10.97,26.77,414,COD,Dem. Rep. of Congo
9T8,-6.17,23.65,414,COD,Dem. Rep. of Congo
9T9,-8.87,22.42,414,COD,Dem. Rep. of Congo
9U,-3.17,29.78,404,BDI,Burundi
9V,1.37,103.78,381,SGP,Singapore
9W6,5.25,117.0,46,MYS,East Malaysia
9W8,2.8,113.88,46,MYS,East Malaysia
9X,-1.75,29.82,454,RWA,Rwanda
9Y,10.38,-61.28,90,TTO,Trinidad & Tobago
A2,-22.0,24.0,402,BWA,Botswana
A3,-21.22,-175.13,160,TON,Tonga
A4,23.6,58.55,370,OMN,Oman
A5,27.4,90.18,306,BTN,Bhutan
A6,24.0,54.0,391,ARE,United Arab Emirates
A7,25.25,51.13,376,QAT,Qatar
A8,6.5,-9.5,434,LBR,Liberia
A9,26.03,50.53,304,BHR,Bahrain
AA,37.6,-91.87,291,USA,United States of America
AA0,41.12,-96.57,291,USA,United States of America
AA0O,27.73,-82.67,291,USA,United States of America
AA0Y,31.67,-110.33,291,USA,United States of America
AA1,42.38,-71.65,291,USA,United States of America
AA2,41.15,-74.53,291,USA,United States of America
AA2F,43.1,-89.5,291,USA,United States of America
AA2Q,40.07,-86.05,291,USA,United States of America
AA3,39.95,-76.85,291,USA,United States of America
AA3C,33.02,-96.62,291,USA,United States of America
AA4,33.12,-82.2,291,USA,United States of America
AA4Q,33.6,-111.88,291,USA,United States of America
AA4S,38.28,-84.68,291,USA,United States of America
AA4U,34.95,-86.6,291,USA,United States of America
AA5,31.85,-96.3,291,USA,United States of America
AA6,35.48,-119.35,291,USA,United States of America
AA6X,37.17,-93.32,291,USA,United States of America
AA7,41.3,-116.6,291,USA,United States of America
AA8,41.35,-83.23,291,USA,United States of America
AA8R,27.0,-82.02,291,USA,United States of America
AA9,41.55,-87.97,291,USA,United States of America
AB,37.6,-91.87,291,USA,United States of America
AB0,41.12,-96.57,291,USA,United States of America
AB1,42.38,-71.65,291,USA,United States of America
AB1U,38.4,-120.65,291,USA,United States of America
AB2,41.15,-74.53,291,USA,United States of America
AB2A,42.57,-83.0,291,USA,United States of America
AB3,39.95,-76.85,291,USA,United States of America
AB4,33.12,-82.2,291,USA,United States of America
AB4B,34.85,-87.32,291,USA,United States of America
AB5,31.85,-96.3,291,USA,United States of America
AB6,35.48,-119.35,291,USA,United States of America
AB7,41.3,-116.6,291,USA,United States of America
AB8,41.35,-83.23,291,USA,United States of America
AB9,41.55,-87.97,291,USA,United States of America
AC,37.6,-91.87,291,USA,United States of America
AC0,41.12,-96.57,291,USA,United States of America
AC1,42.38,-71.65,291,USA,United States of America
AC1W,42.67,-85.62,291,USA,United States of America
AC2,41.15,-74.53,291,USA,United States of America
AC3,39.95,-76.85,291,USA,United States of America
AC4,33.12,-82.2,291,USA,United States of America
AC4G,35.05,-86.65,291,USA,United States of America
AC5,31.85,-96.3,291,USA,United States of America
AC6,35.48,-119.35,291,USA,United States of America
AC7,41.3,-116.6,291,USA,United States of America
AC7P,29.75,-98.2,291,USA,United States of America
AC8,41.35,-83.23,291,USA,United States of America
AC8Y,38.7,-77.55,291,USA,United States of America
AC9,41.55,-87.97,291,USA,United States of America
AD,37.6,-91.87,291,USA,United States of America
AD0,41.12,-96.57,291,USA,United States of America
AD0L,33.17,-117.23,291,USA,United States of America
AD1,42.38,-71.65,291,USA,United States of America
AD1C,39.97,-104.9,291,USA,United States of America
AD2,41.15,-74.53,291,USA,United States of America
AD3,39.95,-76.85,291,USA,United States of America
AD4,33.12,-82.2,291,USA,United States of America
AD5,31.85,-96.3,291,USA,United States of America
AD6,35.48,-119.35,291,USA,United States of America
AD6V,39.6,-77.03,291,USA,United States of America
AD7,41.3,-116.6,291,USA,United States of America
AD8,41.35,-83.23,291,USA,United States of America
AD8J,35.63,-82.57,291,USA,United States of America
AD9,41.55,-87.97,291,USA,United States of America
AE,37.6,-91.87,291,USA,United States of America
AE0,41.12,-96.57,291,USA,United States of America
AE1,42.38,-71.65,291,USA,United States of America
AE2,41.15,-74.53,291,USA,United States of America
AE2V,35.8,-83.88,291,USA,United States of America
AE3,39.95,-76.85,291,USA,United States of America
AE4,33.12,-82.2,291,USA,United States of America
AE5,31.85,-96.3,291,USA,United States of America
AE6,35.48,-119.35,291,USA,United States of America
AE7,41.3,-116.6,291,USA,United States of America
AE8,41.35,-83.23,291,USA,United States of America
AE8K,39.43,-80.13,291,USA,United States of America
AE9,41.55,-87.97,291,USA,United States of America
AF,37.6,-91.87,291,USA,United States of America
AF0,41.12,-96.57,291,USA,United States of America
AF1,42.38,-71.65,291,USA,United States of America
AF2,41.15,-74.53,291,USA,United States of America
AF3,39.95,-76.85,291,USA,United States of America
AF4,33.12,-82.2,291,USA,United States of America
AF4T,36.33,-82.33,291,USA,United States of America
AF5,31.85,-96.3,291,USA,United States of America
AF6,35.48,-119.35,291,USA,United States of America
AF6G,35.77,-78.2,291,USA,United States of America
AF7,41.3,-116.6,291,USA,United States of America
AF8,41.35,-83.23,291,USA,United States of America
AF9,41.55,-87.97,291,USA,United States of America
AF9W,32.47,-110.9,291,USA,United States of America
AG,37.6,-91.87,291,USA,United States of America
AG0,41.12,-96.57,291,USA,United States of America
AG1,42.38,-71.65,291,USA,United States of America
AG2,41.15,-74.53,291,USA,United States of America
AG3,39.95,-76.85,291,USA,United States of America
AG4,33.12,-82.2,291,USA,United States of America
AG4H,33.3,-87.45,291,USA,United States of America
AG4P,35.87,-83.48,291,USA,United States of America
AG4V,35.1,-89.95,291,USA,United States of America
AG4W,34.78,-86.55,291,USA,United States of America
AG5,31.85,-96.3,291,USA,United States of America
AG5B,32.3,-89.97,291,USA,United States of America
AG6,35.48,-119.35,291,USA,United States of America
AG7,41.3,-116.6,291,USA,United States of America
AG8,41.35,-83.23,291,USA,United States of America
AG9,41.55,-87.97,291,USA,United States of America
AG9G,45.7,-90.4,291,USA,United States of America
AH0,15.18,145.72,166,MNP,Mariana Is.
AH0U,38.0,-121.92,291,USA,United States of America
AH1,0.0,-176.0,20,UMI,Baker & Howland Is.
AH2,13.37,144.7,103,GUM,Guam
AH2O,40.82,-73.5,291,USA,United States of America
AH2S,40.52,-112.03,291,USA,United States of America
AH2U,15.18,145.72,166,MNP,Mariana Is.
AH3,16.72,-169.53,123,UMI,Johnston I.
AH4,28.2,-177.37,174,UMI,Midway I.
AH5,5.87,-162.07,197,UMI,Palmyra & Jarvis Is.
AH6,21.12,-157.48,110,USA,Hawaii
AH7,21.12,-157.48,110,USA,Hawaii
AH7K,29.0,-178.0,138,UMI,Kure I.
AH8,-14.32,-170.78,9,ASM,American Samoa
AH9,19.28,166.63,297,UMI,Wake I.
AI,37.6,-91.87,291,USA,United States of America
AI0,41.12,-96.57,291,USA,United States of America
AI1,42.38,-71.65,291,USA,United States of America
AI2,41.15,-74.53,291,USA,United States of America
AI3,39.95,-76.85,291,USA,United States of America
AI4,33.12,-82.2,291,USA,United States of America
AI4B,34.5,-87.22,291,USA,United States of America
AI5,31.85,-96.3,291,USA,United States of America
AI6,35.48,-119.35,291,USA,United States of America
AI6O,39.03,-94.22,291,USA,United States of America
AI7,41.3,-116.6,291,USA,United States of America
AI8,41.35,-83.23,291,USA,United States of America
AI8L,29.2,-96.27,291,USA,United States of America
AI8O,35.82,-80.27,291,USA,United States of America
AI8Z,37.35,-108.58,291,USA,United States of America
AI9,41.55,-87.97,291,USA,United States of America
AI9K,38.43,-90.2,291,USA,United States of America
AJ,37.6,-91.87,291,USA,United States of America
AJ0,41.12,-96.57,291,USA,United States of America
AJ1,42.38,-71.65,291,USA,United States of America
AJ2,41.15,-74.53,291,USA,United States of America
AJ3,39.95,-76.85,291,USA,United States of America
AJ4,33.12,-82.2,291,USA,United States of America
AJ4A,37.75,-84.3,291,USA,United States of America
AJ4F,29.52,-95.03,291,USA,United States of America
AJ5,31.85,-96.3,291,USA,United States of America
AJ6,35.48,-119.35,291,USA,United States of America
AJ6T,36.58,-87.42,291,USA,United States of America
AJ7,41.3,-116.6,291,USA,United States of America
AJ8,41.35,-83.23,291,USA,United States of America
AJ9,41.55,-87.97,291,USA,United States of America
AK,37.6,-91.87,291,USA,United States of America
AK0,41.12,-96.57,291,USA,United States of America
AK1,42.38,-71.65,291,USA,United States of America
AK2,41.15,-74.53,291,USA,United States of America
AK3,39.95,-76.85,291,USA,United States of America
AK4,33.12,-82.2,291,USA,United States of America
AK4R,35.22,-87.03,291,USA,United States of America
AK4Z,35.88,-84.17,291,USA,United States of America
AK5,31.85,-96.3,291,USA,United States of America
AK6,35.48,-119.35,291,USA,United States of America
AK7,41.3,-116.6,291,USA,United States of America
AK8,41.35,-83.23,291,USA,United States of America
AK9,41.55,-87.97,291,USA,United States of America
AK9B,31.67,-106.13,291,USA,United States of America
AK9D,46.38,-124.05,291,USA,United States of America
AL,61.4,-148.87,6,USA,Alaska
AL4U,35.28,-79.43,291,USA,United States of America
AL5M,29.97,-98.22,291,USA,United States of America
AL5P,32.75,-97.95,291,USA,United States of America
AL7T,45.97,-95.32,291,USA,United States of America
AM,40.32,-3.43,281,ESP,Spain
AM1,42.57,-6.17,281,ESP,Spain
AM2,42.6,-1.93,281,ESP,Spain
AM3,41.68,1.9,281,ESP,Spain
AM4,40.18,-3.93,281,ESP,Spain
AM5,38.87,-0.97,281,ESP,Spain
AM6,39.6,2.95,21,ESP,Balearic Is.
AM7,37.25,-4.68,281,ESP,Spain
AM8,28.32,-15.85,29,ESP,Canary Is.
AM9,35.9,-5.27,32,ESP,Ceuta & Melilla
AN,40.32,-3.43,281,ESP,Spain
AN1,42.57,-6.17,281,ESP,Spain
AN2,42.6,-1.93,281,ESP,Spain
AN3,41.68,1.9,281,ESP,Spain
AN4,40.18,-3.93,281,ESP,Spain
AN5,38.87,-0.97,281,ESP,Spain
AN6,39.6,2.95,21,ESP,Balearic Is.
AN7,37.25,-4.68,281,ESP,Spain
AN8,28.32,-15.85,29,ESP,Canary Is.
AN9,35.9,-5.27,32,ESP,Ceuta & Melilla
AO,40.32,-3.43,281,ESP,Spain
AO1,42.57,-6.17,281,ESP,Spain
AO2,42.6,-1.93,281,ESP,Spain
AO3,41.68,1.9,281,ESP,Spain
AO4,40.18,-3.93,281,ESP,Spain
AO5,38.87,-0.97,281,ESP,Spain
AO6,39.6,2.95,21,ESP,Balearic Is.
AO7,37.25,-4.68,281,ESP,Spain
AO8,28.32,-15.85,29,ESP,Canary Is.
AO9,35.9,-5.27,32,ESP,Ceuta & Melilla
AP,30.0,70.0,372,PAK,Pakistan
AQ,30.0,70.0,372,PAK,Pakistan
AR,30.0,70.0,372,PAK,Pakistan
AS,30.0,70.0,372,PAK,Pakistan
AT,22.5,77.58,324,IND,India
AT44I,-69.4,76.18,13,ATA,Antarctica
AU,22.5,77.58,324,IND,India
AV,22.5,77.58,324,IND,India
AW,22.5,77.58,324,IND,India
AX,-23.7,132.33,150,AUS,Australia
AX0,-67.6,62.87,13,ATA,Antarctica
AX1,-35.5,149.0,150,AUS,Australia
AX2,-34.0,151.0,150,AUS,Australia
AX3,-38.0,145.0,150,AUS,Australia
AX4,-27.5,153.0,150,AUS,Australia
AX5,-34.9,138.6,150,AUS,Australia
AX6,-32.0,115.9,150,AUS,Australia
AX7,-42.9,147.3,150,AUS,Australia
AX8,-12.5,130.9,150,AUS,Australia
AX9,-29.03,167.93,189,NFK,Norfolk I.
AX9C,-12.15,96.82,38,CCK,Cocos (Keeling) Is.
AX9M,-17.4,155.85,171,AUS,Mellish Reef
AX9W,-16.22,150.02,303,AUS,Willis I.
AX9X,-10.48,105.63,35,CXR,Christmas I.
AY,-32.5,-62.13,100,ARG,Argentina
AY0A,-34.6,-58.38,100,ARG,Argentina
AY0D,-33.7,-61.0,100,ARG,Argentina
AY0F,-33.72,-62.23,100,ARG,Argentina
AY0G,-26.95,-58.72,100,ARG,Argentina
AY0H,-31.42,-64.18,100,ARG,Argentina
AY0I,-26.92,-54.52,100,ARG,Argentina
AY0J,-32.05,-60.28,100,ARG,Argentina
AY0K,-26.93,-65.33,100,ARG,Argentina
AY0L,-28.67,-57.63,100,ARG,Argentina
AY0M,-32.88,-68.85,100,ARG,Argentina
AY0N,-27.78,-64.27,100,ARG,Argentina
AY0O,-24.78,-65.42,100,ARG,Argentina
AY0P,-30.87,-68.98,100,ARG,Argentina
AY0Q,-33.3,-66.35,100,ARG,Argentina
AY0R,-28.43,-65.78,100,ARG,Argentina
AY0S,-29.43,-66.85,100,ARG,Argentina
AY0T,-23.75,-65.5,100,ARG,Argentina
AY0U,-36.62,-64.28,100,ARG,Argentina
AY0V,-40.8,-63.0,100,ARG,Argentina
AY0W,-43.3,-65.1,100,ARG,Argentina
AY0X,-50.43,-69.25,100,ARG,Argentina
AY0Y,-38.95,-68.07,100,ARG,Argentina
AY1A,-34.6,-58.38,100,ARG,Argentina
AY1D,-33.7,-61.0,100,ARG,Argentina
AY1F,-33.72,-62.23,100,ARG,Argentina
AY1G,-26.95,-58.72,100,ARG,Argentina
AY1H,-31.42,-64.18,100,ARG,Argentina
AY1I,-26.92,-54.52,100,ARG,Argentina
AY1J,-32.05,-60.28,100,ARG,Argentina
AY1K,-26.93,-65.33,100,ARG,Argentina
AY1L,-28.67,-57.63,100,ARG,Argentina
AY1M,-32.88,-68.85,100,ARG,Argentina
AY1N,-27.78,-64.27,100,ARG,Argentina
AY1O,-24.78,-65.42,100,ARG,Argentina
AY1P,-30.87,-68.98,100,ARG,Argentina
AY1Q,-33.3,-66.35,100,ARG,Argentina
AY1R,-28.43,-65.78,100,ARG,Argentina
AY1S,-29.43,-66.85,100,ARG,Argentina
AY1T,-23.75,-65.5,100,ARG,Argentina
AY1U,-36.62,-64.28,100,ARG,Argentina
AY1V,-40.8,-63.0,100,ARG,Argentina
AY1W,-43.3,-65.1,100,ARG,Argentina
AY1X,-50.43,-69.25,100,ARG,Argentina
AY1Y,-38.95,-68.07,100,ARG,Argentina
AY1Z,-64.97,-60.07,13,ATA,Antarctica
AY2A,-34.6,-58.38,100,ARG,Argentina
AY2D,-33.7,-61.0,100,ARG,Argentina
AY2F,-33.72,-62.23,100,ARG,Argentina
AY2G,-26.95,-58.72,100,ARG,Argentina
AY2H,-31.42,-64.18,100,ARG,Argentina
AY2I,-26.92,-54.52,100,ARG,Argentina
AY2J,-32.05,-60.28,100,ARG,Argentina
AY2K,-26.93,-65.33,100,ARG,Argentina
AY2L,-28.67,-57.63,100,ARG,Argentina
AY2M,-32.88,-68.85,100,ARG,Argentina
AY2N,-27.78,-64.27,100,ARG,Argentina
AY2O,-24.78,-65.42,100,ARG,Argentina
AY2P,-30.87,-68.98,100,ARG,Argentina
AY2Q,-33.3,-66.35,100,ARG,Argentina
AY2R,-28.43,-65.78,100,ARG,Argentina
AY2S,-29.43,-66.85,100,ARG,Argentina
AY2T,-23.75,-65.5,100,ARG,Argentina
AY2U,-36.62,-64.28,100,ARG,Argentina
AY2V,-40.8,-63.0,100,ARG,Argentina
AY2W,-43.3,-65.1,100,ARG,Argentina
AY2X,-50.43,-69.25,100,ARG,Argentina
AY2Y,-38.95,-68.07,100,ARG,Argentina
AY2Z,-64.97,-60.07,13,ATA,Antarctica
AY3A,-34.6,-58.38,100,ARG,Argentina
AY3D,-33.7,-61.0,100,ARG,Argentina
AY3F,-33.72,-62.23,100,ARG,Argentina
AY3G,-26.95,-58.72,100,ARG,Argentina
AY3H,-31.42,-64.18,100,ARG,Argentina
AY3I,-26.92,-54.52,100,ARG,Argentina
AY3J,-32.05,-60.28,100,ARG,Argentina
AY3K,-26.93,-65.33,100,ARG,Argentina
AY3L,-28.67,-57.63,100,ARG,Argentina
AY3M,-32.88,-68.85,100,ARG,Argentina
AY3N,-27.78,-64.27,100,ARG,Argentina
AY3O,-24.78,-65.42,100,ARG,Argentina
AY3P,-30.87,-68.98,100,ARG,Argentina
AY3Q,-33.3,-66.35,100,ARG,Argentina
AY3R,-28.43,-65.78,100,ARG,Argentina
AY3S,-29.43,-66.85,100,ARG,Argentina
AY3T,-23.75,-65.5,100,ARG,Argentina
AY3U,-36.62,-64.28,100,ARG,Argentina
AY3V,-40.8,-63.0,100,ARG,Argentina
AY3W,-43.3,-65.1,100,ARG,Argentina
AY3X,-50.43,-69.25,100,ARG,Argentina
AY3Y,-38.95,-68.07,100,ARG,Argentina
AY3Z,-64.97,-60.07,13,ATA,Antarctica
AY4A,-34.6,-58.38,100,ARG,Argentina
AY4D,-33.7,-61.0,100,ARG,Argentina
AY4F,-33.72,-62.23,100,ARG,Argentina
AY4G,-26.95,-58.72,100,ARG,Argentina
AY4H,-31.42,-64.18,100,ARG,Argentina
AY4I,-26.92,-54.52,100,ARG,Argentina
AY4J,-32.05,-60.28,100,ARG,Argentina
AY4K,-26.93,-65.33,100,ARG,Argentina
AY4L,-28.67,-57.63,100,ARG,Argentina
AY4M,-32.88,-68.85,100,ARG,Argentina
AY4N,-27.78,-64.27,100,ARG,Argentina
AY4O,-24.78,-65.42,100,ARG,Argentina
AY4P,-30.87,-68.98,100,ARG,Argentina
AY4Q,-33.3,-66.35,100,ARG,Argentina
AY4R,-28.43,-65.78,100,ARG,Argentina
AY4S,-29.43,-66.85,100,ARG,Argentina
AY4T,-23.75,-65.5,100,ARG,Argentina
AY4U,-36.62,-64.28,100,ARG,Argentina
AY4V,-40.8,-63.0,100,ARG,Argentina
AY4W,-43.3,-65.1,100,ARG,Argentina
AY4X,-50.43,-69.25,100,ARG,Argentina
AY4Y,-38.95,-68.07,100,ARG,Argentina
AY4Z,-64.97,-60.07,13,ATA,Antarctica
AY5A,-34.6,-58.38,100,ARG,Argentina
AY5D,-33.7,-61.0,100,ARG,Argentina
AY5F,-33.72,-62.23,100,ARG,Argentina
AY5G,-26.95,-58.72,100,ARG,Argentina
AY5H,-31.42,-64.18,100,ARG,Argentina
AY5I,-26.92,-54.52,100,ARG,Argentina
AY5J,-32.05,-60.28,100,ARG,Argentina
AY5K,-26.93,-65.33,100,ARG,Argentina
AY5L,-28.67,-57.63,100,ARG,Argentina
AY5M,-32.88,-68.85,100,ARG,Argentina
AY5N,-27.78,-64.27,100,ARG,Argentina
AY5O,-24.78,-65.42,100,ARG,Argentina
AY5P,-30.87,-68.98,100,ARG,Argentina
AY5Q,-33.3,-66.35,100,ARG,Argentina
AY5R,-28.43,-65.78,100,ARG,Argentina
AY5S,-29.43,-66.85,100,ARG,Argentina
AY5T,-23.75,-65.5,100,ARG,Argentina
AY5U,-36.62,-64.28,100,ARG,Argentina
AY5V,-40.8,-63.0,100,ARG,Argentina
AY5W,-43.3,-65.1,100,ARG,Argentina
AY5X,-50.43,-69.25,100,ARG,Argentina
AY5Y,-38.95,-68.07,100,ARG,Argentina
AY5Z,-64.97,-60.07,13,ATA,Antarctica
AY6A,-34.6,-58.38,100,ARG,Argentina
AY6D,-33.7,-61.0,100,ARG,Argentina
AY6F,-33.72,-62.23,100,ARG,Argentina
AY6G,-26.95,-58.72,100,ARG,Argentina
AY6H,-31.42,-64.18,100,ARG,Argentina
AY6I,-26.92,-54.52,100,ARG,Argentina
AY6J,-32.05,-60.28,100,ARG,Argentina
AY6K,-26.93,-65.33,100,ARG,Argentina
AY6L,-28.67,-57.63,100,ARG,Argentina
AY6M,-32.88,-68.85,100,ARG,Argentina
AY6N,-27.78,-64.27,100,ARG,Argentina
AY6O,-24.78,-65.42,100,ARG,Argentina
AY6P,-30.87,-68.98,100,ARG,Argentina
AY6Q,-33.3,-66.35,100,ARG,Argentina
AY6R,-28.43,-65.78,100,ARG,Argentina
AY6S,-29.43,-66.85,100,ARG,Argentina
AY6T,-23.75,-65.5,100,ARG,Argentina
AY6U,-36.62,-64.28,100,ARG,Argentina
AY6V,-40.8,-63.0,100,ARG,Argentina
AY6W,-43.3,-65.1,100,ARG,Argentina
AY6X,-50.43,-69.25,100,ARG,Argentina
AY6Y,-38.95,-68.07,100,ARG,Argentina
AY6Z,-64.97,-60.07,13,ATA,Antarctica
AY7A,-34.6,-58.38,100,ARG,Argentina
AY7D,-33.7,-61.0,100,ARG,Argentina
AY7F,-33.72,-62.23,100,ARG,Argentina
AY7G,-26.95,-58.72,100,ARG,Argentina
AY7H,-31.42,-64.18,100,ARG,Argentina
AY7I,-26.92,-54.52,100,ARG,Argentina
AY7J,-32.05,-60.28,100,ARG,Argentina
AY7K,-26.93,-65.33,100,ARG,Argentina
AY7L,-28.67,-57.63,100,ARG,Argentina
AY7M,-32.88,-68.85,100,ARG,Argentina
AY7N,-27.78,-64.27,100,ARG,Argentina
AY7O,-24.78,-65.42,100,ARG,Argentina
AY7P,-30.87,-68.98,100,ARG,Argentina
AY7Q,-33.3,-66.35,100,ARG,Argentina
AY7R,-28.43,-65.78,100,ARG,Argentina
AY7S,-29.43,-66.85,100,ARG,Argentina
AY7T,-23.75,-65.5,100,ARG,Argentina
AY7U,-36.62,-64.28,100,ARG,Argentina
AY7V,-40.8,-63.0,100,ARG,Argentina
AY7W,-43.3,-65.1,100,ARG,Argentina
AY7X,-50.43,-69.25,100,ARG,Argentina
AY7Y,-38.95,-68.07,100,ARG,Argentina
AY7Z,-64.97,-60.07,13,ATA,Antarctica
AY8A,-34.6,-58.38,100,ARG,Argentina
AY8D,-33.7,-61.0,100,ARG,Argentina
AY8F,-33.72,-62.23,100,ARG,Argentina
AY8G,-26.95,-58.72,100,ARG,Argentina
AY8H,-31.42,-64.18,100,ARG,Argentina
AY8I,-26.92,-54.52,100,ARG,Argentina
AY8J,-32.05,-60.28,100,ARG,Argentina
AY8K,-26.93,-65.33,100,ARG,Argentina
AY8L,-28.67,-57.63,100,ARG,Argentina
AY8M,-32.88,-68.85,100,ARG,Argentina
AY8N,-27.78,-64.27,100,ARG,Argentina
AY8O,-24.78,-65.42,100,ARG,Argentina
AY8P,-30.87,-68.98,100,ARG,Argentina
AY8Q,-33.3,-66.35,100,ARG,Argentina
AY8R,-28.43,-65.78,100,ARG,Argentina
AY8S,-29.43,-66.85,100,ARG,Argentina
AY8T,-23.75,-65.5,100,ARG,Argentina
AY8U,-36.62,-64.28,100,ARG,Argentina
AY8V,-40.8,-63.0,100,ARG,Argentina
AY8W,-43.3,-65.1,100,ARG,Argentina
AY8X,-50.43,-69.25,100,ARG,Argentina
AY8Y,-38.95,-68.07,100,ARG,Argentina
AY8Z,-64.97,-60.07,13,ATA,Antarctica
AY9A,-34.6,-58.38,100,ARG,Argentina
AY9D,-33.7,-61.0,100,ARG,Argentina
AY9F,-33.72,-62.23,100,ARG,Argentina
AY9G,-26.95,-58.72,100,ARG,Argentina
AY9H,-31.42,-64.18,100,ARG,Argentina
AY9I,-26.92,-54.52,100,ARG,Argentina
AY9J,-32.05,-60.28,100,ARG,Argentina
AY9K,-26.93,-65.33,100,ARG,Argentina
AY9L,-28.67,-57.63,100,ARG,Argentina
AY9M,-32.88,-68.85,100,ARG,Argentina
AY9N,-27.78,-64.27,100,ARG,Argentina
AY9O,-24.78,-65.42,100,ARG,Argentina
AY9P,-30.87,-68.98,100,ARG,Argentina
AY9Q,-33.3,-66.35,100,ARG,Argentina
AY9R,-28.43,-65.78,100,ARG,Argentina
AY9S,-29.43,-66.85,100,ARG,Argentina
AY9T,-23.75,-65.5,100,ARG,Argentina
AY9U,-36.62,-64.28,100,ARG,Argentina
AY9V,-40.8,-63.0,100,ARG,Argentina
AY9W,-43.3,-65.1,100,ARG,Argentina
AY9X,-50.43,-69.25,100,ARG,Argentina
AY9Y,-38.95,-68.07,100,ARG,Argentina
AY9Z,-64.97,-60.07,13,ATA,Antarctica
AZ,-32.5,-62.13,100,ARG,Argentina
AZ0A,-34.6,-58.38,100,ARG,Argentina
AZ0D,-33.7,-61.0,100,ARG,Argentina
AZ0F,-33.72,-62.23,100,ARG,Argentina
AZ0G,-26.95,-58.72,100,ARG,Argentina
AZ0H,-31.42,-64.18,100,ARG,Argentina
AZ0I,-26.92,-54.52,100,ARG,Argentina
AZ0J,-32.05,-60.28,100,ARG,Argentina
AZ0K,-26.93,-65.33,100,ARG,Argentina
AZ0L,-28.67,-57.63,100,ARG,Argentina
AZ0M,-32.88,-68.85,100,ARG,Argentina
AZ0N,-27.78,-64.27,100,ARG,Argentina
AZ0O,-24.78,-65.42,100,ARG,Argentina
AZ0P,-30.87,-68.98,100,ARG,Argentina
AZ0Q,-33.3,-66.35,100,ARG,Argentina
AZ0R,-28.43,-65.78,100,ARG,Argentina
AZ0S,-29.43,-66.85,100,ARG,Argentina
AZ0T,-23.75,-65.5,100,ARG,Argentina
AZ0U,-36.62,-64.28,100,ARG,Argentina
AZ0V,-40.8,-63.0,100,ARG,Argentina
AZ0W,-43.3,-65.1,100,ARG,Argentina
AZ0X,-50.43,-69.25,100,ARG,Argentina
AZ0Y,-38.95,-68.07,100,ARG,Argentina
AZ1A,-34.6,-58.38,100,ARG,Argentina
AZ1D,-33.7,-61.0,100,ARG,Argentina
AZ1F,-33.72,-62.23,100,ARG,Argentina
AZ1G,-26.95,-58.72,100,ARG,Argentina
AZ1H,-31.42,-64.18,100,ARG,Argentina
AZ1I,-26.92,-54.52,100,ARG,Argentina
AZ1J,-32.05,-60.28,100,ARG,Argentina
AZ1K,-26.93,-65.33,100,ARG,Argentina
AZ1L,-28.67,-57.63,100,ARG,Argentina
AZ1M,-32.88,-68.85,100,ARG,Argentina
AZ1N,-27.78,-64.27,100,ARG,Argentina
AZ1O,-24.78,-65.42,100,ARG,Argentina
AZ1P,-30.87,-68.98,100,ARG,Argentina
AZ1Q,-33.3,-66.35,100,ARG,Argentina
AZ1R,-28.43,-65.78,100,ARG,Argentina
AZ1S,-29.43,-66.85,100,ARG,Argentina
AZ1T,-23.75,-65.5,100,ARG,Argentina
AZ1U,-36.62,-64.28,100,ARG,Argentina
AZ1V,-40.8,-63.0,100,ARG,Argentina
AZ1W,-43.3,-65.1,100,ARG,Argentina
AZ1X,-50.43,-69.25,100,ARG,Argentina
AZ1Y,-38.95,-68.07,100,ARG,Argentina
AZ2A,-34.6,-58.38,100,ARG,Argentina
AZ2D,-33.7,-61.0,100,ARG,Argentina
AZ2F,-33.72,-62.23,100,ARG,Argentina
AZ2G,-26.95,-58.72,100,ARG,Argentina
AZ2H,-31.42,-64.18,100,ARG,Argentina
AZ2I,-26.92,-54.52,100,ARG,Argentina
AZ2J,-32.05,-60.28,100,ARG,Argentina
AZ2K,-26.93,-65.33,100,ARG,Argentina
AZ2L,-28.67,-57.63,100,ARG,Argentina
AZ2M,-32.88,-68.85,100,ARG,Argentina
AZ2N,-27.78,-64.27,100,ARG,Argentina
AZ2O,-24.78,-65.42,100,ARG,Argentina
AZ2P,-30.87,-68.98,100,ARG,Argentina
AZ2Q,-33.3,-66.35,100,ARG,Argentina
AZ2R,-28.43,-65.78,100,ARG,Argentina
AZ2S,-29.43,-66.85,100,ARG,Argentina
AZ2T,-23.75,-65.5,100,ARG,Argentina
AZ2U,-36.62,-64.28,100,ARG,Argentina
AZ2V,-40.8,-63.0,100,ARG,Argentina
AZ2W,-43.3,-65.1,100,ARG,Argentina
AZ2X,-50.43,-69.25,100,ARG,Argentina
AZ2Y,-38.95,-68.07,100,ARG,Argentina
AZ3A,-34.6,-58.38,100,ARG,Argentina
AZ3D,-33.7,-61.0,100,ARG,Argentina
AZ3F,-33.72,-62.23,100,ARG,Argentina
AZ3G,-26.95,-58.72,100,ARG,Argentina
AZ3H,-31.42,-64.18,100,ARG,Argentina
AZ3I,-26.92,-54.52,100,ARG,Argentina
AZ3J,-32.05,-60.28,100,ARG,Argentina
AZ3K,-26.93,-65.33,100,ARG,Argentina
AZ3L,-28.67,-57.63,100,ARG,Argentina
AZ3M,-32.88,-68.85,100,ARG,Argentina
AZ3N,-27.78,-64.27,100,ARG,Argentina
AZ3O,-24.78,-65.42,100,ARG,Argentina
AZ3P,-30.87,-68.98,100,ARG,Argentina
AZ3Q,-33.3,-66.35,100,ARG,Argentina
AZ3R,-28.43,-65.78,100,ARG,Argentina
AZ3S,-29.43,-66.85,100,ARG,Argentina
AZ3T,-23.75,-65.5,100,ARG,Argentina
AZ3U,-36.62,-64.28,100,ARG,Argentina
AZ3V,-40.8,-63.0,100,ARG,Argentina
AZ3W,-43.3,-65.1,100,ARG,Argentina
AZ3X,-50.43,-69.25,100,ARG,Argentina
AZ3Y,-38.95,-68.07,100,ARG,Argentina
AZ4A,-34.6,-58.38,100,ARG,Argentina
AZ4D,-33.7,-61.0,100,ARG,Argentina
AZ4F,-33.72,-62.23,100,ARG,Argentina
AZ4G,-26.95,-58.72,100,ARG,Argentina
AZ4H,-31.42,-64.18,100,ARG,Argentina
AZ4I,-26.92,-54.52,100,ARG,Argentina
AZ4J,-32.05,-60.28,100,ARG,Argentina
AZ4K,-26.93,-65.33,100,ARG,Argentina
AZ4L,-28.67,-57.63,100,ARG,Argentina
AZ4M,-32.88,-68.85,100,ARG,Argentina
AZ4N,-27.78,-64.27,100,ARG,Argentina
AZ4O,-24.78,-65.42,100,ARG,Argentina
AZ4P,-30.87,-68.98,100,ARG,Argentina
AZ4Q,-33.3,-66.35,100,ARG,Argentina
AZ4R,-28.43,-65.78,100,ARG,Argentina
AZ4S,-29.43,-66.85,100,ARG,Argentina
AZ4T,-23.75,-65.5,100,ARG,Argentina
AZ4U,-36.62,-64.28,100,ARG,Argentina
AZ4V,-40.8,-63.0,100,ARG,Argentina
AZ4W,-43.3,-65.1,100,ARG,Argentina
AZ4X,-50.43,-69.25,100,ARG,Argentina
AZ4Y,-38.95,-68.07,100,ARG,Argentina
AZ5A,-34.6,-58.38,100,ARG,Argentina
AZ5D,-33.7,-61.0,100,ARG,Argentina
AZ5F,-33.72,-62.23,100,ARG,Argentina
AZ5G,-26.95,-58.72,100,ARG,Argentina
AZ5H,-31.42,-64.18,100,ARG,Argentina
AZ5I,-26.92,-54.52,100,ARG,Argentina
AZ5J,-32.05,-60.28,100,ARG,Argentina
AZ5K,-26.93,-65.33,100,ARG,Argentina
AZ5L,-28.67,-57.63,100,ARG,Argentina
AZ5M,-32.88,-68.85,100,ARG,Argentina
AZ5N,-27.78,-64.27,100,ARG,Argentina
AZ5O,-24.78,-65.42,100,ARG,Argentina
AZ5P,-30.87,-68.98,100,ARG,Argentina
AZ5Q,-33.3,-66.35,100,ARG,Argentina
AZ5R,-28.43,-65.78,100,ARG,Argentina
AZ5S,-29.43,-66.85,100,ARG,Argentina
AZ5T,-23.75,-65.5,100,ARG,Argentina
AZ5U,-36.62,-64.28,100,ARG,Argentina
AZ5V,-40.8,-63.0,100,ARG,Argentina
AZ5W,-43.3,-65.1,100,ARG,Argentina
AZ5X,-50.43,-69.25,100,ARG,Argentina
AZ5Y,-38.95,-68.07,100,ARG,Argentina
AZ6A,-34.6,-58.38,100,ARG,Argentina
AZ6D,-33.7,-61.0,100,ARG,Argentina
AZ6F,-33.72,-62.23,100,ARG,Argentina
AZ6G,-26.95,-58.72,100,ARG,Argentina
AZ6H,-31.42,-64.18,100,ARG,Argentina
AZ6I,-26.92,-54.52,100,ARG,Argentina
AZ6J,-32.05,-60.28,100,ARG,Argentina
AZ6K,-26.93,-65.33,100,ARG,Argentina
AZ6L,-28.67,-57.63,100,ARG,Argentina
AZ6M,-32.88,-68.85,100,ARG,Argentina
AZ6N,-27.78,-64.27,100,ARG,Argentina
AZ6O,-24.78,-65.42,100,ARG,Argentina
AZ6P,-30.87,-68.98,100,ARG,Argentina
AZ6Q,-33.3,-66.35,100,ARG,Argentina
AZ6R,-28.43,-65.78,100,ARG,Argentina
AZ6S,-29.43,-66.85,100,ARG,Argentina
AZ6T,-23.75,-65.5,100,ARG,Argentina
AZ6U,-36.62,-64.28,100,ARG,Argentina
AZ6V,-40.8,-63.0,100,ARG,Argentina
AZ6W,-43.3,-65.1,100,ARG,Argentina
AZ6X,-50.43,-69.25,100,ARG,Argentina
AZ6Y,-38.95,-68.07,100,ARG,Argentina
AZ7A,-34.6,-58.38,100,ARG,Argentina
AZ7D,-33.7,-61.0,100,ARG,Argentina
AZ7F,-33.72,-62.23,100,ARG,Argentina
AZ7G,-26.95,-58.72,100,ARG,Argentina
AZ7H,-31.42,-64.18,100,ARG,Argentina
AZ7I,-26.92,-54.52,100,ARG,Argentina
AZ7J,-32.05,-60.28,100,ARG,Argentina
AZ7K,-26.93,-65.33,100,ARG,Argentina
AZ7L,-28.67,-57.63,100,ARG,Argentina
AZ7M,-32.88,-68.85,100,ARG,Argentina
AZ7N,-27.78,-64.27,100,ARG,Argentina
AZ7O,-24.78,-65.42,100,ARG,Argentina
AZ7P,-30.87,-68.98,100,ARG,Argentina
AZ7Q,-33.3,-66.35,100,ARG,Argentina
AZ7R,-28.43,-65.78,100,ARG,Argentina
AZ7S,-29.43,-66.85,100,ARG,Argentina
AZ7T,-23.75,-65.5,100,ARG,Argentina
AZ7U,-36.62,-64.28,100,ARG,Argentina
AZ7V,-40.8,-63.0,100,ARG,Argentina
AZ7W,-43.3,-65.1,100,ARG,Argentina
AZ7X,-50.43,-69.25,100,ARG,Argentina
AZ7Y,-38.95,-68.07,100,ARG,Argentina
AZ8A,-34.6,-58.38,100,ARG,Argentina
AZ8D,-33.7,-61.0,100,ARG,Argentina
AZ8F,-33.72,-62.23,100,ARG,Argentina
AZ8G,-26.95,-58.72,100,ARG,Argentina
AZ8H,-31.42,-64.18,100,ARG,Argentina
AZ8I,-26.92,-54.52,100,ARG,Argentina
AZ8J,-32.05,-60.28,100,ARG,Argentina
AZ8K,-26.93,-65.33,100,ARG,Argentina
AZ8L,-28.67,-57.63,100,ARG,Argentina
AZ8M,-32.88,-68.85,100,ARG,Argentina
AZ8N,-27.78,-64.27,100,ARG,Argentina
AZ8O,-24.78,-65.42,100,ARG,Argentina
AZ8P,-30.87,-68.98,100,ARG,Argentina
AZ8Q,-33.3,-66.35,100,ARG,Argentina
AZ8R,-28.43,-65.78,100,ARG,Argentina
AZ8S,-29.43,-66.85,100,ARG,Argentina
AZ8T,-23.75,-65.5,100,ARG,Argentina
AZ8U,-36.62,-64.28,100,ARG,Argentina
AZ8V,-40.8,-63.0,100,ARG,Argentina
AZ8W,-43.3,-65.1,100,ARG,Argentina
AZ8X,-50.43,-69.25,100,ARG,Argentina
AZ8Y,-38.95,-68.07,100,ARG,Argentina
AZ9A,-34.6,-58.38,100,ARG,Argentina
AZ9D,-33.7,-61.0,100,ARG,Argentina
AZ9F,-33.72,-62.23,100,ARG,Argentina
AZ9G,-26.95,-58.72,100,ARG,Argentina
AZ9H,-31.42,-64.18,100,ARG,Argentina
AZ9I,-26.92,-54.52,100,ARG,Argentina
AZ9J,-32.05,-60.28,100,ARG,Argentina
AZ9K,-26.93,-65.33,100,ARG,Argentina
AZ9L,-28.67,-57.63,100,ARG,Argentina
AZ9M,-32.88,-68.85,100,ARG,Argentina
AZ9N,-27.78,-64.27,100,ARG,Argentina
AZ9O,-24.78,-65.42,100,ARG,Argentina
AZ9P,-30.87,-68.98,100,ARG,Argentina
AZ9Q,-33.3,-66.35,100,ARG,Argentina
AZ9R,-28.43,-65.78,100,ARG,Argentina
AZ9S,-29.43,-66.85,100,ARG,Argentina
AZ9T,-23.75,-65.5,100,ARG,Argentina
AZ9U,-36.62,-64.28,100,ARG,Argentina
AZ9V,-40.8,-63.0,100,ARG,Argentina
AZ9W,-43.3,-65.1,100,ARG,Argentina
AZ9X,-50.43,-69.25,100,ARG,Argentina
AZ9Y,-38.95,-68.07,100,ARG,Argentina
B0A,43.75,87.75,318,CHN,China
B0G,29.42,90.97,318,CHN,China
B1,39.93,116.4,318,CHN,China
B2A,45.8,126.67,318,CHN,China
B2I,43.95,125.28,318,CHN,China
B2Q,41.8,123.45,318,CHN,China
B3A,39.13,117.17,318,CHN,China
B3G,40.87,111.67,318,CHN,China
B3M,38.03,114.47,318,CHN,China
B3S,37.87,112.55,318,CHN,China
B4A,31.25,121.43,318,CHN,China
B4I,36.63,117.02,318,CHN,China
B4Q,32.03,118.78,318,CHN,China
B5A,30.3,120.18,318,CHN,China
B5I,30.72,106.03,318,CHN,China
B5Q,26.08,119.27,318,CHN,China
B6A,31.87,117.3,318,CHN,China
B6I,34.75,113.57,318,CHN,China
B6Q,30.52,114.3,318,CHN,China
B7A,28.2,113.0,318,CHN,China
B7I,23.08,113.17,318,CHN,China
B7Q,22.8,108.33,318,CHN,China
B7Y,20.02,110.27,318,CHN,China
B8A,30.63,104.03,318,CHN,China
B8G,29.58,106.42,318,CHN,China
B8M,26.53,106.67,318,CHN,China
B8S,25.02,102.68,318,CHN,China
B9A,34.25,109.0,318,CHN,China
B9G,36.02,103.87,318,CHN,China
B9M,38.5,106.25,318,CHN,China
B9S,36.57,101.67,318,CHN,China
BA,36.0,102.0,318,CHN,China
BA0A,43.75,87.75,318,CHN,China
BA0G,29.42,90.97,318,CHN,China
BA1,39.93,116.4,318,CHN,China
BA2A,45.8,126.67,318,CHN,China
BA2I,43.95,125.28,318,CHN,China
BA2Q,41.8,123.45,318,CHN,China
BA3A,39.13,117.17,318,CHN,China
BA3G,40.87,111.67,318,CHN,China
BA3M,38.03,114.47,318,CHN,China
BA3S,37.87,112.55,318,CHN,China
BA4A,31.25,121.43,318,CHN,China
BA4I,36.63,117.02,318,CHN,China
BA4Q,32.03,118.78,318,CHN,China
BA5A,30.3,120.18,318,CHN,China
BA5I,30.72,106.03,318,CHN,China
BA5Q,26.08,119.27,318,CHN,China
BA6A,31.87,117.3,318,CHN,China
BA6I,34.75,113.57,318,CHN,China
BA6Q,30.52,114.3,318,CHN,China
BA7A,28.2,113.0,318,CHN,China
BA7I,23.08,113.17,318,CHN,China
BA7Q,22.8,108.33,318,CHN,China
BA7Y,20.02,110.27,318,CHN,China
BA8A,30.63,104.03,318,CHN,China
BA8G,29.58,106.42,318,CHN,China
BA8M,26.53,106.67,318,CHN,China
BA8S,25.02,102.68,318,CHN,China
BA9A,34.25,109.0,318,CHN,China
BA9G,36.02,103.87,318,CHN,China
BA9M,38.5,106.25,318,CHN,China
BA9S,36.57,101.67,318,CHN,China
BD,36.0,102.0,318,CHN,China
BD0A,43.75,87.75,318,CHN,China
BD0G,29.42,90.97,318,CHN,China
BD1,39.93,116.4,318,CHN,China
BD2A,45.8,126.67,318,CHN,China
BD2I,43.95,125.28,318,CHN,China
BD2Q,41.8,123.45,318,CHN,China
BD3A,39.13,117.17,318,CHN,China
BD3G,40.87,111.67,318,CHN,China
BD3M,38.03,114.47,318,CHN,China
BD3S,37.87,112.55,318,CHN,China
BD4A,31.25,121.43,318,CHN,China
BD4I,36.63,117.02,318,CHN,China
BD4Q,32.03,118.78,318,CHN,China
BD5A,30.3,120.18,318,CHN,China
BD5I,30.72,106.03,318,CHN,China
BD5Q,26.08,119.27,318,CHN,China
BD6A,31.87,117.3,318,CHN,China
BD6I,34.75,113.57,318,CHN,China
BD6Q,30.52,114.3,318,CHN,China
BD7A,28.2,113.0,318,CHN,China
BD7I,23.08,113.17,318,CHN,China
BD7Q,22.8,108.33,318,CHN,China
BD7Y,20.02,110.27,318,CHN,China
BD8A,30.63,104.03,318,CHN,China
BD8G,29.58,106.42,318,CHN,China
BD8M,26.53,106.67,318,CHN,China
BD8S,25.02,102.68,318,CHN,China
BD9A,34.25,109.0,318,CHN,China
BD9G,36.02,103.87,318,CHN,China
BD9M,38.5,106.25,318,CHN,China
BD9S,36.57,101.67,318,CHN,China
BG,36.0,102.0,318,CHN,China
BG0A,43.75,87.75,318,CHN,China
BG0G,29.42,90.97,318,CHN,China
BG0IO/4,31.25,121.43,318,CHN,China
BG1,39.93,116.4,318,CHN,China
BG2A,45.8,126.67,318,CHN,China
BG2I,43.95,125.28,318,CHN,China
BG2LTC/0,43.75,87.75,318,CHN,China
BG2Q,41.8,123.45,318,CHN,China
BG3A,39.13,117.17,318,CHN,China
BG3G,40.87,111.67,318,CHN,China
BG3M,38.03,114.47,318,CHN,China
BG3S,37.87,112.55,318,CHN,China
BG4A,31.25,121.43,318,CHN,China
BG4I,36.63,117.02,318,CHN,China
BG4Q,32.03,118.78,318,CHN,China
BG5A,30.3,120.18,318,CHN,China
BG5I,30.72,106.03,318,CHN,China
BG5Q,26.08,119.27,318,CHN,China
BG6A,31.87,117.3,318,CHN,China
BG6I,34.75,113.57,318,CHN,China
BG6Q,30.52,114.3,318,CHN,China
BG7A,28.2,113.0,318,CHN,China
BG7I,23.08,113.17,318,CHN,China
BG7Q,22.8,108.33,318,CHN,China
BG7Y,20.02,110.27,318,CHN,China
BG8A,30.63,104.03,318,CHN,China
BG8G,29.58,106.42,318,CHN,China
BG8M,26.53,106.67,318,CHN,China
BG8S,25.02,102.68,318,CHN,China
BG9A,34.25,109.0,318,CHN,China
BG9G,36.02,103.87,318,CHN,China
BG9M,38.5,106.25,318,CHN,China
BG9S,36.57,101.67,318,CHN,China
BH,36.0,102.0,318,CHN,China
BH0A,43.75,87.75,318,CHN,China
BH0G,29.42,90.97,318,CHN,China
BH1,39.93,116.4,318,CHN,China
BH2A,45.8,126.67,318,CHN,China
BH2I,43.95,125.28,318,CHN,China
BH2Q,41.8,123.45,318,CHN,China
BH3A,39.13,117.17,318,CHN,China
BH3G,40.87,111.67,318,CHN,China
BH3M,38.03,114.47,318,CHN,China
BH3S,37.87,112.55,318,CHN,China
BH4A,31.25,121.43,318,CHN,China
BH4I,36.63,117.02,318,CHN,China
BH4Q,32.03,118.78,318,CHN,China
BH5A,30.3,120.18,318,CHN,China
BH5I,30.72,106.03,318,CHN,China
BH5Q,26.08,119.27,318,CHN,China
BH6A,31.87,117.3,318,CHN,China
BH6I,34.75,113.57,318,CHN,China
BH6Q,30.52,114.3,318,CHN,China
BH7A,28.2,113.0,318,CHN,China
BH7I,23.08,113.17,318,CHN,China
BH7Q,22.8,108.33,318,CHN,China
BH7Y,20.02,110.27,318,CHN,China
BH8A,30.63,104.03,318,CHN,China
BH8G,29.58,106.42,318,CHN,China
BH8M,26.53,106.67,318,CHN,China
BH8S,25.02,102.68,318,CHN,China
BH9A,34.25,109.0,318,CHN,China
BH9G,36.02,103.87,318,CHN,China
BH9M,38.5,106.25,318,CHN,China
BH9S,36.57,101.67,318,CHN,China
BI,36.0,102.0,318,CHN,China
BI0A,43.75,87.75,318,CHN,China
BI0G,29.42,90.97,318,CHN,China
BI1,39.93,116.4,318,CHN,China
BI2A,45.8,126.67,318,CHN,China
BI2I,43.95,125.28,318,CHN,China
BI2Q,41.8,123.45,318,CHN,China
BI3A,39.13,117.17,318,CHN,China
BI3G,40.87,111.67,318,CHN,China
BI3M,38.03,114.47,318,CHN,China
BI3S,37.87,112.55,318,CHN,China
BI4A,31.25,121.43,318,CHN,China
BI4I,36.63,117.02,318,CHN,China
BI4Q,32.03,118.78,318,CHN,China
BI5A,30.3,120.18,318,CHN,China
BI5I,30.72,106.03,318,CHN,China
BI5Q,26.08,119.27,318,CHN,China
BI6A,31.87,117.3,318,CHN,China
BI6I,34.75,113.57,318,CHN,China
BI6Q,30.52,114.3,318,CHN,China
BI7A,28.2,113.0,318,CHN,China
BI7I,23.08,113.17,318,CHN,China
BI7Q,22.8,108.33,318,CHN,China
BI7Y,20.02,110.27,318,CHN,China
BI8A,30.63,104.03,318,CHN,China
BI8G,29.58,106.42,318,CHN,China
BI8M,26.53,106.67,318,CHN,China
BI8S,25.02,102.68,318,CHN,China
BI9A,34.25,109.0,318,CHN,China
BI9G,36.02,103.87,318,CHN,China
BI9M,38.5,106.25,318,CHN,China
BI9S,36.57,101.67,318,CHN,China
BJ,36.0,102.0,318,CHN,China
BJ0A,43.75,87.75,318,CHN,China
BJ0G,29.42,90.97,318,CHN,China
BJ1,39.93,116.4,318,CHN,China
BJ2A,45.8,126.67,318,CHN,China
BJ2I,43.95,125.28,318,CHN,China
BJ2Q,41.8,123.45,318,CHN,China
BJ3A,39.13,117.17,318,CHN,China
BJ3G,40.87,111.67,318,CHN,China
BJ3M,38.03,114.47,318,CHN,China
BJ3S,37.87,112.55,318,CHN,China
BJ4A,31.25,121.43,318,CHN,China
BJ4I,36.63,117.02,318,CHN,China
BJ4Q,32.03,118.78,318,CHN,China
BJ5A,30.3,120.18,318,CHN,China
BJ5I,30.72,106.03,318,CHN,China
BJ5Q,26.08,119.27,318,CHN,China
BJ6A,31.87,117.3,318,CHN,China
BJ6I,34.75,113.57,318,CHN,China
BJ6Q,30.52,114.3,318,CHN,China
BJ7A,28.2,113.0,318,CHN,China
BJ7I,23.08,113.17,318,CHN,China
BJ7Q,22.8,108.33,318,CHN,China
BJ7Y,20.02,110.27,318,CHN,China
BJ8A,30.63,104.03,318,CHN,China
BJ8G,29.58,106.42,318,CHN,China
BJ8M,26.53,106.67,318,CHN,China
BJ8S,25.02,102.68,318,CHN,China
BJ9A,34.25,109.0,318,CHN,China
BJ9G,36.02,103.87,318,CHN,China
BJ9M,38.5,106.25,318,CHN,China
BJ9S,36.57,101.67,318,CHN,China
BL,36.0,102.0,318,CHN,China
BL0A,43.75,87.75,318,CHN,China
BL0G,29.42,90.97,318,CHN,China
BL1,39.93,116.4,318,CHN,China
BL2A,45.8,126.67,318,CHN,China
BL2I,43.95,125.28,318,CHN,China
BL2Q,41.8,123.45,318,CHN,China
BL3A,39.13,117.17,318,CHN,China
BL3G,40.87,111.67,318,CHN,China
BL3M,38.03,114.47,318,CHN,China
BL3S,37.87,112.55,318,CHN,China
BL4A,31.25,121.43,318,CHN,China
BL4I,36.63,117.02,318,CHN,China
BL4Q,32.03,118.78,318,CHN,China
BL5A,30.3,120.18,318,CHN,China
BL5I,30.72,106.03,318,CHN,China
BL5Q,26.08,119.27,318,CHN,China
BL6A,31.87,117.3,318,CHN,China
BL6I,34.75,113.57,318,CHN,China
BL6Q,30.52,114.3,318,CHN,China
BL7A,28.2,113.0,318,CHN,China
BL7I,23.08,113.17,318,CHN,China
BL7Q,22.8,108.33,318,CHN,China
BL7Y,20.02,110.27,318,CHN,China
BL8A,30.63,104.03,318,CHN,China
BL8G,29.58,106.42,318,CHN,China
BL8M,26.53,106.67,318,CHN,China
BL8S,25.02,102.68,318,CHN,China
BL9A,34.25,109.0,318,CHN,China
BL9G,36.02,103.87,318,CHN,China
BL9M,38.5,106.25,318,CHN,China
BL9S,36.57,101.67,318,CHN,China
BM,23.72,120.88,386,TWN,Taiwan
BM9A,23.08,119.58,386,TWN,Taiwan
BM9G,22.67,121.48,386,TWN,Taiwan
BM9L,22.33,120.37,386,TWN,Taiwan
BM9O,22.05,121.53,386,TWN,Taiwan
BM9P,20.7,116.7,505,TWN,Pratas I.
BM9S,9.88,114.23,247,,Spratly Is.
BM9W,25.62,122.07,386,TWN,Taiwan
BN,23.72,120.88,386,TWN,Taiwan
BN9A,23.08,119.58,386,TWN,Taiwan
BN9G,22.67,121.48,386,TWN,Taiwan
BN9L,22.33,120.37,386,TWN,Taiwan
BN9O,22.05,121.53,386,TWN,Taiwan
BN9P,20.7,116.7,505,TWN,Pratas I.
BN9S,9.88,114.23,247,,Spratly Is.
BN9W,25.62,122.07,386,TWN,Taiwan
BO,23.72,120.88,386,TWN,Taiwan
BO9A,23.08,119.58,386,TWN,Taiwan
BO9G,22.67,121.48,386,TWN,Taiwan
BO9L,22.33,120.37,386,TWN,Taiwan
BO9O,22.05,121.53,386,TWN,Taiwan
BO9P,20.7,116.7,505,TWN,Pratas I.
BO9S,9.88,114.23,247,,Spratly Is.
BO9W,25.62,122.07,386,TWN,Taiwan
BP,23.72,120.88,386,TWN,Taiwan
BP9A,23.08,119.58,386,TWN,Taiwan
BP9G,22.67,121.48,386,TWN,Taiwan
BP9L,22.33,120.37,386,TWN,Taiwan
BP9O,22.05,121.53,386,TWN,Taiwan
BP9P,20.7,116.7,505,TWN,Pratas I.
BP9S,9.88,114.23,247,,Spratly Is.
BP9W,25.62,122.07,386,TWN,Taiwan
BQ,23.72,120.88,386,TWN,Taiwan
BQ9A,23.08,119.58,386,TWN,Taiwan
BQ9G,22.67,121.48,386,TWN,Taiwan
BQ9L,22.33,120.37,386,TWN,Taiwan
BQ9O,22.05,121.53,386,TWN,Taiwan
BQ9P,20.7,116.7,505,TWN,Pratas I.
BQ9S,9.88,114.23,247,,Spratly Is.
BQ9W,25.62,122.07,386,TWN,Taiwan
BS7H,15.08,117.72,506,CHN,"Scarborough Reef (disputed, treated as China)"
BT,36.0,102.0,318,CHN,China
BT0A,43.75,87.75,318,CHN,China
BT0G,29.42,90.97,318,CHN,China
BT1,39.93,116.4,318,CHN,China
BT2A,45.8,126.67,318,CHN,China
BT2I,43.95,125.28,318,CHN,China
BT2Q,41.8,123.45,318,CHN,China
BT3A,39.13,117.17,318,CHN,China
BT3G,40.87,111.67,318,CHN,China
BT3M,38.03,114.47,318,CHN,China
BT3S,37.87,112.55,318,CHN,China
BT4A,31.25,121.43,318,CHN,China
BT4I,36.63,117.02,318,CHN,China
BT4Q,32.03,118.78,318,CHN,China
BT5A,30.3,120.18,318,CHN,China
BT5I,30.72,106.03,318,CHN,China
BT5Q,26.08,119.27,318,CHN,China
BT6A,31.87,117.3,318,CHN,China
BT6I,34.75,113.57,318,CHN,China
BT6Q,30.52,114.3,318,CHN,China
BT7A,28.2,113.0,318,CHN,China
BT7I,23.08,113.17,318,CHN,China
BT7Q,22.8,108.33,318,CHN,China
BT7Y,20.02,110.27,318,CHN,China
BT8A,30.63,104.03,318,CHN,China
BT8G,29.58,106.42,318,CHN,China
BT8M,26.53,106.67,318,CHN,China
BT8S,25.02,102.68,318,CHN,China
BT9A,34.25,109.0,318,CHN,China
BT9G,36.02,103.87,318,CHN,China
BT9M,38.5,106.25,318,CHN,China
BT9S,36.57,101.67,318,CHN,China
BU,23.72,120.88,386,TWN,Taiwan
BU9A,23.08,119.58,386,TWN,Taiwan
BU9G,22.67,121.48,386,TWN,Taiwan
BU9L,22.33,120.37,386,TWN,Taiwan
BU9O,22.05,121.53,386,TWN,Taiwan
BU9P,20.7,116.7,505,TWN,Pratas I.
BU9S,9.88,114.23,247,,Spratly Is.
BU9W,25.62,122.07,386,TWN,Taiwan
BV,23.72,120.88,386,TWN,Taiwan
BV9A,23.08,119.58,386,TWN,Taiwan
BV9G,22.67,121.48,386,TWN,Taiwan
BV9L,22.33,120.37,386,TWN,Taiwan
BV9O,22.05,121.53,386,TWN,Taiwan
BV9P,20.7,116.7,505,TWN,Pratas I.
BV9S,9.88,114.23,247,,Spratly Is.
BV9W,25.62,122.07,386,TWN,Taiwan
BW,23.72,120.88,386,TWN,Taiwan
BW9A,23.08,119.58,386,TWN,Taiwan
BW9G,22.67,121.48,386,TWN,Taiwan
BW9L,22.33,120.37,386,TWN,Taiwan
BW9O,22.05,121.53,386,TWN,Taiwan
BW9P,20.7,116.7,505,TWN,Pratas I.
BW9S,9.88,114.23,247,,Spratly Is.
BW9W,25.62,122.07,386,TWN,Taiwan
BX,23.72,120.88,386,TWN,Taiwan
BX9A,23.08,119.58,386,TWN,Taiwan
BX9G,22.67,121.48,386,TWN,Taiwan
BX9L,22.33,120.37,386,TWN,Taiwan
BX9O,22.05,121.53,386,TWN,Taiwan
BX9P,20.7,116.7,505,TWN,Pratas I.
BX9S,9.88,114.23,247,,Spratly Is.
BX9W,25.62,122.07,386,TWN,Taiwan
BY,36.0,102.0,318,CHN,China
BY0A,43.75,87.75,318,CHN,China
BY0G,29.42,90.97,318,CHN,China
BY1,39.93,116.4,318,CHN,China
BY2A,45.8,126.67,318,CHN,China
BY2I,43.95,125.28,318,CHN,China
BY2Q,41.8,123.45,318,CHN,China
BY3A,39.13,117.17,318,CHN,China
BY3G,40.87,111.67,318,CHN,China
BY3M,38.03,114.47,318,CHN,China
BY3S,37.87,112.55,318,CHN,China
BY4A,31.25,121.43,318,CHN,China
BY4I,36.63,117.02,318,CHN,China
BY4Q,32.03,118.78,318,CHN,China
BY5A,30.3,120.18,318,CHN,China
BY5I,30.72,106.03,318,CHN,China
BY5Q,26.08,119.27,318,CHN,China
BY6A,31.87,117.3,318,CHN,China
BY6I,34.75,113.57,318,CHN,China
BY6Q,30.52,114.3,318,CHN,China
BY7A,28.2,113.0,318,CHN,China
BY7I,23.08,113.17,318,CHN,China
BY7Q,22.8,108.33,318,CHN,China
BY7Y,20.02,110.27,318,CHN,China
BY8A,30.63,104.03,318,CHN,China
BY8G,29.58,106.42,318,CHN,China
BY8M,26.53,106.67,318,CHN,China
BY8S,25.02,102.68,318,CHN,China
BY9A,34.25,109.0,318,CHN,China
BY9G,36.02,103.87,318,CHN,China
BY9M,38.5,106.25,318,CHN,China
BY9S,36.57,101.67,318,CHN,China
BZ,36.0,102.0,318,CHN,China
BZ0A,43.75,87.75,318,CHN,China
BZ0G,29.42,90.97,318,CHN,China
BZ1,39.93,116.4,318,CHN,China
BZ2A,45.8,126.67,318,CHN,China
BZ2I,43.95,125.28,318,CHN,China
BZ2Q,41.8,123.45,318,CHN,China
BZ3A,39.13,117.17,318,CHN,China
BZ3G,40.87,111.67,318,CHN,China
BZ3M,38.03,114.47,318,CHN,China
BZ3S,37.87,112.55,318,CHN,China
BZ4A,31.25,121.43,318,CHN,China
BZ4I,36.63,117.02,318,CHN,China
BZ4Q,32.03,118.78,318,CHN,China
BZ5A,30.3,120.18,318,CHN,China
BZ5I,30.72,106.03,318,CHN,China
BZ5Q,26.08,119.27,318,CHN,China
BZ6A,31.87,117.3,318,CHN,China
BZ6I,34.75,113.57,318,CHN,China
BZ6Q,30.52,114.3,318,CHN,China
BZ7A,28.2,113.0,318,CHN,China
BZ7I,23.08,113.17,318,CHN,China
BZ7Q,22.8,108.33,318,CHN,China
BZ7Y,20.02,110.27,318,CHN,China
BZ8A,30.63,104.03,318,CHN,China
BZ8G,29.58,106.42,318,CHN,China
BZ8M,26.53,106.67,318,CHN,China
BZ8S,25.02,102.68,318,CHN,China
BZ9A,34.25,109.0,318,CHN,China
BZ9G,36.02,103.87,318,CHN,China
BZ9M,38.5,106.25,318,CHN,China
BZ9S,36.57,101.67,318,CHN,China
C2,-0.52,166.92,157,NRU,Nauru
C3,42.58,1.62,203,AND,Andorra
C4,35.0,33.0,215,CYP,Cyprus
C5,13.4,-16.38,422,GMB,The Gambia
C6,24.25,-76.0,60,BHS,Bahamas
C7A,47.33,13.33,206,AUT,Austria
C8,-18.25,35.0,181,MOZ,Mozambique
C9,-18.25,35.0,181,MOZ,Mozambique
CA,-30.0,-71.0,112,CHL,Chile
CA0,-27.1,-109.37,47,CHL,Easter I.
CA0X,-26.28,-80.07,217,CHL,San Felix & San Ambrosio
CA0Z,-33.6,-78.85,125,CHL,Juan Fernandez Is.
CA1,-23.65,-70.4,112,CHL,Chile
CA2,-33.08,-71.53,112,CHL,Chile
CA3,-35.5,-70.67,112,CHL,Chile
CA4,-33.62,-70.75,112,CHL,Chile
CA5,-36.62,-72.17,112,CHL,Chile
CA6,-39.75,-73.25,112,CHL,Chile
CA7,-40.58,-73.23,112,CHL,Chile
CA8,-53.17,-70.93,112,CHL,Chile
CB,-30.0,-71.0,112,CHL,Chile
CB0,-27.1,-109.37,47,CHL,Easter I.
CB0X,-26.28,-80.07,217,CHL,San Felix & San Ambrosio
CB0Z,-33.6,-78.85,125,CHL,Juan Fernandez Is.
CB1,-23.65,-70.4,112,CHL,Chile
CB2,-33.08,-71.53,112,CHL,Chile
CB3,-35.5,-70.67,112,CHL,Chile
CB4,-33.62,-70.75,112,CHL,Chile
CB5,-36.62,-72.17,112,CHL,Chile
CB6,-39.75,-73.25,112,CHL,Chile
CB7,-40.58,-73.23,112,CHL,Chile
CB8,-53.17,-70.93,112,CHL,Chile
CC,-30.0,-71.0,112,CHL,Chile
CC0,-27.1,-109.37,47,CHL,Easter I.
CC0X,-26.28,-80.07,217,CHL,San Felix & San Ambrosio
CC0Z,-33.6,-78.85,125,CHL,Juan Fernandez Is.
CC1,-23.65,-70.4,112,CHL,Chile
CC2,-33.08,-71.53,112,CHL,Chile
CC3,-35.5,-70.67,112,CHL,Chile
CC4,-33.62,-70.75,112,CHL,Chile
CC5,-36.62,-72.17,112,CHL,Chile
CC6,-39.75,-73.25,112,CHL,Chile
CC7,-40.58,-73.23,112,CHL,Chile
CC8,-53.17,-70.93,112,CHL,Chile
CD,-30.0,-71.0,112,CHL,Chile
CD0,-27.1,-109.37,47,CHL,Easter I.
CD0X,-26.28,-80.07,217,CHL,San Felix & San Ambrosio
CD0Z,-33.6,-78.85,125,CHL,Juan Fernandez Is.
CD1,-23.65,-70.4,112,CHL,Chile
CD2,-33.08,-71.53,112,CHL,Chile
CD3,-35.5,-70.67,112,CHL,Chile
CD4,-33.62,-70.75,112,CHL,Chile
CD5,-36.62,-72.17,112,CHL,Chile
CD6,-39.75,-73.25,112,CHL,Chile
CD7,-40.58,-73.23,112,CHL,Chile
CD8,-53.17,-70.93,112,CHL,Chile
CE,-30.0,-71.0,112,CHL,Chile
CE0,-27.1,-109.37,47,CHL,Easter I.
CE0I,-33.6,-78.85,125,CHL,Juan Fernandez Is.
CE0X,-26.28,-80.07,217,CHL,San Felix & San Ambrosio
CE1,-23.65,-70.4,112,CHL,Chile
CE2,-33.08,-71.53,112,CHL,Chile
CE3,-35.5,-70.67,112,CHL,Chile
CE4,-33.62,-70.75,112,CHL,Chile
CE5,-36.62,-72.17,112,CHL,Chile
CE6,-39.75,-73.25,112,CHL,Chile
CE7,-40.58,-73.23,112,CHL,Chile
CE8,-53.17,-70.93,112,CHL,Chile
CE9,-62.08,-58.67,241,ATA,South Shetland Is.
CF,44.35,-78.75,1,CAN,Canada
CF1,45.13,-62.48,1,CAN,Canada
CF2,45.78,-73.27,1,CAN,Canada
CF3,43.8,-79.25,1,CAN,Canada
CF4,49.88,-97.13,1,CAN,Canada
CF5,51.33,-105.7,1,CAN,Canada
CF6,52.12,-113.83,1,CAN,Canada
CF7,49.53,-122.67,1,CAN,Canada
CF8,62.45,-114.4,1,CAN,Canada
CF9,45.75,-65.8,1,CAN,Canada
CG,44.35,-78.75,1,CAN,Canada
CG1,45.13,-62.48,1,CAN,Canada
CG2,45.78,-73.27,1,CAN,Canada
CG3,43.8,-79.25,1,CAN,Canada
CG4,49.88,-97.13,1,CAN,Canada
CG5,51.33,-105.7,1,CAN,Canada
CG6,52.12,-113.83,1,CAN,Canada
CG7,49.53,-122.67,1,CAN,Canada
CG8,62.45,-114.4,1,CAN,Canada
CG9,45.75,-65.8,1,CAN,Canada
CH1,48.48,-55.47,1,CAN,Canada
CH2,53.93,-61.07,1,CAN,Canada
CI0,65.25,-83.6,1,CAN,Canada
CI1,60.72,-135.05,1,CAN,Canada
CI2,46.37,-63.43,1,CAN,Canada
CJ,44.35,-78.75,1,CAN,Canada
CJ1,45.13,-62.48,1,CAN,Canada
CJ2,45.78,-73.27,1,CAN,Canada
CJ3,43.8,-79.25,1,CAN,Canada
CJ4,49.88,-97.13,1,CAN,Canada
CJ5,51.33,-105.7,1,CAN,Canada
CJ6,52.12,-113.83,1,CAN,Canada
CJ7,49.53,-122.67,1,CAN,Canada
CJ8,62.45,-114.4,1,CAN,Canada
CJ9,45.75,-65.8,1,CAN,Canada
CK,44.35,-78.75,1,CAN,Canada
CK1,45.13,-62.48,1,CAN,Canada
CK2,45.78,-73.27,1,CAN,Canada
CK3,43.8,-79.25,1,CAN,Canada
CK4,49.88,-97.13,1,CAN,Canada
CK5,51.33,-105.7,1,CAN,Canada
CK6,52.12,-113.83,1,CAN,Canada
CK7,49.53,-122.67,1,CAN,Canada
CK8,62.45,-114.4,1,CAN,Canada
CK9,45.75,-65.8,1,CAN,Canada
CL,21.5,-80.0,70,CUB,Cuba
CL1,22.42,-83.67,70,CUB,Cuba
CL2,23.13,-82.38,70,CUB,Cuba
CL3,22.82,-82.35,70,CUB,Cuba
CL4,21.75,-82.85,70,CUB,Cuba
CL5,23.05,-81.58,70,CUB,Cuba
CL6,22.4,-79.95,70,CUB,Cuba
CL7,22.62,-78.33,70,CUB,Cuba
CL8,20.48,-76.18,70,CUB,Cuba
CM,21.5,-80.0,70,CUB,Cuba
CM1,22.42,-83.67,70,CUB,Cuba
CM2,23.13,-82.38,70,CUB,Cuba
CM3,22.82,-82.35,70,CUB,Cuba
CM4,21.75,-82.85,70,CUB,Cuba
CM5,23.05,-81.58,70,CUB,Cuba
CM6,22.4,-79.95,70,CUB,Cuba
CM7,22.62,-78.33,70,CUB,Cuba
CM8,20.48,-76.18,70,CUB,Cuba
CN,32.0,-5.0,446,MAR,Morocco
CO,21.5,-80.0,70,CUB,Cuba
CO1,22.42,-83.67,70,CUB,Cuba
CO2,23.13,-82.38,70,CUB,Cuba
CO3,22.82,-82.35,70,CUB,Cuba
CO4,21.75,-82.85,70,CUB,Cuba
CO5,23.05,-81.58,70,CUB,Cuba
CO6,22.4,-79.95,70,CUB,Cuba
CO7,22.62,-78.33,70,CUB,Cuba
CO8,20.48,-76.18,70,CUB,Cuba
CP,-17.0,-65.0,104,BOL,Bolivia
CP1,-16.5,-68.15,104,BOL,Bolivia
CP2,-19.0,-65.5,104,BOL,Bolivia
CP3,-17.98,-67.13,104,BOL,Bolivia
CP4,-19.57,-65.75,104,BOL,Bolivia
CP5,-17.43,-66.17,104,BOL,Bolivia
CP6,-17.75,-63.23,104,BOL,Bolivia
CP7,-21.6,-64.78,104,BOL,Bolivia
CP8,-15.8,-67.2,104,BOL,Bolivia
CP9,-11.78,-67.9,104,BOL,Bolivia
CQ,39.5,-8.0,272,PRT,Portugal
CQ1,38.7,-27.23,149,PRT,Azores
CQ2,32.75,-16.95,256,PRT,Madeira Is.
CQ3,32.75,-16.95,256,PRT,Madeira Is.
CQ8,38.7,-27.23,149,PRT,Azores
CQ9,32.75,-16.95,256,PRT,Madeira Is.
CR,39.5,-8.0,272,PRT,Portugal
CR1,38.7,-27.23,149,PRT,Azores
CR2,38.7,-27.23,149,PRT,Azores
CR3,32.75,-16.95,256,PRT,Madeira Is.
CR8,38.7,-27.23,149,PRT,Azores
CR9,32.75,-16.95,256,PRT,Madeira Is.
CS,39.5,-8.0,272,PRT,Portugal
CS3,32.75,-16.95,256,PRT,Madeira Is.
CS4,38.7,-27.23,149,PRT,Azores
CS8,38.7,-27.23,149,PRT,Azores
CS9,32.75,-16.95,256,PRT,Madeira Is.
CT,39.5,-8.0,272,PRT,Portugal
CT3,32.75,-16.95,256,PRT,Madeira Is.
CT8,38.7,-27.23,149,PRT,Azores
CT9,32.75,-16.95,256,PRT,Madeira Is.
CU,38.7,-27.23,149,PRT,Azores
CU1,36.95,-25.15,149,PRT,Azores
CU2,37.78,-25.5,149,PRT,Azores
CU3,38.7,-27.2,149,PRT,Azores
CU4,39.05,-28.02,149,PRT,Azores
CU5,38.65,-28.08,149,PRT,Azores
CU6,38.47,-28.87,149,PRT,Azores
CU7,38.57,-28.72,149,PRT,Azores
CU8,39.45,-31.13,149,PRT,Azores
CU9,39.67,-31.12,149,PRT,Azores
CV,-33.0,-56.0,144,URY,Uruguay
CV0A,-34.88,-56.17,144,URY,Uruguay
CV0D,-34.6,-55.88,144,URY,Uruguay
CV0E,-34.35,-56.73,144,URY,Uruguay
CV0F,-34.2,-57.7,144,URY,Uruguay
CV0G,-33.52,-57.75,144,URY,Uruguay
CV0H,-32.78,-57.45,144,URY,Uruguay
CV0I,-32.07,-57.33,144,URY,Uruguay
CV0J,-31.32,-57.03,144,URY,Uruguay
CV0K,-30.62,-56.95,144,URY,Uruguay
CV0L,-33.78,-55.83,144,URY,Uruguay
CV0M,-33.53,-56.88,144,URY,Uruguay
CV0N,-33.05,-56.03,144,URY,Uruguay
CV0O,-32.12,-55.75,144,URY,Uruguay
CV0P,-31.48,-55.25,144,URY,Uruguay
CV0R,-34.65,-54.88,144,URY,Uruguay
CV0S,-33.93,-54.97,144,URY,Uruguay
CV0T,-34.0,-53.98,144,URY,Uruguay
CV0U,-33.07,-54.23,144,URY,Uruguay
CV0V,-32.45,-54.33,144,URY,Uruguay
CV1A,-34.88,-56.17,144,URY,Uruguay
CV1D,-34.6,-55.88,144,URY,Uruguay
CV1E,-34.35,-56.73,144,URY,Uruguay
CV1F,-34.2,-57.7,144,URY,Uruguay
CV1G,-33.52,-57.75,144,URY,Uruguay
CV1H,-32.78,-57.45,144,URY,Uruguay
CV1I,-32.07,-57.33,144,URY,Uruguay
CV1J,-31.32,-57.03,144,URY,Uruguay
CV1K,-30.62,-56.95,144,URY,Uruguay
CV1L,-33.78,-55.83,144,URY,Uruguay
CV1M,-33.53,-56.88,144,URY,Uruguay
CV1N,-33.05,-56.03,144,URY,Uruguay
CV1O,-32.12,-55.75,144,URY,Uruguay
CV1P,-31.48,-55.25,144,URY,Uruguay
CV1R,-34.65,-54.88,144,URY,Uruguay
CV1S,-33.93,-54.97,144,URY,Uruguay
CV1T,-34.0,-53.98,144,URY,Uruguay
CV1U,-33.07,-54.23,144,URY,Uruguay
CV1V,-32.45,-54.33,144,URY,Uruguay
CV2A,-34.88,-56.17,144,URY,Uruguay
CV2D,-34.6,-55.88,144,URY,Uruguay
CV2E,-34.35,-56.73,144,URY,Uruguay
CV2F,-34.2,-57.7,144,URY,Uruguay
CV2G,-33.52,-57.75,144,URY,Uruguay
CV2H,-32.78,-57.45,144,URY,Uruguay
CV2I,-32.07,-57.33,144,URY,Uruguay
CV2J,-31.32,-57.03,144,URY,Uruguay
CV2K,-30.62,-56.95,144,URY,Uruguay
CV2L,-33.78,-55.83,144,URY,Uruguay
CV2M,-33.53,-56.88,144,URY,Uruguay
CV2N,-33.05,-56.03,144,URY,Uruguay
CV2O,-32.12,-55.75,144,URY,Uruguay
CV2P,-31.48,-55.25,144,URY,Uruguay
CV2R,-34.65,-54.88,144,URY,Uruguay
CV2S,-33.93,-54.97,144,URY,Uruguay
CV2T,-34.0,-53.98,144,URY,Uruguay
CV2U,-33.07,-54.23,144,URY,Uruguay
CV2V,-32.45,-54.33,144,URY,Uruguay
CV3A,-34.88,-56.17,144,URY,Uruguay
CV3D,-34.6,-55.88,144,URY,Uruguay
CV3E,-34.35,-56.73,144,URY,Uruguay
CV3F,-34.2,-57.7,144,URY,Uruguay
CV3G,-33.52,-57.75,144,URY,Uruguay
CV3H,-32.78,-57.45,144,URY,Uruguay
CV3I,-32.07,-57.33,144,URY,Uruguay
CV3J,-31.32,-57.03,144,URY,Uruguay
CV3K,-30.62,-56.95,144,URY,Uruguay
CV3L,-33.78,-55.83,144,URY,Uruguay
CV3M,-33.53,-56.88,144,URY,Uruguay
CV3N,-33.05,-56.03,144,URY,Uruguay
CV3O,-32.12,-55.75,144,URY,Uruguay
CV3P,-31.48,-55.25,144,URY,Uruguay
CV3R,-34.65,-54.88,144,URY,Uruguay
CV3S,-33.93,-54.97,144,URY,Uruguay
CV3T,-34.0,-53.98,144,URY,Uruguay
CV3U,-33.07,-54.23,144,URY,Uruguay
CV3V,-32.45,-54.33,144,URY,Uruguay
CV4A,-34.88,-56.17,144,URY,Uruguay
CV4D,-34.6,-55.88,144,URY,Uruguay
CV4E,-34.35,-56.73,144,URY,Uruguay
CV4F,-34.2,-57.7,144,URY,Uruguay
CV4G,-33.52,-57.75,144,URY,Uruguay
CV4H,-32.78,-57.45,144,URY,Uruguay
CV4I,-32.07,-57.33,144,URY,Uruguay
CV4J,-31.32,-57.03,144,URY,Uruguay
CV4K,-30.62,-56.95,144,URY,Uruguay
CV4L,-33.78,-55.83,144,URY,Uruguay
CV4M,-33.53,-56.88,144,URY,Uruguay
CV4N,-33.05,-56.03,144,URY,Uruguay
CV4O,-32.12,-55.75,144,URY,Uruguay
CV4P,-31.48,-55.25,144,URY,Uruguay
CV4R,-34.65,-54.88,144,URY,Uruguay
CV4S,-33.93,-54.97,144,URY,Uruguay
CV4T,-34.0,-53.98,144,URY,Uruguay
CV4U,-33.07,-54.23,144,URY,Uruguay
CV4V,-32.45,-54.33,144,URY,Uruguay
CV5A,-34.88,-56.17,144,URY,Uruguay
CV5D,-34.6,-55.88,144,URY,Uruguay
CV5E,-34.35,-56.73,144,URY,Uruguay
CV5F,-34.2,-57.7,144,URY,Uruguay
CV5G,-33.52,-57.75,144,URY,Uruguay
CV5H,-32.78,-57.45,144,URY,Uruguay
CV5I,-32.07,-57.33,144,URY,Uruguay
CV5J,-31.32,-57.03,144,URY,Uruguay
CV5K,-30.62,-56.95,144,URY,Uruguay
CV5L,-33.78,-55.83,144,URY,Uruguay
CV5M,-33.53,-56.88,144,URY,Uruguay
CV5N,-33.05,-56.03,144,URY,Uruguay
CV5O,-32.12,-55.75,144,URY,Uruguay
CV5P,-31.48,-55.25,144,URY,Uruguay
CV5R,-34.65,-54.88,144,URY,Uruguay
CV5S,-33.93,-54.97,144,URY,Uruguay
CV5T,-34.0,-53.98,144,URY,Uruguay
CV5U,-33.07,-54.23,144,URY,Uruguay
CV5V,-32.45,-54.33,144,URY,Uruguay
CV6A,-34.88,-56.17,144,URY,Uruguay
CV6D,-34.6,-55.88,144,URY,Uruguay
CV6E,-34.35,-56.73,144,URY,Uruguay
CV6F,-34.2,-57.7,144,URY,Uruguay
CV6G,-33.52,-57.75,144,URY,Uruguay
CV6H,-32.78,-57.45,144,URY,Uruguay
CV6I,-32.07,-57.33,144,URY,Uruguay
CV6J,-31.32,-57.03,144,URY,Uruguay
CV6K,-30.62,-56.95,144,URY,Uruguay
CV6L,-33.78,-55.83,144,URY,Uruguay
CV6M,-33.53,-56.88,144,URY,Uruguay
CV6N,-33.05,-56.03,144,URY,Uruguay
CV6O,-32.12,-55.75,144,URY,Uruguay
CV6P,-31.48,-55.25,144,URY,Uruguay
CV6R,-34.65,-54.88,144,URY,Uruguay
CV6S,-33.93,-54.97,144,URY,Uruguay
CV6T,-34.0,-53.98,144,URY,Uruguay
CV6U,-33.07,-54.23,144,URY,Uruguay
CV6V,-32.45,-54.33,144,URY,Uruguay
CV7A,-34.88,-56.17,144,URY,Uruguay
CV7D,-34.6,-55.88,144,URY,Uruguay
CV7E,-34.35,-56.73,144,URY,Uruguay
CV7F,-34.2,-57.7,144,URY,Uruguay
CV7G,-33.52,-57.75,144,URY,Uruguay
CV7H,-32.78,-57.45,144,URY,Uruguay
CV7I,-32.07,-57.33,144,URY,Uruguay
CV7J,-31.32,-57.03,144,URY,Uruguay
CV7K,-30.62,-56.95,144,URY,Uruguay
CV7L,-33.78,-55.83,144,URY,Uruguay
CV7M,-33.53,-56.88,144,URY,Uruguay
CV7N,-33.05,-56.03,144,URY,Uruguay
CV7O,-32.12,-55.75,144,URY,Uruguay
CV7P,-31.48,-55.25,144,URY,Uruguay
CV7R,-34.65,-54.88,144,URY,Uruguay
CV7S,-33.93,-54.97,144,URY,Uruguay
CV7T,-34.0,-53.98,144,URY,Uruguay
CV7U,-33.07,-54.23,144,URY,Uruguay
CV7V,-32.45,-54.33,144,URY,Uruguay
CV8A,-34.88,-56.17,144,URY,Uruguay
CV8D,-34.6,-55.88,144,URY,Uruguay
CV8E,-34.35,-56.73,144,URY,Uruguay
CV8F,-34.2,-57.7,144,URY,Uruguay
CV8G,-33.52,-57.75,144,URY,Uruguay
CV8H,-32.78,-57.45,144,URY,Uruguay
CV8I,-32.07,-57.33,144,URY,Uruguay
CV8J,-31.32,-57.03,144,URY,Uruguay
CV8K,-30.62,-56.95,144,URY,Uruguay
CV8L,-33.78,-55.83,144,URY,Uruguay
CV8M,-33.53,-56.88,144,URY,Uruguay
CV8N,-33.05,-56.03,144,URY,Uruguay
CV8O,-32.12,-55.75,144,URY,Uruguay
CV8P,-31.48,-55.25,144,URY,Uruguay
CV8R,-34.65,-54.88,144,URY,Uruguay
CV8S,-33.93,-54.97,144,URY,Uruguay
CV8T,-34.0,-53.98,144,URY,Uruguay
CV8U,-33.07,-54.23,144,URY,Uruguay
CV8V,-32.45,-54.33,144,URY,Uruguay
CV9A,-34.88,-56.17,144,URY,Uruguay
CV9D,-34.6,-55.88,144,URY,Uruguay
CV9E,-34.35,-56.73,144,URY,Uruguay
CV9F,-34.2,-57.7,144,URY,Uruguay
CV9G,-33.52,-57.75,144,URY,Uruguay
CV9H,-32.78,-57.45,144,URY,Uruguay
CV9I,-32.07,-57.33,144,URY,Uruguay
CV9J,-31.32,-57.03,144,URY,Uruguay
CV9K,-30.62,-56.95,144,URY,Uruguay
CV9L,-33.78,-55.83,144,URY,Uruguay
CV9M,-33.53,-56.88,144,URY,Uruguay
CV9N,-33.05,-56.03,144,URY,Uruguay
CV9O,-32.12,-55.75,144,URY,Uruguay
CV9P,-31.48,-55.25,144,URY,Uruguay
CV9R,-34.65,-54.88,144,URY,Uruguay
CV9S,-33.93,-54.97,144,URY,Uruguay
CV9T,-34.0,-53.98,144,URY,Uruguay
CV9U,-33.07,-54.23,144,URY,Uruguay
CV9V,-32.45,-54.33,144,URY,Uruguay
CW,-33.0,-56.0,144,URY,Uruguay
CW0A,-34.88,-56.17,144,URY,Uruguay
CW0D,-34.6,-55.88,144,URY,Uruguay
CW0E,-34.35,-56.73,144,URY,Uruguay
CW0F,-34.2,-57.7,144,URY,Uruguay
CW0G,-33.52,-57.75,144,URY,Uruguay
CW0H,-32.78,-57.45,144,URY,Uruguay
CW0I,-32.07,-57.33,144,URY,Uruguay
CW0J,-31.32,-57.03,144,URY,Uruguay
CW0K,-30.62,-56.95,144,URY,Uruguay
CW0L,-33.78,-55.83,144,URY,Uruguay
CW0M,-33.53,-56.88,144,URY,Uruguay
CW0N,-33.05,-56.03,144,URY,Uruguay
CW0O,-32.12,-55.75,144,URY,Uruguay
CW0P,-31.48,-55.25,144,URY,Uruguay
CW0R,-34.65,-54.88,144,URY,Uruguay
CW0S,-33.93,-54.97,144,URY,Uruguay
CW0T,-34.0,-53.98,144,URY,Uruguay
CW0U,-33.07,-54.23,144,URY,Uruguay
CW0V,-32.45,-54.33,144,URY,Uruguay
CW1A,-34.88,-56.17,144,URY,Uruguay
CW1D,-34.6,-55.88,144,URY,Uruguay
CW1E,-34.35,-56.73,144,URY,Uruguay
CW1F,-34.2,-57.7,144,URY,Uruguay
CW1G,-33.52,-57.75,144,URY,Uruguay
CW1H,-32.78,-57.45,144,URY,Uruguay
CW1I,-32.07,-57.33,144,URY,Uruguay
CW1J,-31.32,-57.03,144,URY,Uruguay
CW1K,-30.62,-56.95,144,URY,Uruguay
CW1L,-33.78,-55.83,144,URY,Uruguay
CW1M,-33.53,-56.88,144,URY,Uruguay
CW1N,-33.05,-56.03,144,URY,Uruguay
CW1O,-32.12,-55.75,144,URY,Uruguay
CW1P,-31.48,-55.25,144,URY,Uruguay
CW1R,-34.65,-54.88,144,URY,Uruguay
CW1S,-33.93,-54.97,144,URY,Uruguay
CW1T,-34.0,-53.98,144,URY,Uruguay
CW1U,-33.07,-54.23,144,URY,Uruguay
CW1V,-32.45,-54.33,144,URY,Uruguay
CW2A,-34.88,-56.17,144,URY,Uruguay
CW2D,-34.6,-55.88,144,URY,Uruguay
CW2E,-34.35,-56.73,144,URY,Uruguay
CW2F,-34.2,-57.7,144,URY,Uruguay
CW2G,-33.52,-57.75,144,URY,Uruguay
CW2H,-32.78,-57.45,144,URY,Uruguay
CW2I,-32.07,-57.33,144,URY,Uruguay
CW2J,-31.32,-57.03,144,URY,Uruguay
CW2K,-30.62,-56.95,144,URY,Uruguay
CW2L,-33.78,-55.83,144,URY,Uruguay
CW2M,-33.53,-56.88,144,URY,Uruguay
CW2N,-33.05,-56.03,144,URY,Uruguay
CW2O,-32.12,-55.75,144,URY,Uruguay
CW2P,-31.48,-55.25,144,URY,Uruguay
CW2R,-34.65,-54.88,144,URY,Uruguay
CW2S,-33.93,-54.97,144,URY,Uruguay
CW2T,-34.0,-53.98,144,URY,Uruguay
CW2U,-33.07,-54.23,144,URY,Uruguay
CW2V,-32.45,-54.33,144,URY,Uruguay
CW3A,-34.88,-56.17,144,URY,Uruguay
CW3D,-34.6,-55.88,144,URY,Uruguay
CW3E,-34.35,-56.73,144,URY,Uruguay
CW3F,-34.2,-57.7,144,URY,Uruguay
CW3G,-33.52,-57.75,144,URY,Uruguay
CW3H,-32.78,-57.45,144,URY,Uruguay
CW3I,-32.07,-57.33,144,URY,Uruguay
CW3J,-31.32,-57.03,144,URY,Uruguay
CW3K,-30.62,-56.95,144,URY,Uruguay
CW3L,-33.78,-55.83,144,URY,Uruguay
CW3M,-33.53,-56.88,144,URY,Uruguay
CW3N,-33.05,-56.03,144,URY,Uruguay
CW3O,-32.12,-55.75,144,URY,Uruguay
CW3P,-31.48,-55.25,144,URY,Uruguay
CW3R,-34.65,-54.88,144,URY,Uruguay
CW3S,-33.93,-54.97,144,URY,Uruguay
CW3T,-34.0,-53.98,144,URY,Uruguay
CW3U,-33.07,-54.23,144,URY,Uruguay
CW3V,-32.45,-54.33,144,URY,Uruguay
CW4A,-34.88,-56.17,144,URY,Uruguay
CW4D,-34.6,-55.88,144,URY,Uruguay
CW4E,-34.35,-56.73,144,URY,Uruguay
CW4F,-34.2,-57.7,144,URY,Uruguay
CW4G,-33.52,-57.75,144,URY,Uruguay
CW4H,-32.78,-57.45,144,URY,Uruguay
CW4I,-32.07,-57.33,144,URY,Uruguay
CW4J,-31.32,-57.03,144,URY,Uruguay
CW4K,-30.62,-56.95,144,URY,Uruguay
CW4L,-33.78,-55.83,144,URY,Uruguay
CW4M,-33.53,-56.88,144,URY,Uruguay
CW4N,-33.05,-56.03,144,URY,Uruguay
CW4O,-32.12,-55.75,144,URY,Uruguay
CW4P,-31.48,-55.25,144,URY,Uruguay
CW4R,-34.65,-54.88,144,URY,Uruguay
CW4S,-33.93,-54.97,144,URY,Uruguay
CW4T,-34.0,-53.98,144,URY,Uruguay
CW4U,-33.07,-54.23,144,URY,Uruguay
CW4V,-32.45,-54.33,144,URY,Uruguay
CW5A,-34.88,-56.17,144,URY,Uruguay
CW5D,-34.6,-55.88,144,URY,Uruguay
CW5E,-34.35,-56.73,144,URY,Uruguay
CW5F,-34.2,-57.7,144,URY,Uruguay
CW5G,-33.52,-57.75,144,URY,Uruguay
CW5H,-32.78,-57.45,144,URY,Uruguay
CW5I,-32.07,-57.33,144,URY,Uruguay
CW5J,-31.32,-57.03,144,URY,Uruguay
CW5K,-30.62,-56.95,144,URY,Uruguay
CW5L,-33.78,-55.83,144,URY,Uruguay
CW5M,-33.53,-56.88,144,URY,Uruguay
CW5N,-33.05,-56.03,144,URY,Uruguay
CW5O,-32.12,-55.75,144,URY,Uruguay
CW5P,-31.48,-55.25,144,URY,Uruguay
CW5R,-34.65,-54.88,144,URY,Uruguay
CW5S,-33.93,-54.97,144,URY,Uruguay
CW5T,-34.0,-53.98,144,URY,Uruguay
CW5U,-33.07,-54.23,144,URY,Uruguay
CW5V,-32.45,-54.33,144,URY,Uruguay
CW6A,-34.88,-56.17,144,URY,Uruguay
CW6D,-34.6,-55.88,144,URY,Uruguay
CW6E,-34.35,-56.73,144,URY,Uruguay
CW6F,-34.2,-57.7,144,URY,Uruguay
CW6G,-33.52,-57.75,144,URY,Uruguay
CW6H,-32.78,-57.45,144,URY,Uruguay
CW6I,-32.07,-57.33,144,URY,Uruguay
CW6J,-31.32,-57.03,144,URY,Uruguay
CW6K,-30.62,-56.95,144,URY,Uruguay
CW6L,-33.78,-55.83,144,URY,Uruguay
CW6M,-33.53,-56.88,144,URY,Uruguay
CW6N,-33.05,-56.03,144,URY,Uruguay
CW6O,-32.12,-55.75,144,URY,Uruguay
CW6P,-31.48,-55.25,144,URY,Uruguay
CW6R,-34.65,-54.88,144,URY,Uruguay
CW6S,-33.93,-54.97,144,URY,Uruguay
CW6T,-34.0,-53.98,144,URY,Uruguay
CW6U,-33.07,-54.23,144,URY,Uruguay
CW6V,-32.45,-54.33,144,URY,Uruguay
CW7A,-34.88,-56.17,144,URY,Uruguay
CW7D,-34.6,-55.88,144,URY,Uruguay
CW7E,-34.35,-56.73,144,URY,Uruguay
CW7F,-34.2,-57.7,144,URY,Uruguay
CW7G,-33.52,-57.75,144,URY,Uruguay
CW7H,-32.78,-57.45,144,URY,Uruguay
CW7I,-32.07,-57.33,144,URY,Uruguay
CW7J,-31.32,-57.03,144,URY,Uruguay
CW7K,-30.62,-56.95,144,URY,Uruguay
CW7L,-33.78,-55.83,144,URY,Uruguay
CW7M,-33.53,-56.88,144,URY,Uruguay
CW7N,-33.05,-56.03,144,URY,Uruguay
CW7O,-32.12,-55.75,144,URY,Uruguay
CW7P,-31.48,-55.25,144,URY,Uruguay
CW7R,-34.65,-54.88,144,URY,Uruguay
CW7S,-33.93,-54.97,144,URY,Uruguay
CW7T,-34.0,-53.98,144,URY,Uruguay
CW7U,-33.07,-54.23,144,URY,Uruguay
CW7V,-32.45,-54.33,144,URY,Uruguay
CW8A,-34.88,-56.17,144,URY,Uruguay
CW8D,-34.6,-55.88,144,URY,Uruguay
CW8E,-34.35,-56.73,144,URY,Uruguay
CW8F,-34.2,-57.7,144,URY,Uruguay
CW8G,-33.52,-57.75,144,URY,Uruguay
CW8H,-32.78,-57.45,144,URY,Uruguay
CW8I,-32.07,-57.33,144,URY,Uruguay
CW8J,-31.32,-57.03,144,URY,Uruguay
CW8K,-30.62,-56.95,144,URY,Uruguay
CW8L,-33.78,-55.83,144,URY,Uruguay
CW8M,-33.53,-56.88,144,URY,Uruguay
CW8N,-33.05,-56.03,144,URY,Uruguay
CW8O,-32.12,-55.75,144,URY,Uruguay
CW8P,-31.48,-55.25,144,URY,Uruguay
CW8R,-34.65,-54.88,144,URY,Uruguay
CW8S,-33.93,-54.97,144,URY,Uruguay
CW8T,-34.0,-53.98,144,URY,Uruguay
CW8U,-33.07,-54.23,144,URY,Uruguay
CW8V,-32.45,-54.33,144,URY,Uruguay
CW9A,-34.88,-56.17,144,URY,Uruguay
CW9D,-34.6,-55.88,144,URY,Uruguay
CW9E,-34.35,-56.73,144,URY,Uruguay
CW9F,-34.2,-57.7,144,URY,Uruguay
CW9G,-33.52,-57.75,144,URY,Uruguay
CW9H,-32.78,-57.45,144,URY,Uruguay
CW9I,-32.07,-57.33,144,URY,Uruguay
CW9J,-31.32,-57.03,144,URY,Uruguay
CW9K,-30.62,-56.95,144,URY,Uruguay
CW9L,-33.78,-55.83,144,URY,Uruguay
CW9M,-33.53,-56.88,144,URY,Uruguay
CW9N,-33.05,-56.03,144,URY,Uruguay
CW9O,-32.12,-55.75,144,URY,Uruguay
CW9P,-31.48,-55.25,144,URY,Uruguay
CW9R,-34.65,-54.88,144,URY,Uruguay
CW9S,-33.93,-54.97,144,URY,Uruguay
CW9T,-34.0,-53.98,144,URY,Uruguay
CW9U,-33.07,-54.23,144,URY,Uruguay
CW9V,-32.45,-54.33,144,URY,Uruguay
CX,-33.0,-56.0,144,URY,Uruguay
CX0A,-34.88,-56.17,144,URY,Uruguay
CX0D,-34.6,-55.88,144,URY,Uruguay
CX0E,-34.35,-56.73,144,URY,Uruguay
CX0F,-34.2,-57.7,144,URY,Uruguay
CX0G,-33.52,-57.75,144,URY,Uruguay
CX0H,-32.78,-57.45,144,URY,Uruguay
CX0I,-32.07,-57.33,144,URY,Uruguay
CX0J,-31.32,-57.03,144,URY,Uruguay
CX0K,-30.62,-56.95,144,URY,Uruguay
CX0L,-33.78,-55.83,144,URY,Uruguay
CX0M,-33.53,-56.88,144,URY,Uruguay
CX0N,-33.05,-56.03,144,URY,Uruguay
CX0O,-32.12,-55.75,144,URY,Uruguay
CX0P,-31.48,-55.25,144,URY,Uruguay
CX0R,-34.65,-54.88,144,URY,Uruguay
CX0S,-33.93,-54.97,144,URY,Uruguay
CX0T,-34.0,-53.98,144,URY,Uruguay
CX0U,-33.07,-54.23,144,URY,Uruguay
CX0V,-32.45,-54.33,144,URY,Uruguay
CX1A,-34.88,-56.17,144,URY,Uruguay
CX1D,-34.6,-55.88,144,URY,Uruguay
CX1E,-34.35,-56.73,144,URY,Uruguay
CX1F,-34.2,-57.7,144,URY,Uruguay
CX1G,-33.52,-57.75,144,URY,Uruguay
CX1H,-32.78,-57.45,144,URY,Uruguay
CX1I,-32.07,-57.33,144,URY,Uruguay
CX1J,-31.32,-57.03,144,URY,Uruguay
CX1K,-30.62,-56.95,144,URY,Uruguay
CX1L,-33.78,-55.83,144,URY,Uruguay
CX1M,-33.53,-56.88,144,URY,Uruguay
CX1N,-33.05,-56.03,144,URY,Uruguay
CX1O,-32.12,-55.75,144,URY,Uruguay
CX1P,-31.48,-55.25,144,URY,Uruguay
CX1R,-34.65,-54.88,144,URY,Uruguay
CX1S,-33.93,-54.97,144,URY,Uruguay
CX1T,-34.0,-53.98,144,URY,Uruguay
CX1U,-33.07,-54.23,144,URY,Uruguay
CX1V,-32.45,-54.33,144,URY,Uruguay
CX2A,-34.88,-56.17,144,URY,Uruguay
CX2D,-34.6,-55.88,144,URY,Uruguay
CX2E,-34.35,-56.73,144,URY,Uruguay
CX2F,-34.2,-57.7,144,URY,Uruguay
CX2G,-33.52,-57.75,144,URY,Uruguay
CX2H,-32.78,-57.45,144,URY,Uruguay
CX2I,-32.07,-57.33,144,URY,Uruguay
CX2J,-31.32,-57.03,144,URY,Uruguay
CX2K,-30.62,-56.95,144,URY,Uruguay
CX2L,-33.78,-55.83,144,URY,Uruguay
CX2M,-33.53,-56.88,144,URY,Uruguay
CX2N,-33.05,-56.03,144,URY,Uruguay
CX2O,-32.12,-55.75,144,URY,Uruguay
CX2P,-31.48,-55.25,144,URY,Uruguay
CX2R,-34.65,-54.88,144,URY,Uruguay
CX2S,-33.93,-54.97,144,URY,Uruguay
CX2T,-34.0,-53.98,144,URY,Uruguay
CX2U,-33.07,-54.23,144,URY,Uruguay
CX2V,-32.45,-54.33,144,URY,Uruguay
CX3A,-34.88,-56.17,144,URY,Uruguay
CX3D,-34.6,-55.88,144,URY,Uruguay
CX3E,-34.35,-56.73,144,URY,Uruguay
CX3F,-34.2,-57.7,144,URY,Uruguay
CX3G,-33.52,-57.75,144,URY,Uruguay
CX3H,-32.78,-57.45,144,URY,Uruguay
CX3I,-32.07,-57.33,144,URY,Uruguay
CX3J,-31.32,-57.03,144,URY,Uruguay
CX3K,-30.62,-56.95,144,URY,Uruguay
CX3L,-33.78,-55.83,144,URY,Uruguay
CX3M,-33.53,-56.88,144,URY,Uruguay
CX3N,-33.05,-56.03,144,URY,Uruguay
CX3O,-32.12,-55.75,144,URY,Uruguay
CX3P,-31.48,-55.25,144,URY,Uruguay
CX3R,-34.65,-54.88,144,URY,Uruguay
CX3S,-33.93,-54.97,144,URY,Uruguay
CX3T,-34.0,-53.98,144,URY,Uruguay
CX3U,-33.07,-54.23,144,URY,Uruguay
CX3V,-32.45,-54.33,144,URY,Uruguay
CX4A,-34.88,-56.17,144,URY,Uruguay
CX4D,-34.6,-55.88,144,URY,Uruguay
CX4E,-34.35,-56.73,144,URY,Uruguay
CX4F,-34.2,-57.7,144,URY,Uruguay
CX4G,-33.52,-57.75,144,URY,Uruguay
CX4H,-32.78,-57.45,144,URY,Uruguay
CX4I,-32.07,-57.33,144,URY,Uruguay
CX4J,-31.32,-57.03,144,URY,Uruguay
CX4K,-30.62,-56.95,144,URY,Uruguay
CX4L,-33.78,-55.83,144,URY,Uruguay
CX4M,-33.53,-56.88,144,URY,Uruguay
CX4N,-33.05,-56.03,144,URY,Uruguay
CX4O,-32.12,-55.75,144,URY,Uruguay
CX4P,-31.48,-55.25,144,URY,Uruguay
CX4R,-34.65,-54.88,144,URY,Uruguay
CX4S,-33.93,-54.97,144,URY,Uruguay
CX4T,-34.0,-53.98,144,URY,Uruguay
CX4U,-33.07,-54.23,144,URY,Uruguay
CX4V,-32.45,-54.33,144,URY,Uruguay
CX5A,-34.88,-56.17,144,URY,Uruguay
CX5D,-34.6,-55.88,144,URY,Uruguay
CX5E,-34.35,-56.73,144,URY,Uruguay
CX5F,-34.2,-57.7,144,URY,Uruguay
CX5G,-33.52,-57.75,144,URY,Uruguay
CX5H,-32.78,-57.45,144,URY,Uruguay
CX5I,-32.07,-57.33,144,URY,Uruguay
CX5J,-31.32,-57.03,144,URY,Uruguay
CX5K,-30.62,-56.95,144,URY,Uruguay
CX5L,-33.78,-55.83,144,URY,Uruguay
CX5M,-33.53,-56.88,144,URY,Uruguay
CX5N,-33.05,-56.03,144,URY,Uruguay
CX5O,-32.12,-55.75,144,URY,Uruguay
CX5P,-31.48,-55.25,144,URY,Uruguay
CX5R,-34.65,-54.88,144,URY,Uruguay
CX5S,-33.93,-54.97,144,URY,Uruguay
CX5T,-34.0,-53.98,144,URY,Uruguay
CX5U,-33.07,-54.23,144,URY,Uruguay
CX5V,-32.45,-54.33,144,URY,Uruguay
CX6A,-34.88,-56.17,144,URY,Uruguay
CX6D,-34.6,-55.88,144,URY,Uruguay
CX6E,-34.35,-56.73,144,URY,Uruguay
CX6F,-34.2,-57.7,144,URY,Uruguay
CX6G,-33.52,-57.75,144,URY,Uruguay
CX6H,-32.78,-57.45,144,URY,Uruguay
CX6I,-32.07,-57.33,144,URY,Uruguay
CX6J,-31.32,-57.03,144,URY,Uruguay
CX6K,-30.62,-56.95,144,URY,Uruguay
CX6L,-33.78,-55.83,144,URY,Uruguay
CX6M,-33.53,-56.88,144,URY,Uruguay
CX6N,-33.05,-56.03,144,URY,Uruguay
CX6O,-32.12,-55.75,144,URY,Uruguay
CX6P,-31.48,-55.25,144,URY,Uruguay
CX6R,-34.65,-54.88,144,URY,Uruguay
CX6S,-33.93,-54.97,144,URY,Uruguay
CX6T,-34.0,-53.98,144,URY,Uruguay
CX6U,-33.07,-54.23,144,URY,Uruguay
CX6V,-32.45,-54.33,144,URY,Uruguay
CX7A,-34.88,-56.17,144,URY,Uruguay
CX7D,-34.6,-55.88,144,URY,Uruguay
CX7E,-34.35,-56.73,144,URY,Uruguay
CX7F,-34.2,-57.7,144,URY,Uruguay
CX7G,-33.52,-57.75,144,URY,Uruguay
CX7H,-32.78,-57.45,144,URY,Uruguay
CX7I,-32.07,-57.33,144,URY,Uruguay
CX7J,-31.32,-57.03,144,URY,Uruguay
CX7K,-30.62,-56.95,144,URY,Uruguay
CX7L,-33.78,-55.83,144,URY,Uruguay
CX7M,-33.53,-56.88,144,URY,Uruguay
CX7N,-33.05,-56.03,144,URY,Uruguay
CX7O,-32.12,-55.75,144,URY,Uruguay
CX7P,-31.48,-55.25,144,URY,Uruguay
CX7R,-34.65,-54.88,144,URY,Uruguay
CX7S,-33.93,-54.97,144,URY,Uruguay
CX7T,-34.0,-53.98,144,URY,Uruguay
CX7U,-33.07,-54.23,144,URY,Uruguay
CX7V,-32.45,-54.33,144,URY,Uruguay
CX8A,-34.88,-56.17,144,URY,Uruguay
CX8D,-34.6,-55.88,144,URY,Uruguay
CX8E,-34.35,-56.73,144,URY,Uruguay
CX8F,-34.2,-57.7,144,URY,Uruguay
CX8G,-33.52,-57.75,144,URY,Uruguay
CX8H,-32.78,-57.45,144,URY,Uruguay
CX8I,-32.07,-57.33,144,URY,Uruguay
CX8J,-31.32,-57.03,144,URY,Uruguay
CX8K,-30.62,-56.95,144,URY,Uruguay
CX8L,-33.78,-55.83,144,URY,Uruguay
CX8M,-33.53,-56.88,144,URY,Uruguay
CX8N,-33.05,-56.03,144,URY,Uruguay
CX8O,-32.12,-55.75,144,URY,Uruguay
CX8P,-31.48,-55.25,144,URY,Uruguay
CX8R,-34.65,-54.88,144,URY,Uruguay
CX8S,-33.93,-54.97,144,URY,Uruguay
CX8T,-34.0,-53.98,144,URY,Uruguay
CX8U,-33.07,-54.23,144,URY,Uruguay
CX8V,-32.45,-54.33,144,URY,Uruguay
CX9A,-34.88,-56.17,144,URY,Uruguay
CX9D,-34.6,-55.88,144,URY,Uruguay
CX9E,-34.35,-56.73,144,URY,Uruguay
CX9F,-34.2,-57.7,144,URY,Uruguay
CX9G,-33.52,-57.75,144,URY,Uruguay
CX9H,-32.78,-57.45,144,URY,Uruguay
CX9I,-32.07,-57.33,144,URY,Uruguay
CX9J,-31.32,-57.03,144,URY,Uruguay
CX9K,-30.62,-56.95,144,URY,Uruguay
CX9L,-33.78,-55.83,144,URY,Uruguay
CX9M,-33.53,-56.88,144,URY,Uruguay
CX9N,-33.05,-56.03,144,URY,Uruguay
CX9O,-32.12,-55.75,144,URY,Uruguay
CX9P,-31.48,-55.25,144,URY,Uruguay
CX9R,-34.65,-54.88,144,URY,Uruguay
CX9S,-33.93,-54.97,144,URY,Uruguay
CX9T,-34.0,-53.98,144,URY,Uruguay
CX9U,-33.07,-54.23,144,URY,Uruguay
CX9V,-32.45,-54.33,144,URY,Uruguay
CY0,43.93,-59.9,211,CAN,Sable I.
CY1,48.48,-55.47,1,CAN,Canada
CY2,53.93,-61.07,1,CAN,Canada
CY9,47.0,-60.0,252,CAN,St. Paul I.
CZ0,65.25,-83.6,1,CAN,Canada
CZ1,60.72,-135.05,1,CAN,Canada
CZ2,46.37,-63.43,1,CAN,Canada
D2,-12.5,18.5,401,AGO,Angola
D3,-12.5,18.5,401,AGO,Angola
D4,16.0,-24.0,409,CPV,Cape Verde
D5,6.5,-9.5,434,LBR,Liberia
D6,-11.63,43.3,411,COM,Comoros
D7,36.23,127.9,137,KOR,Republic of Korea
D8,36.23,127.9,137,KOR,Republic of Korea
D9,36.23,127.9,137,KOR,Republic of Korea
DA,51.0,10.0,230,DEU,Fed. Rep. of Germany
DB,51.0,10.0,230,DEU,Fed. Rep. of Germany
DC,51.0,10.0,230,DEU,Fed. Rep. of Germany
DD,51.0,10.0,230,DEU,Fed. Rep. of Germany
DE,51.0,10.0,230,DEU,Fed. Rep. of Germany
DF,51.0,10.0,230,DEU,Fed. Rep. of Germany
DG,51.0,10.0,230,DEU,Fed. Rep. of Germany
DH,51.0,10.0,230,DEU,Fed. Rep. of Germany
DI,51.0,10.0,230,DEU,Fed. Rep. of Germany
DJ,51.0,10.0,230,DEU,Fed. Rep. of Germany
DK,51.0,10.0,230,DEU,Fed. Rep. of Germany
DL,51.0,10.0,230,DEU,Fed. Rep. of Germany
DM,51.0,10.0,230,DEU,Fed. Rep. of Germany
DN,51.0,10.0,230,DEU,Fed. Rep. of Germany
DO,51.0,10.0,230,DEU,Fed. Rep. of Germany
DP,51.0,10.0,230,DEU,Fed. Rep. of Germany
DQ,51.0,10.0,230,DEU,Fed. Rep. of Germany
DR,51.0,10.0,230,DEU,Fed. Rep. of Germany
DS,36.23,127.9,137,KOR,Republic of Korea
DT,36.23,127.9,137,KOR,Republic of Korea
DU,13.0,122.0,375,PHL,Philippines
DU1,14.58,121.0,375,PHL,Philippines
DU2,16.42,120.57,375,PHL,Philippines
DU3,15.47,120.57,375,PHL,Philippines
DU4,13.6,123.2,375,PHL,Philippines
DU5,11.28,125.02,375,PHL,Philippines
DU6,10.75,122.97,375,PHL,Philippines
DU7,10.32,123.9,375,PHL,Philippines
DU8,6.92,122.07,375,PHL,Philippines
DU9,7.1,125.62,375,PHL,Philippines
DV,13.0,122.0,375,PHL,Philippines
DV1,14.58,121.0,375,PHL,Philippines
DV2,16.42,120.57,375,PHL,Philippines
DV3,15.47,120.57,375,PHL,Philippines
DV4,13.6,123.2,375,PHL,Philippines
DV5,11.28,125.02,375,PHL,Philippines
DV6,10.75,122.97,375,PHL,Philippines
DV7,10.32,123.9,375,PHL,Philippines
DV8,6.92,122.07,375,PHL,Philippines
DV9,7.1,125.62,375,PHL,Philippines
DW,13.0,122.0,375,PHL,Philippines
DW1,14.58,121.0,375,PHL,Philippines
DW2,16.42,120.57,375,PHL,Philippines
DW3,15.47,120.57,375,PHL,Philippines
DW4,13.6,123.2,375,PHL,Philippines
DW5,11.28,125.02,375,PHL,Philippines
DW6,10.75,122.97,375,PHL,Philippines
DW7,10.32,123.9,375,PHL,Philippines
DW8,6.92,122.07,375,PHL,Philippines
DW9,7.1,125.62,375,PHL,Philippines
DX,13.0,122.0,375,PHL,Philippines
DX1,14.58,121.0,375,PHL,Philippines
DX2,16.42,120.57,375,PHL,Philippines
DX3,15.47,120.57,375,PHL,Philippines
DX4,13.6,123.2,375,PHL,Philippines
DX5,11.28,125.02,375,PHL,Philippines
DX6,10.75,122.97,375,PHL,Philippines
DX7,10.32,123.9,375,PHL,Philippines
DX8,6.92,122.07,375,PHL,Philippines
DX9,7.1,125.62,375,PHL,Philippines
DY,13.0,122.0,375,PHL,Philippines
DY1,14.58,121.0,375,PHL,Philippines
DY2,16.42,120.57,375,PHL,Philippines
DY3,15.47,120.57,375,PHL,Philippines
DY4,13.6,123.2,375,PHL,Philippines
DY5,11.28,125.02,375,PHL,Philippines
DY6,10.75,122.97,375,PHL,Philippines
DY7,10.32,123.9,375,PHL,Philippines
DY8,6.92,122.07,375,PHL,Philippines
DY9,7.1,125.62,375,PHL,Philippines
DZ,13.0,122.0,375,PHL,Philippines
DZ1,14.58,121.0,375,PHL,Philippines
DZ2,16.42,120.57,375,PHL,Philippines
DZ3,15.47,120.57,375,PHL,Philippines
DZ4,13.6,123.2,375,PHL,Philippines
DZ5,11.28,125.02,375,PHL,Philippines
DZ6,10.75,122.97,375,PHL,Philippines
DZ7,10.32,123.9,375,PHL,Philippines
DZ8,6.92,122.07,375,PHL,Philippines
DZ9,7.1,125.62,375,PHL,Philippines
E2,12.6,99.7,387,THA,Thailand
E21,13.7,100.5,387,THA,Thailand
E22,13.4,101.7,387,THA,Thailand
E23,15.25,104.82,387,THA,Thailand
E24,16.42,102.82,387,THA,Thailand
E25,18.8,98.97,387,THA,Thailand
E26,15.7,100.07,387,THA,Thailand
E27,7.2,100.55,387,THA,Thailand
E28,8.4,99.97,387,THA,Thailand
E29,6.52,101.27,387,THA,Thailand
E3,15.0,39.0,51,ERI,Eritrea
E4,31.28,34.27,510,PSE,Palestine
E5,-21.9,-157.93,234,COK,S. Cook Is.
E51PT,-10.4,-161.0,191,COK,N. Cook Is.
E6,-19.03,-169.85,188,NIU,Niue
E7,44.32,17.57,501,BIH,Bosnia-Herzegovina
EA,40.32,-3.43,281,ESP,Spain
EA1,42.57,-6.17,281,ESP,Spain
EA2,42.6,-1.93,281,ESP,Spain
EA3,41.68,1.9,281,ESP,Spain
EA4,40.18,-3.93,281,ESP,Spain
EA5,38.87,-0.97,281,ESP,Spain
EA6,39.6,2.95,21,ESP,Balearic Is.
EA7,37.25,-4.68,281,ESP,Spain
EA8,28.32,-15.85,29,ESP,Canary Is.
EA9,35.9,-5.27,32,ESP,Ceuta & Melilla
EB,40.32,-3.43,281,ESP,Spain
EB1,42.57,-6.17,281,ESP,Spain
EB2,42.6,-1.93,281,ESP,Spain
EB3,41.68,1.9,281,ESP,Spain
EB4,40.18,-3.93,281,ESP,Spain
EB5,38.87,-0.97,281,ESP,Spain
EB6,39.6,2.95,21,ESP,Balearic Is.
EB7,37.25,-4.68,281,ESP,Spain
EB8,28.32,-15.85,29,ESP,Canary Is.
EB9,35.9,-5.27,32,ESP,Ceuta & Melilla
EC,40.32,-3.43,281,ESP,Spain
EC1,42.57,-6.17,281,ESP,Spain
EC2,42.6,-1.93,281,ESP,Spain
EC3,41.68,1.9,281,ESP,Spain
EC4,40.18,-3.93,281,ESP,Spain
EC5,38.87,-0.97,281,ESP,Spain
EC6,39.6,2.95,21,ESP,Balearic Is.
EC7,37.25,-4.68,281,ESP,Spain
EC8,28.32,-15.85,29,ESP,Canary Is.
EC9,35.9,-5.27,32,ESP,Ceuta & Melilla
ED,40.32,-3.43,281,ESP,Spain
ED1,42.57,-6.17,281,ESP,Spain
ED2,42.6,-1.93,281,ESP,Spain
ED3,41.68,1.9,281,ESP,Spain
ED4,40.18,-3.93,281,ESP,Spain
ED5,38.87,-0.97,281,ESP,Spain
ED6,39.6,2.95,21,ESP,Balearic Is.
ED7,37.25,-4.68,281,ESP,Spain
ED8,28.32,-15.85,29,ESP,Canary Is.
ED9,35.9,-5.27,32,ESP,Ceuta & Melilla
EE,40.32,-3.43,281,ESP,Spain
EE1,42.57,-6.17,281,ESP,Spain
EE2,42.6,-1.93,281,ESP,Spain
EE3,41.68,1.9,281,ESP,Spain
EE4,40.18,-3.93,281,ESP,Spain
EE5,38.87,-0.97,281,ESP,Spain
EE6,39.6,2.95,21,ESP,Balearic Is.
EE7,37.25,-4.68,281,ESP,Spain
EE8,28.32,-15.85,29,ESP,Canary Is.
EE9,35.9,-5.27,32,ESP,Ceuta & Melilla
EF,40.32,-3.43,281,ESP,Spain
EF1,42.57,-6.17,281,ESP,Spain
EF2,42.6,-1.93,281,ESP,Spain
EF3,41.68,1.9,281,ESP,Spain
EF4,40.18,-3.93,281,ESP,Spain
EF5,38.87,-0.97,281,ESP,Spain
EF6,39.6,2.95,21,ESP,Balearic Is.
EF7,37.25,-4.68,281,ESP,Spain
EF8,28.32,-15.85,29,ESP,Canary Is.
EF9,35.9,-5.27,32,ESP,Ceuta & Melilla
EG,40.32,-3.43,281,ESP,Spain
EG1,42.57,-6.17,281,ESP,Spain
EG2,42.6,-1.93,281,ESP,Spain
EG3,41.68,1.9,281,ESP,Spain
EG4,40.18,-3.93,281,ESP,Spain
EG5,38.87,-0.97,281,ESP,Spain
EG6,39.6,2.95,21,ESP,Balearic Is.
EG7,37.25,-4.68,281,ESP,Spain
EG8,28.32,-15.85,29,ESP,Canary Is.
EG9,35.9,-5.27,32,ESP,Ceuta & Melilla
EH,40.32,-3.43,281,ESP,Spain
EH1,42.57,-6.17,281,ESP,Spain
EH2,42.6,-1.93,281,ESP,Spain
EH3,41.68,1.9,281,ESP,Spain
EH4,40.18,-3.93,281,ESP,Spain
EH5,38.87,-0.97,281,ESP,Spain
EH6,39.6,2.95,21,ESP,Balearic Is.
EH7,37.25,-4.68,281,ESP,Spain
EH8,28.32,-15.85,29,ESP,Canary Is.
EH9,35.9,-5.27,32,ESP,Ceuta & Melilla
EI,53.13,-8.02,245,IRL,Ireland
EJ,53.13,-8.02,245,IRL,Ireland
EK,40.4,44.9,14,ARM,Armenia
EL,6.5,-9.5,434,LBR,Liberia
EM,50.0,30.0,288,UKR,Ukraine
EM0A,51.42,33.55,288,UKR,Ukraine
EM0B,49.58,25.65,288,UKR,Ukraine
EM0C,49.45,32.07,288,UKR,Ukraine
EM0D,47.83,35.17,288,UKR,Ukraine
EM0E,48.48,35.0,288,UKR,Ukraine
EM0F,46.5,30.75,288,UKR,Ukraine
EM0G,46.65,32.63,288,UKR,Ukraine
EM0H,49.58,34.58,288,UKR,Ukraine
EM0I,48.0,37.83,288,UKR,Ukraine
EM0K,50.65,26.17,288,UKR,Ukraine
EM0L,50.37,36.25,288,UKR,Ukraine
EM0M,48.58,39.33,288,UKR,Ukraine
EM0N,49.18,28.5,288,UKR,Ukraine
EM0P,50.65,24.15,288,UKR,Ukraine
EM0R,51.5,31.3,288,UKR,Ukraine
EM0S,48.67,26.6,288,UKR,Ukraine
EM0T,49.42,26.98,288,UKR,Ukraine
EM0U,50.42,30.5,288,UKR,Ukraine
EM0V,48.52,32.25,288,UKR,Ukraine
EM0W,49.83,24.0,288,UKR,Ukraine
EM0X,50.3,28.67,288,UKR,Ukraine
EM0Y,48.32,25.87,288,UKR,Ukraine
EM0Z,46.95,32.0,288,UKR,Ukraine
EM1A,51.42,33.55,288,UKR,Ukraine
EM1B,49.58,25.65,288,UKR,Ukraine
EM1C,49.45,32.07,288,UKR,Ukraine
EM1D,47.83,35.17,288,UKR,Ukraine
EM1E,48.48,35.0,288,UKR,Ukraine
EM1F,46.5,30.75,288,UKR,Ukraine
EM1G,46.65,32.63,288,UKR,Ukraine
EM1H,49.58,34.58,288,UKR,Ukraine
EM1I,48.0,37.83,288,UKR,Ukraine
EM1K,50.65,26.17,288,UKR,Ukraine
EM1L,50.37,36.25,288,UKR,Ukraine
EM1M,48.58,39.33,288,UKR,Ukraine
EM1N,49.18,28.5,288,UKR,Ukraine
EM1P,50.65,24.15,288,UKR,Ukraine
EM1R,51.5,31.3,288,UKR,Ukraine
EM1S,48.67,26.6,288,UKR,Ukraine
EM1T,49.42,26.98,288,UKR,Ukraine
EM1U,50.42,30.5,288,UKR,Ukraine
EM1V,48.52,32.25,288,UKR,Ukraine
EM1W,49.83,24.0,288,UKR,Ukraine
EM1X,50.3,28.67,288,UKR,Ukraine
EM1Y,48.32,25.87,288,UKR,Ukraine
EM1Z,46.95,32.0,288,UKR,Ukraine
EM2A,51.42,33.55,288,UKR,Ukraine
EM2B,49.58,25.65,288,UKR,Ukraine
EM2C,49.45,32.07,288,UKR,Ukraine
EM2D,47.83,35.17,288,UKR,Ukraine
EM2E,48.48,35.0,288,UKR,Ukraine
EM2F,46.5,30.75,288,UKR,Ukraine
EM2G,46.65,32.63,288,UKR,Ukraine
EM2H,49.58,34.58,288,UKR,Ukraine
EM2I,48.0,37.83,288,UKR,Ukraine
EM2K,50.65,26.17,288,UKR,Ukraine
EM2L,50.37,36.25,288,UKR,Ukraine
EM2M,48.58,39.33,288,UKR,Ukraine
EM2N,49.18,28.5,288,UKR,Ukraine
EM2P,50.65,24.15,288,UKR,Ukraine
EM2R,51.5,31.3,288,UKR,Ukraine
EM2S,48.67,26.6,288,UKR,Ukraine
EM2T,49.42,26.98,288,UKR,Ukraine
EM2U,50.42,30.5,288,UKR,Ukraine
EM2V,48.52,32.25,288,UKR,Ukraine
EM2W,49.83,24.0,288,UKR,Ukraine
EM2X,50.3,28.67,288,UKR,Ukraine
EM2Y,48.32,25.87,288,UKR,Ukraine
EM2Z,46.95,32.0,288,UKR,Ukraine
EM3A,51.42,33.55,288,UKR,Ukraine
EM3B,49.58,25.65,288,UKR,Ukraine
EM3C,49.45,32.07,288,UKR,Ukraine
EM3D,47.83,35.17,288,UKR,Ukraine
EM3E,48.48,35.0,288,UKR,Ukraine
EM3F,46.5,30.75,288,UKR,Ukraine
EM3G,46.65,32.63,288,UKR,Ukraine
EM3H,49.58,34.58,288,UKR,Ukraine
EM3I,48.0,37.83,288,UKR,Ukraine
EM3K,50.65,26.17,288,UKR,Ukraine
EM3L,50.37,36.25,288,UKR,Ukraine
EM3M,48.58,39.33,288,UKR,Ukraine
EM3N,49.18,28.5,288,UKR,Ukraine
EM3P,50.65,24.15,288,UKR,Ukraine
EM3R,51.5,31.3,288,UKR,Ukraine
EM3S,48.67,26.6,288,UKR,Ukraine
EM3T,49.42,26.98,288,UKR,Ukraine
EM3U,50.42,30.5,288,UKR,Ukraine
EM3V,48.52,32.25,288,UKR,Ukraine
EM3W,49.83,24.0,288,UKR,Ukraine
EM3X,50.3,28.67,288,UKR,Ukraine
EM3Y,48.32,25.87,288,UKR,Ukraine
EM3Z,46.95,32.0,288,UKR,Ukraine
EM4A,51.42,33.55,288,UKR,Ukraine
EM4B,49.58,25.65,288,UKR,Ukraine
EM4C,49.45,32.07,288,UKR,Ukraine
EM4D,47.83,35.17,288,UKR,Ukraine
EM4E,48.48,35.0,288,UKR,Ukraine
EM4F,46.5,30.75,288,UKR,Ukraine
EM4G,46.65,32.63,288,UKR,Ukraine
EM4H,49.58,34.58,288,UKR,Ukraine
EM4I,48.0,37.83,288,UKR,Ukraine
EM4K,50.65,26.17,288,UKR,Ukraine
EM4L,50.37,36.25,288,UKR,Ukraine
EM4M,48.58,39.33,288,UKR,Ukraine
EM4N,49.18,28.5,288,UKR,Ukraine
EM4P,50.65,24.15,288,UKR,Ukraine
EM4R,51.5,31.3,288,UKR,Ukraine
EM4S,48.67,26.6,288,UKR,Ukraine
EM4T,49.42,26.98,288,UKR,Ukraine
EM4U,50.42,30.5,288,UKR,Ukraine
EM4V,48.52,32.25,288,UKR,Ukraine
EM4W,49.83,24.0,288,UKR,Ukraine
EM4X,50.3,28.67,288,UKR,Ukraine
EM4Y,48.32,25.87,288,UKR,Ukraine
EM4Z,46.95,32.0,288,UKR,Ukraine
EM5A,51.42,33.55,288,UKR,Ukraine
EM5B,49.58,25.65,288,UKR,Ukraine
EM5C,49.45,32.07,288,UKR,Ukraine
EM5D,47.83,35.17,288,UKR,Ukraine
EM5E,48.48,35.0,288,UKR,Ukraine
EM5F,46.5,30.75,288,UKR,Ukraine
EM5G,46.65,32.63,288,UKR,Ukraine
EM5H,49.58,34.58,288,UKR,Ukraine
EM5I,48.0,37.83,288,UKR,Ukraine
EM5K,50.65,26.17,288,UKR,Ukraine
EM5L,50.37,36.25,288,UKR,Ukraine
EM5M,48.58,39.33,288,UKR,Ukraine
EM5N,49.18,28.5,288,UKR,Ukraine
EM5P,50.65,24.15,288,UKR,Ukraine
EM5R,51.5,31.3,288,UKR,Ukraine
EM5S,48.67,26.6,288,UKR,Ukraine
EM5T,49.42,26.98,288,UKR,Ukraine
EM5U,50.42,30.5,288,UKR,Ukraine
EM5V,48.52,32.25,288,UKR,Ukraine
EM5W,49.83,24.0,288,UKR,Ukraine
EM5X,50.3,28.67,288,UKR,Ukraine
EM5Y,48.32,25.87,288,UKR,Ukraine
EM5Z,46.95,32.0,288,UKR,Ukraine
EM6A,51.42,33.55,288,UKR,Ukraine
EM6B,49.58,25.65,288,UKR,Ukraine
EM6C,49.45,32.07,288,UKR,Ukraine
EM6D,47.83,35.17,288,UKR,Ukraine
EM6E,48.48,35.0,288,UKR,Ukraine
EM6F,46.5,30.75,288,UKR,Ukraine
EM6G,46.65,32.63,288,UKR,Ukraine
EM6H,49.58,34.58,288,UKR,Ukraine
EM6I,48.0,37.83,288,UKR,Ukraine
EM6K,50.65,26.17,288,UKR,Ukraine
EM6L,50.37,36.25,288,UKR,Ukraine
EM6M,48.58,39.33,288,UKR,Ukraine
EM6N,49.18,28.5,288,UKR,Ukraine
EM6P,50.65,24.15,288,UKR,Ukraine
EM6R,51.5,31.3,288,UKR,Ukraine
EM6S,48.67,26.6,288,UKR,Ukraine
EM6T,49.42,26.98,288,UKR,Ukraine
EM6U,50.42,30.5,288,UKR,Ukraine
EM6V,48.52,32.25,288,UKR,Ukraine
EM6W,49.83,24.0,288,UKR,Ukraine
EM6X,50.3,28.67,288,UKR,Ukraine
EM6Y,48.32,25.87,288,UKR,Ukraine
EM6Z,46.95,32.0,288,UKR,Ukraine
EM7A,51.42,33.55,288,UKR,Ukraine
EM7B,49.58,25.65,288,UKR,Ukraine
EM7C,49.45,32.07,288,UKR,Ukraine
EM7D,47.83,35.17,288,UKR,Ukraine
EM7E,48.48,35.0,288,UKR,Ukraine
EM7F,46.5,30.75,288,UKR,Ukraine
EM7G,46.65,32.63,288,UKR,Ukraine
EM7H,49.58,34.58,288,UKR,Ukraine
EM7I,48.0,37.83,288,UKR,Ukraine
EM7K,50.65,26.17,288,UKR,Ukraine
EM7L,50.37,36.25,288,UKR,Ukraine
EM7M,48.58,39.33,288,UKR,Ukraine
EM7N,49.18,28.5,288,UKR,Ukraine
EM7P,50.65,24.15,288,UKR,Ukraine
EM7R,51.5,31.3,288,UKR,Ukraine
EM7S,48.67,26.6,288,UKR,Ukraine
EM7T,49.42,26.98,288,UKR,Ukraine
EM7U,50.42,30.5,288,UKR,Ukraine
EM7V,48.52,32.25,288,UKR,Ukraine
EM7W,49.83,24.0,288,UKR,Ukraine
EM7X,50.3,28.67,288,UKR,Ukraine
EM7Y,48.32,25.87,288,UKR,Ukraine
EM7Z,46.95,32.0,288,UKR,Ukraine
EM8A,51.42,33.55,288,UKR,Ukraine
EM8B,49.58,25.65,288,UKR,Ukraine
EM8C,49.45,32.07,288,UKR,Ukraine
EM8D,47.83,35.17,288,UKR,Ukraine
EM8E,48.48,35.0,288,UKR,Ukraine
EM8F,46.5,30.75,288,UKR,Ukraine
EM8G,46.65,32.63,288,UKR,Ukraine
EM8H,49.58,34.58,288,UKR,Ukraine
EM8I,48.0,37.83,288,UKR,Ukraine
EM8K,50.65,26.17,288,UKR,Ukraine
EM8L,50.37,36.25,288,UKR,Ukraine
EM8M,48.58,39.33,288,UKR,Ukraine
EM8N,49.18,28.5,288,UKR,Ukraine
EM8P,50.65,24.15,288,UKR,Ukraine
EM8R,51.5,31.3,288,UKR,Ukraine
EM8S,48.67,26.6,288,UKR,Ukraine
EM8T,49.42,26.98,288,UKR,Ukraine
EM8U,50.42,30.5,288,UKR,Ukraine
EM8V,48.52,32.25,288,UKR,Ukraine
EM8W,49.83,24.0,288,UKR,Ukraine
EM8X,50.3,28.67,288,UKR,Ukraine
EM8Y,48.32,25.87,288,UKR,Ukraine
EM8Z,46.95,32.0,288,UKR,Ukraine
EM9A,51.42,33.55,288,UKR,Ukraine
EM9B,49.58,25.65,288,UKR,Ukraine
EM9C,49.45,32.07,288,UKR,Ukraine
EM9D,47.83,35.17,288,UKR,Ukraine
EM9E,48.48,35.0,288,UKR,Ukraine
EM9F,46.5,30.75,288,UKR,Ukraine
EM9G,46.65,32.63,288,UKR,Ukraine
EM9H,49.58,34.58,288,UKR,Ukraine
EM9I,48.0,37.83,288,UKR,Ukraine
EM9K,50.65,26.17,288,UKR,Ukraine
EM9L,50.37,36.25,288,UKR,Ukraine
EM9M,48.58,39.33,288,UKR,Ukraine
EM9N,49.18,28.5,288,UKR,Ukraine
EM9P,50.65,24.15,288,UKR,Ukraine
EM9R,51.5,31.3,288,UKR,Ukraine
EM9S,48.67,26.6,288,UKR,Ukraine
EM9T,49.42,26.98,288,UKR,Ukraine
EM9U,50.42,30.5,288,UKR,Ukraine
EM9V,48.52,32.25,288,UKR,Ukraine
EM9W,49.83,24.0,288,UKR,Ukraine
EM9X,50.3,28.67,288,UKR,Ukraine
EM9Y,48.32,25.87,288,UKR,Ukraine
EM9Z,46.95,32.0,288,UKR,Ukraine
EN,50.0,30.0,288,UKR,Ukraine
EN0A,51.42,33.55,288,UKR,Ukraine
EN0B,49.58,25.65,288,UKR,Ukraine
EN0C,49.45,32.07,288,UKR,Ukraine
EN0D,47.83,35.17,288,UKR,Ukraine
EN0E,48.48,35.0,288,UKR,Ukraine
EN0F,46.5,30.75,288,UKR,Ukraine
EN0G,46.65,32.63,288,UKR,Ukraine
EN0H,49.58,34.58,288,UKR,Ukraine
EN0I,48.0,37.83,288,UKR,Ukraine
EN0K,50.65,26.17,288,UKR,Ukraine
EN0L,50.37,36.25,288,UKR,Ukraine
EN0M,48.58,39.33,288,UKR,Ukraine
EN0N,49.18,28.5,288,UKR,Ukraine
EN0P,50.65,24.15,288,UKR,Ukraine
EN0R,51.5,31.3,288,UKR,Ukraine
EN0S,48.67,26.6,288,UKR,Ukraine
EN0T,49.42,26.98,288,UKR,Ukraine
EN0U,50.42,30.5,288,UKR,Ukraine
EN0V,48.52,32.25,288,UKR,Ukraine
EN0W,49.83,24.0,288,UKR,Ukraine
EN0X,50.3,28.67,288,UKR,Ukraine
EN0Y,48.32,25.87,288,UKR,Ukraine
EN0Z,46.95,32.0,288,UKR,Ukraine
EN1A,51.42,33.55,288,UKR,Ukraine
EN1B,49.58,25.65,288,UKR,Ukraine
EN1C,49.45,32.07,288,UKR,Ukraine
EN1D,47.83,35.17,288,UKR,Ukraine
EN1E,48.48,35.0,288,UKR,Ukraine
EN1F,46.5,30.75,288,UKR,Ukraine
EN1G,46.65,32.63,288,UKR,Ukraine
EN1H,49.58,34.58,288,UKR,Ukraine
EN1I,48.0,37.83,288,UKR,Ukraine
EN1K,50.65,26.17,288,UKR,Ukraine
EN1L,50.37,36.25,288,UKR,Ukraine
EN1M,48.58,39.33,288,UKR,Ukraine
EN1N,49.18,28.5,288,UKR,Ukraine
EN1P,50.65,24.15,288,UKR,Ukraine
EN1R,51.5,31.3,288,UKR,Ukraine
EN1S,48.67,26.6,288,UKR,Ukraine
EN1T,49.42,26.98,288,UKR,Ukraine
EN1U,50.42,30.5,288,UKR,Ukraine
EN1V,48.52,32.25,288,UKR,Ukraine
EN1W,49.83,24.0,288,UKR,Ukraine
EN1X,50.3,28.67,288,UKR,Ukraine
EN1Y,48.32,25.87,288,UKR,Ukraine
EN1Z,46.95,32.0,288,UKR,Ukraine
EN2A,51.42,33.55,288,UKR,Ukraine
EN2B,49.58,25.65,288,UKR,Ukraine
EN2C,49.45,32.07,288,UKR,Ukraine
EN2D,47.83,35.17,288,UKR,Ukraine
EN2E,48.48,35.0,288,UKR,Ukraine
EN2F,46.5,30.75,288,UKR,Ukraine
EN2G,46.65,32.63,288,UKR,Ukraine
EN2H,49.58,34.58,288,UKR,Ukraine
EN2I,48.0,37.83,288,UKR,Ukraine
EN2K,50.65,26.17,288,UKR,Ukraine
EN2L,50.37,36.25,288,UKR,Ukraine
EN2M,48.58,39.33,288,UKR,Ukraine
EN2N,49.18,28.5,288,UKR,Ukraine
EN2P,50.65,24.15,288,UKR,Ukraine
EN2R,51.5,31.3,288,UKR,Ukraine
EN2S,48.67,26.6,288,UKR,Ukraine
EN2T,49.42,26.98,288,UKR,Ukraine
EN2U,50.42,30.5,288,UKR,Ukraine
EN2V,48.52,32.25,288,UKR,Ukraine
EN2W,49.83,24.0,288,UKR,Ukraine
EN2X,50.3,28.67,288,UKR,Ukraine
EN2Y,48.32,25.87,288,UKR,Ukraine
EN2Z,46.95,32.0,288,UKR,Ukraine
EN3A,51.42,33.55,288,UKR,Ukraine
EN3B,49.58,25.65,288,UKR,Ukraine
EN3C,49.45,32.07,288,UKR,Ukraine
EN3D,47.83,35.17,288,UKR,Ukraine
EN3E,48.48,35.0,288,UKR,Ukraine
EN3F,46.5,30.75,288,UKR,Ukraine
EN3G,46.65,32.63,288,UKR,Ukraine
EN3H,49.58,34.58,288,UKR,Ukraine
EN3I,48.0,37.83,288,UKR,Ukraine
EN3K,50.65,26.17,288,UKR,Ukraine
EN3L,50.37,36.25,288,UKR,Ukraine
EN3M,48.58,39.33,288,UKR,Ukraine
EN3N,49.18,28.5,288,UKR,Ukraine
EN3P,50.65,24.15,288,UKR,Ukraine
EN3R,51.5,31.3,288,UKR,Ukraine
EN3S,48.67,26.6,288,UKR,Ukraine
EN3T,49.42,26.98,288,UKR,Ukraine
EN3U,50.42,30.5,288,UKR,Ukraine
EN3V,48.52,32.25,288,UKR,Ukraine
EN3W,49.83,24.0,288,UKR,Ukraine
EN3X,50.3,28.67,288,UKR,Ukraine
EN3Y,48.32,25.87,288,UKR,Ukraine
EN3Z,46.95,32.0,288,UKR,Ukraine
EN4A,51.42,33.55,288,UKR,Ukraine
EN4B,49.58,25.65,288,UKR,Ukraine
EN4C,49.45,32.07,288,UKR,Ukraine
EN4D,47.83,35.17,288,UKR,Ukraine
EN4E,48.48,35.0,288,UKR,Ukraine
EN4F,46.5,30.75,288,UKR,Ukraine
EN4G,46.65,32.63,288,UKR,Ukraine
EN4H,49.58,34.58,288,UKR,Ukraine
EN4I,48.0,37.83,288,UKR,Ukraine
EN4K,50.65,26.17,288,UKR,Ukraine
EN4L,50.37,36.25,288,UKR,Ukraine
EN4M,48.58,39.33,288,UKR,Ukraine
EN4N,49.18,28.5,288,UKR,Ukraine
EN4P,50.65,24.15,288,UKR,Ukraine
EN4R,51.5,31.3,288,UKR,Ukraine
EN4S,48.67,26.6,288,UKR,Ukraine
EN4T,49.42,26.98,288,UKR,Ukraine
EN4U,50.42,30.5,288,UKR,Ukraine
EN4V,48.52,32.25,288,UKR,Ukraine
EN4W,49.83,24.0,288,UKR,Ukraine
EN4X,50.3,28.67,288,UKR,Ukraine
EN4Y,48.32,25.87,288,UKR,Ukraine
EN4Z,46.95,32.0,288,UKR,Ukraine
EN5A,51.42,33.55,288,UKR,Ukraine
EN5B,49.58,25.65,288,UKR,Ukraine
EN5C,49.45,32.07,288,UKR,Ukraine
EN5D,47.83,35.17,288,UKR,Ukraine
EN5E,48.48,35.0,288,UKR,Ukraine
EN5F,46.5,30.75,288,UKR,Ukraine
EN5G,46.65,32.63,288,UKR,Ukraine
EN5H,49.58,34.58,288,UKR,Ukraine
EN5I,48.0,37.83,288,UKR,Ukraine
EN5K,50.65,26.17,288,UKR,Ukraine
EN5L,50.37,36.25,288,UKR,Ukraine
EN5M,48.58,39.33,288,UKR,Ukraine
EN5N,49.18,28.5,288,UKR,Ukraine
EN5P,50.65,24.15,288,UKR,Ukraine
EN5R,51.5,31.3,288,UKR,Ukraine
EN5S,48.67,26.6,288,UKR,Ukraine
EN5T,49.42,26.98,288,UKR,Ukraine
EN5U,50.42,30.5,288,UKR,Ukraine
EN5V,48.52,32.25,288,UKR,Ukraine
EN5W,49.83,24.0,288,UKR,Ukraine
EN5X,50.3,28.67,288,UKR,Ukraine
EN5Y,48.32,25.87,288,UKR,Ukraine
EN5Z,46.95,32.0,288,UKR,Ukraine
EN6A,51.42,33.55,288,UKR,Ukraine
EN6B,49.58,25.65,288,UKR,Ukraine
EN6C,49.45,32.07,288,UKR,Ukraine
EN6D,47.83,35.17,288,UKR,Ukraine
EN6E,48.48,35.0,288,UKR,Ukraine
EN6F,46.5,30.75,288,UKR,Ukraine
EN6G,46.65,32.63,288,UKR,Ukraine
EN6H,49.58,34.58,288,UKR,Ukraine
EN6I,48.0,37.83,288,UKR,Ukraine
EN6K,50.65,26.17,288,UKR,Ukraine
EN6L,50.37,36.25,288,UKR,Ukraine
EN6M,48.58,39.33,288,UKR,Ukraine
EN6N,49.18,28.5,288,UKR,Ukraine
EN6P,50.65,24.15,288,UKR,Ukraine
EN6R,51.5,31.3,288,UKR,Ukraine
EN6S,48.67,26.6,288,UKR,Ukraine
EN6T,49.42,26.98,288,UKR,Ukraine
EN6U,50.42,30.5,288,UKR,Ukraine
EN6V,48.52,32.25,288,UKR,Ukraine
EN6W,49.83,24.0,288,UKR,Ukraine
EN6X,50.3,28.67,288,UKR,Ukraine
EN6Y,48.32,25.87,288,UKR,Ukraine
EN6Z,46.95,32.0,288,UKR,Ukraine
EN7A,51.42,33.55,288,UKR,Ukraine
EN7B,49.58,25.65,288,UKR,Ukraine
EN7C,49.45,32.07,288,UKR,Ukraine
EN7D,47.83,35.17,288,UKR,Ukraine
EN7E,48.48,35.0,288,UKR,Ukraine
EN7F,46.5,30.75,288,UKR,Ukraine
EN7G,46.65,32.63,288,UKR,Ukraine
EN7H,49.58,34.58,288,UKR,Ukraine
EN7I,48.0,37.83,288,UKR,Ukraine
EN7K,50.65,26.17,288,UKR,Ukraine
EN7L,50.37,36.25,288,UKR,Ukraine
EN7M,48.58,39.33,288,UKR,Ukraine
EN7N,49.18,28.5,288,UKR,Ukraine
EN7P,50.65,24.15,288,UKR,Ukraine
EN7R,51.5,31.3,288,UKR,Ukraine
EN7S,48.67,26.6,288,UKR,Ukraine
EN7T,49.42,26.98,288,UKR,Ukraine
EN7U,50.42,30.5,288,UKR,Ukraine
EN7V,48.52,32.25,288,UKR,Ukraine
EN7W,49.83,24.0,288,UKR,Ukraine
EN7X,50.3,28.67,288,UKR,Ukraine
EN7Y,48.32,25.87,288,UKR,Ukraine
EN7Z,46.95,32.0,288,UKR,Ukraine
EN8A,51.42,33.55,288,UKR,Ukraine
EN8B,49.58,25.65,288,UKR,Ukraine
EN8C,49.45,32.07,288,UKR,Ukraine
EN8D,47.83,35.17,288,UKR,Ukraine
EN8E,48.48,35.0,288,UKR,Ukraine
EN8F,46.5,30.75,288,UKR,Ukraine
EN8G,46.65,32.63,288,UKR,Ukraine
EN8H,49.58,34.58,288,UKR,Ukraine
EN8I,48.0,37.83,288,UKR,Ukraine
EN8K,50.65,26.17,288,UKR,Ukraine
EN8L,50.37,36.25,288,UKR,Ukraine
EN8M,48.58,39.33,288,UKR,Ukraine
EN8N,49.18,28.5,288,UKR,Ukraine
EN8P,50.65,24.15,288,UKR,Ukraine
EN8R,51.5,31.3,288,UKR,Ukraine
EN8S,48.67,26.6,288,UKR,Ukraine
EN8T,49.42,26.98,288,UKR,Ukraine
EN8U,50.42,30.5,288,UKR,Ukraine
EN8V,48.52,32.25,288,UKR,Ukraine
EN8W,49.83,24.0,288,UKR,Ukraine
EN8X,50.3,28.67,288,UKR,Ukraine
EN8Y,48.32,25.87,288,UKR,Ukraine
EN8Z,46.95,32.0,288,UKR,Ukraine
EN9A,51.42,33.55,288,UKR,Ukraine
EN9B,49.58,25.65,288,UKR,Ukraine
EN9C,49.45,32.07,288,UKR,Ukraine
EN9D,47.83,35.17,288,UKR,Ukraine
EN9E,48.48,35.0,288,UKR,Ukraine
EN9F,46.5,30.75,288,UKR,Ukraine
EN9G,46.65,32.63,288,UKR,Ukraine
EN9H,49.58,34.58,288,UKR,Ukraine
EN9I,48.0,37.83,288,UKR,Ukraine
EN9K,50.65,26.17,288,UKR,Ukraine
EN9L,50.37,36.25,288,UKR,Ukraine
EN9M,48.58,39.33,288,UKR,Ukraine
EN9N,49.18,28.5,288,UKR,Ukraine
EN9P,50.65,24.15,288,UKR,Ukraine
EN9R,51.5,31.3,288,UKR,Ukraine
EN9S,48.67,26.6,288,UKR,Ukraine
EN9T,49.42,26.98,288,UKR,Ukraine
EN9U,50.42,30.5,288,UKR,Ukraine
EN9V,48.52,32.25,288,UKR,Ukraine
EN9W,49.83,24.0,288,UKR,Ukraine
EN9X,50.3,28.67,288,UKR,Ukraine
EN9Y,48.32,25.87,288,UKR,Ukraine
EN9Z,46.95,32.0,288,UKR,Ukraine
EO,50.0,30.0,288,UKR,Ukraine
EO0A,51.42,33.55,288,UKR,Ukraine
EO0B,49.58,25.65,288,UKR,Ukraine
EO0C,49.45,32.07,288,UKR,Ukraine
EO0D,47.83,35.17,288,UKR,Ukraine
EO0E,48.48,35.0,288,UKR,Ukraine
EO0F,46.5,30.75,288,UKR,Ukraine
EO0G,46.65,32.63,288,UKR,Ukraine
EO0H,49.58,34.58,288,UKR,Ukraine
EO0I,48.0,37.83,288,UKR,Ukraine
EO0K,50.65,26.17,288,UKR,Ukraine
EO0L,50.37,36.25,288,UKR,Ukraine
EO0M,48.58,39.33,288,UKR,Ukraine
EO0N,49.18,28.5,288,UKR,Ukraine
EO0P,50.65,24.15,288,UKR,Ukraine
EO0R,51.5,31.3,288,UKR,Ukraine
EO0S,48.67,26.6,288,UKR,Ukraine
EO0T,49.42,26.98,288,UKR,Ukraine
EO0U,50.42,30.5,288,UKR,Ukraine
EO0V,48.52,32.25,288,UKR,Ukraine
EO0W,49.83,24.0,288,UKR,Ukraine
EO0X,50.3,28.67,288,UKR,Ukraine
EO0Y,48.32,25.87,288,UKR,Ukraine
EO0Z,46.95,32.0,288,UKR,Ukraine
EO1A,51.42,33.55,288,UKR,Ukraine
EO1B,49.58,25.65,288,UKR,Ukraine
EO1C,49.45,32.07,288,UKR,Ukraine
EO1D,47.83,35.17,288,UKR,Ukraine
EO1E,48.48,35.0,288,UKR,Ukraine
EO1F,46.5,30.75,288,UKR,Ukraine
EO1G,46.65,32.63,288,UKR,Ukraine
EO1H,49.58,34.58,288,UKR,Ukraine
EO1I,48.0,37.83,288,UKR,Ukraine
EO1K,50.65,26.17,288,UKR,Ukraine
EO1L,50.37,36.25,288,UKR,Ukraine
EO1M,48.58,39.33,288,UKR,Ukraine
EO1N,49.18,28.5,288,UKR,Ukraine
EO1P,50.65,24.15,288,UKR,Ukraine
EO1R,51.5,31.3,288,UKR,Ukraine
EO1S,48.67,26.6,288,UKR,Ukraine
EO1T,49.42,26.98,288,UKR,Ukraine
EO1U,50.42,30.5,288,UKR,Ukraine
EO1V,48.52,32.25,288,UKR,Ukraine
EO1W,49.83,24.0,288,UKR,Ukraine
EO1X,50.3,28.67,288,UKR,Ukraine
EO1Y,48.32,25.87,288,UKR,Ukraine
EO1Z,46.95,32.0,288,UKR,Ukraine
EO2A,51.42,33.55,288,UKR,Ukraine
EO2B,49.58,25.65,288,UKR,Ukraine
EO2C,49.45,32.07,288,UKR,Ukraine
EO2D,47.83,35.17,288,UKR,Ukraine
EO2E,48.48,35.0,288,UKR,Ukraine
EO2F,46.5,30.75,288,UKR,Ukraine
EO2G,46.65,32.63,288,UKR,Ukraine
EO2H,49.58,34.58,288,UKR,Ukraine
EO2I,48.0,37.83,288,UKR,Ukraine
EO2K,50.65,26.17,288,UKR,Ukraine
EO2L,50.37,36.25,288,UKR,Ukraine
EO2M,48.58,39.33,288,UKR,Ukraine
EO2N,49.18,28.5,288,UKR,Ukraine
EO2P,50.65,24.15,288,UKR,Ukraine
EO2R,51.5,31.3,288,UKR,Ukraine
EO2S,48.67,26.6,288,UKR,Ukraine
EO2T,49.42,26.98,288,UKR,Ukraine
EO2U,50.42,30.5,288,UKR,Ukraine
EO2V,48.52,32.25,288,UKR,Ukraine
EO2W,49.83,24.0,288,UKR,Ukraine
EO2X,50.3,28.67,288,UKR,Ukraine
EO2Y,48.32,25.87,288,UKR,Ukraine
EO2Z,46.95,32.0,288,UKR,Ukraine
EO3A,51.42,33.55,288,UKR,Ukraine
EO3B,49.58,25.65,288,UKR,Ukraine
EO3C,49.45,32.07,288,UKR,Ukraine
EO3D,47.83,35.17,288,UKR,Ukraine
EO3E,48.48,35.0,288,UKR,Ukraine
EO3F,46.5,30.75,288,UKR,Ukraine
EO3G,46.65,32.63,288,UKR,Ukraine
EO3H,49.58,34.58,288,UKR,Ukraine
EO3I,48.0,37.83,288,UKR,Ukraine
EO3K,50.65,26.17,288,UKR,Ukraine
EO3L,50.37,36.25,288,UKR,Ukraine
EO3M,48.58,39.33,288,UKR,Ukraine
EO3N,49.18,28.5,288,UKR,Ukraine
EO3P,50.65,24.15,288,UKR,Ukraine
EO3R,51.5,31.3,288,UKR,Ukraine
EO3S,48.67,26.6,288,UKR,Ukraine
EO3T,49.42,26.98,288,UKR,Ukraine
EO3U,50.42,30.5,288,UKR,Ukraine
EO3V,48.52,32.25,288,UKR,Ukraine
EO3W,49.83,24.0,288,UKR,Ukraine
EO3X,50.3,28.67,288,UKR,Ukraine
EO3Y,48.32,25.87,288,UKR,Ukraine
EO3Z,46.95,32.0,288,UKR,Ukraine
EO4A,51.42,33.55,288,UKR,Ukraine
EO4B,49.58,25.65,288,UKR,Ukraine
EO4C,49.45,32.07,288,UKR,Ukraine
EO4D,47.83,35.17,288,UKR,Ukraine
EO4E,48.48,35.0,288,UKR,Ukraine
EO4F,46.5,30.75,288,UKR,Ukraine
EO4G,46.65,32.63,288,UKR,Ukraine
EO4H,49.58,34.58,288,UKR,Ukraine
EO4I,48.0,37.83,288,UKR,Ukraine
EO4K,50.65,26.17,288,UKR,Ukraine
EO4L,50.37,36.25,288,UKR,Ukraine
EO4M,48.58,39.33,288,UKR,Ukraine
EO4N,49.18,28.5,288,UKR,Ukraine
EO4P,50.65,24.15,288,UKR,Ukraine
EO4R,51.5,31.3,288,UKR,Ukraine
EO4S,48.67,26.6,288,UKR,Ukraine
EO4T,49.42,26.98,288,UKR,Ukraine
EO4U,50.42,30.5,288,UKR,Ukraine
EO4V,48.52,32.25,288,UKR,Ukraine
EO4W,49.83,24.0,288,UKR,Ukraine
EO4X,50.3,28.67,288,UKR,Ukraine
EO4Y,48.32,25.87,288,UKR,Ukraine
EO4Z,46.95,32.0,288,UKR,Ukraine
EO5A,51.42,33.55,288,UKR,Ukraine
EO5B,49.58,25.65,288,UKR,Ukraine
EO5C,49.45,32.07,288,UKR,Ukraine
EO5D,47.83,35.17,288,UKR,Ukraine
EO5E,48.48,35.0,288,UKR,Ukraine
EO5F,46.5,30.75,288,UKR,Ukraine
EO5G,46.65,32.63,288,UKR,Ukraine
EO5H,49.58,34.58,288,UKR,Ukraine
EO5I,48.0,37.83,288,UKR,Ukraine
EO5K,50.65,26.17,288,UKR,Ukraine
EO5L,50.37,36.25,288,UKR,Ukraine
EO5M,48.58,39.33,288,UKR,Ukraine
EO5N,49.18,28.5,288,UKR,Ukraine
EO5P,50.65,24.15,288,UKR,Ukraine
EO5R,51.5,31.3,288,UKR,Ukraine
EO5S,48.67,26.6,288,UKR,Ukraine
EO5T,49.42,26.98,288,UKR,Ukraine
EO5U,50.42,30.5,288,UKR,Ukraine
EO5V,48.52,32.25,288,UKR,Ukraine
EO5W,49.83,24.0,288,UKR,Ukraine
EO5X,50.3,28.67,288,UKR,Ukraine
EO5Y,48.32,25.87,288,UKR,Ukraine
EO5Z,46.95,32.0,288,UKR,Ukraine
EO6A,51.42,33.55,288,UKR,Ukraine
EO6B,49.58,25.65,288,UKR,Ukraine
EO6C,49.45,32.07,288,UKR,Ukraine
EO6D,47.83,35.17,288,UKR,Ukraine
EO6E,48.48,35.0,288,UKR,Ukraine
EO6F,46.5,30.75,288,UKR,Ukraine
EO6G,46.65,32.63,288,UKR,Ukraine
EO6H,49.58,34.58,288,UKR,Ukraine
EO6I,48.0,37.83,288,UKR,Ukraine
EO6K,50.65,26.17,288,UKR,Ukraine
EO6L,50.37,36.25,288,UKR,Ukraine
EO6M,48.58,39.33,288,UKR,Ukraine
EO6N,49.18,28.5,288,UKR,Ukraine
EO6P,50.65,24.15,288,UKR,Ukraine
EO6R,51.5,31.3,288,UKR,Ukraine
EO6S,48.67,26.6,288,UKR,Ukraine
EO6T,49.42,26.98,288,UKR,Ukraine
EO6U,50.42,30.5,288,UKR,Ukraine
EO6V,48.52,32.25,288,UKR,Ukraine
EO6W,49.83,24.0,288,UKR,Ukraine
EO6X,50.3,28.67,288,UKR,Ukraine
EO6Y,48.32,25.87,288,UKR,Ukraine
EO6Z,46.95,32.0,288,UKR,Ukraine
EO7A,51.42,33.55,288,UKR,Ukraine
EO7B,49.58,25.65,288,UKR,Ukraine
EO7C,49.45,32.07,288,UKR,Ukraine
EO7D,47.83,35.17,288,UKR,Ukraine
EO7E,48.48,35.0,288,UKR,Ukraine
EO7F,46.5,30.75,288,UKR,Ukraine
EO7G,46.65,32.63,288,UKR,Ukraine
EO7H,49.58,34.58,288,UKR,Ukraine
EO7I,48.0,37.83,288,UKR,Ukraine
EO7K,50.65,26.17,288,UKR,Ukraine
EO7L,50.37,36.25,288,UKR,Ukraine
EO7M,48.58,39.33,288,UKR,Ukraine
EO7N,49.18,28.5,288,UKR,Ukraine
EO7P,50.65,24.15,288,UKR,Ukraine
EO7R,51.5,31.3,288,UKR,Ukraine
EO7S,48.67,26.6,288,UKR,Ukraine
EO7T,49.42,26.98,288,UKR,Ukraine
EO7U,50.42,30.5,288,UKR,Ukraine
EO7V,48.52,32.25,288,UKR,Ukraine
EO7W,49.83,24.0,288,UKR,Ukraine
EO7X,50.3,28.67,288,UKR,Ukraine
EO7Y,48.32,25.87,288,UKR,Ukraine
EO7Z,46.95,32.0,288,UKR,Ukraine
EO8A,51.42,33.55,288,UKR,Ukraine
EO8B,49.58,25.65,288,UKR,Ukraine
EO8C,49.45,32.07,288,UKR,Ukraine
EO8D,47.83,35.17,288,UKR,Ukraine
EO8E,48.48,35.0,288,UKR,Ukraine
EO8F,46.5,30.75,288,UKR,Ukraine
EO8G,46.65,32.63,288,UKR,Ukraine
EO8H,49.58,34.58,288,UKR,Ukraine
EO8I,48.0,37.83,288,UKR,Ukraine
EO8K,50.65,26.17,288,UKR,Ukraine
EO8L,50.37,36.25,288,UKR,Ukraine
EO8M,48.58,39.33,288,UKR,Ukraine
EO8N,49.18,28.5,288,UKR,Ukraine
EO8P,50.65,24.15,288,UKR,Ukraine
EO8R,51.5,31.3,288,UKR,Ukraine
EO8S,48.67,26.6,288,UKR,Ukraine
EO8T,49.42,26.98,288,UKR,Ukraine
EO8U,50.42,30.5,288,UKR,Ukraine
EO8V,48.52,32.25,288,UKR,Ukraine
EO8W,49.83,24.0,288,UKR,Ukraine
EO8X,50.3,28.67,288,UKR,Ukraine
EO8Y,48.32,25.87,288,UKR,Ukraine
EO8Z,46.95,32.0,288,UKR,Ukraine
EO9A,51.42,33.55,288,UKR,Ukraine
EO9B,49.58,25.65,288,UKR,Ukraine
EO9C,49.45,32.07,288,UKR,Ukraine
EO9D,47.83,35.17,288,UKR,Ukraine
EO9E,48.48,35.0,288,UKR,Ukraine
EO9F,46.5,30.75,288,UKR,Ukraine
EO9G,46.65,32.63,288,UKR,Ukraine
EO9H,49.58,34.58,288,UKR,Ukraine
EO9I,48.0,37.83,288,UKR,Ukraine
EO9K,50.65,26.17,288,UKR,Ukraine
EO9L,50.37,36.25,288,UKR,Ukraine
EO9M,48.58,39.33,288,UKR,Ukraine
EO9N,49.18,28.5,288,UKR,Ukraine
EO9P,50.65,24.15,288,UKR,Ukraine
EO9R,51.5,31.3,288,UKR,Ukraine
EO9S,48.67,26.6,288,UKR,Ukraine
EO9T,49.42,26.98,288,UKR,Ukraine
EO9U,50.42,30.5,288,UKR,Ukraine
EO9V,48.52,32.25,288,UKR,Ukraine
EO9W,49.83,24.0,288,UKR,Ukraine
EO9X,50.3,28.67,288,UKR,Ukraine
EO9Y,48.32,25.87,288,UKR,Ukraine
EO9Z,46.95,32.0,288,UKR,Ukraine
EP,32.0,53.0,330,IRN,Iran
EQ,32.0,53.0,330,IRN,Iran
ER,47.0,29.0,179,MDA,Moldova
ES,59.0,25.0,52,EST,Estonia
ES0,58.62,22.6,52,EST,Estonia
ES1,59.43,24.73,52,EST,Estonia
ES2,59.43,24.73,52,EST,Estonia
ES3,58.93,24.62,52,EST,Estonia
ES4,59.35,26.88,52,EST,Estonia
ES5,58.55,26.55,52,EST,Estonia
ES6,57.88,26.68,52,EST,Estonia
ES7,58.37,25.6,52,EST,Estonia
ES8,58.38,24.5,52,EST,Estonia
ET,9.0,39.0,53,ETH,Ethiopia
EU,54.0,28.0,27,BLR,Belarus
EU1,53.9,27.57,27,BLR,Belarus
EU2,53.9,27.57,27,BLR,Belarus
EU3,52.13,23.67,27,BLR,Belarus
EU4,53.13,28.67,27,BLR,Belarus
EU6,55.17,30.23,27,BLR,Belarus
EU7,53.9,30.33,27,BLR,Belarus
EU8,52.42,31.0,27,BLR,Belarus
EV,54.0,28.0,27,BLR,Belarus
EV1,53.9,27.57,27,BLR,Belarus
EV2,53.9,27.57,27,BLR,Belarus
EV3,52.13,23.67,27,BLR,Belarus
EV4,53.13,28.67,27,BLR,Belarus
EV6,55.17,30.23,27,BLR,Belarus
EV7,53.9,30.33,27,BLR,Belarus
EV8,52.42,31.0,27,BLR,Belarus
EW,54.0,28.0,27,BLR,Belarus
EW1,53.9,27.57,27,BLR,Belarus
EW2,53.9,27.57,27,BLR,Belarus
EW3,52.13,23.67,27,BLR,Belarus
EW4,53.13,28.67,27,BLR,Belarus
EW6,55.17,30.23,27,BLR,Belarus
EW7,53.9,30.33,27,BLR,Belarus
EW8,52.42,31.0,27,BLR,Belarus
EX,41.7,74.13,135,KGZ,Kyrgyzstan
EX0M,42.87,74.62,135,KGZ,Kyrgyzstan
EX0N,40.53,72.8,135,KGZ,Kyrgyzstan
EX0P,41.43,76.0,135,KGZ,Kyrgyzstan
EX0Q,42.48,78.4,135,KGZ,Kyrgyzstan
EX0T,42.52,72.23,135,KGZ,Kyrgyzstan
EX0V,40.93,73.0,135,KGZ,Kyrgyzstan
EX2M,42.87,74.62,135,KGZ,Kyrgyzstan
EX2N,40.53,72.8,135,KGZ,Kyrgyzstan
EX2P,41.43,76.0,135,KGZ,Kyrgyzstan
EX2Q,42.48,78.4,135,KGZ,Kyrgyzstan
EX2T,42.52,72.23,135,KGZ,Kyrgyzstan
EX2V,40.93,73.0,135,KGZ,Kyrgyzstan
EX6M,42.87,74.62,135,KGZ,Kyrgyzstan
EX6N,40.53,72.8,135,KGZ,Kyrgyzstan
EX6P,41.43,76.0,135,KGZ,Kyrgyzstan
EX6Q,42.48,78.4,135,KGZ,Kyrgyzstan
EX6T,42.52,72.23,135,KGZ,Kyrgyzstan
EX6V,40.93,73.0,135,KGZ,Kyrgyzstan
EX7M,42.87,74.62,135,KGZ,Kyrgyzstan
EX7N,40.53,72.8,135,KGZ,Kyrgyzstan
EX7P,41.43,76.0,135,KGZ,Kyrgyzstan
EX7Q,42.48,78.4,135,KGZ,Kyrgyzstan
EX7T,42.52,72.23,135,KGZ,Kyrgyzstan
EX7V,40.93,73.0,135,KGZ,Kyrgyzstan
EX8M,42.87,74.62,135,KGZ,Kyrgyzstan
EX8N,40.53,72.8,135,KGZ,Kyrgyzstan
EX8P,41.43,76.0,135,KGZ,Kyrgyzstan
EX8Q,42.48,78.4,135,KGZ,Kyrgyzstan
EX8T,42.52,72.23,135,KGZ,Kyrgyzstan
EX8V,40.93,73.0,135,KGZ,Kyrgyzstan
EY,38.82,71.22,262,TJK,Tajikistan
EZ,38.0,58.0,280,TKM,Turkmenistan
EZ3,38.5,59.0,280,TKM,Turkmenistan
EZ4,40.0,55.0,280,TKM,Turkmenistan
EZ5,37.0,62.0,280,TKM,Turkmenistan
EZ6,41.0,58.5,280,TKM,Turkmenistan
EZ7,39.0,63.0,280,TKM,Turkmenistan
EZ8,37.93,58.37,280,TKM,Turkmenistan
F,46.0,2.0,227,FRA,France
FG,16.13,-61.67,79,GLP,Guadeloupe
FH,-12.88,45.15,169,MYT,Mayotte
FJ,17.9,-62.83,516,BLM,Saint Barthelemy
FK,-21.5,165.5,162,NCL,New Caledonia
FM,14.7,-61.03,84,MTQ,Martinique
FO,-17.65,-149.4,175,PYF,French Polynesia
FO5QS,-8.92,-140.07,509,PYF,Marquesas Is.
FP,46.77,-56.2,277,SPM,St. Pierre & Miquelon
FR,-21.12,55.48,453,REU,Reunion I.
FS,18.08,-63.03,213,MAF,Saint Martin
FT0E,-22.37,40.35,124,ATF,"Juan de Nova, Europa"
FT0G,-11.55,47.28,99,ATF,Glorioso Is.
FT0J,-17.05,42.72,124,ATF,"Juan de Nova, Europa"
FT0T,-15.88,54.5,276,ATF,Tromelin I.
FT0W,-46.42,51.75,41,ATF,Crozet I.
FT0X,-49.0,69.27,131,ATF,Kerguelen Is.
FT0Y,-66.65,140.0,13,ATA,Antarctica
FT0Z,-37.85,77.53,10,ATF,Amsterdam & St. Paul Is.
FT1E,-22.37,40.35,124,ATF,"Juan de Nova, Europa"
FT1G,-11.55,47.28,99,ATF,Glorioso Is.
FT1J,-17.05,42.72,124,ATF,"Juan de Nova, Europa"
FT1T,-15.88,54.5,276,ATF,Tromelin I.
FT1Y,-66.65,140.0,13,ATA,Antarctica
FT1Z,-37.85,77.53,10,ATF,Amsterdam & St. Paul Is.
FT2E,-22.37,40.35,124,ATF,"Juan de Nova, Europa"
FT2G,-11.55,47.28,99,ATF,Glorioso Is.
FT2J,-17.05,42.72,124,ATF,"Juan de Nova, Europa"
FT2T,-15.88,54.5,276,ATF,Tromelin I.
FT2X,-49.0,69.27,131,ATF,Kerguelen Is.
FT2Y,-66.65,140.0,13,ATA,Antarctica
FT2Z,-37.85,77.53,10,ATF,Amsterdam & St. Paul Is.
FT3E,-22.37,40.35,124,ATF,"Juan de Nova, Europa"
FT3G,-11.55,47.28,99,ATF,Glorioso Is.
FT3J,-17.05,42.72,124,ATF,"Juan de Nova, Europa"
FT3T,-15.88,54.5,276,ATF,Tromelin I.
FT3Y,-66.65,140.0,13,ATA,Antarctica
FT3Z,-37.85,77.53,10,ATF,Amsterdam & St. Paul Is.
FT4E,-22.37,40.35,124,ATF,"Juan de Nova, Europa"
FT4G,-11.55,47.28,99,ATF,Glorioso Is.
FT4J,-17.05,42.72,124,ATF,"Juan de Nova, Europa"
FT4T,-15.88,54.5,276,ATF,Tromelin I.
FT4W,-46.42,51.75,41,ATF,Crozet I.
FT4X,-49.0,69.27,131,ATF,Kerguelen Is.
FT4Y,-66.65,140.0,13,ATA,Antarctica
FT4Z,-37.85,77.53,10,ATF,Amsterdam & St. Paul Is.
FT5G,-11.55,47.28,99,ATF,Glorioso Is.
FT5T,-15.88,54.5,276,ATF,Tromelin I.
FT5W,-46.42,51.75,41,ATF,Crozet I.
FT5X,-49.0,69.27,131,ATF,Kerguelen Is.
FT5Y,-66.65,140.0,13,ATA,Antarctica
FT5Z,-37.85,77.53,10,ATF,Amsterdam & St. Paul Is.
FT6E,-22.37,40.35,124,ATF,"Juan de Nova, Europa"
FT6G,-11.55,47.28,99,ATF,Glorioso Is.
FT6J,-17.05,42.72,124,ATF,"Juan de Nova, Europa"
FT6T,-15.88,54.5,276,ATF,Tromelin I.
FT6Y,-66.65,140.0,13,ATA,Antarctica
FT6Z,-37.85,77.53,10,ATF,Amsterdam & St. Paul Is.
FT7E,-22.37,40.35,124,ATF,"Juan de Nova, Europa"
FT7G,-11.55,47.28,99,ATF,Glorioso Is.
FT7J,-17.05,42.72,124,ATF,"Juan de Nova, Europa"
FT7T,-15.88,54.5,276,ATF,Tromelin I.
FT7Y,-66.65,140.0,13,ATA,Antarctica
FT7Z,-37.85,77.53,10,ATF,Amsterdam & St. Paul Is.
FT8E,-22.37,40.35,124,ATF,"Juan de Nova, Europa"
FT8G,-11.55,47.28,99,ATF,Glorioso Is.
FT8J,-17.05,42.72,124,ATF,"Juan de Nova, Europa"
FT8T,-15.88,54.5,276,ATF,Tromelin I.
FT8W,-46.42,51.75,41,ATF,Crozet I.
FT8X,-49.0,69.27,131,ATF,Kerguelen Is.
FT8Y,-66.65,140.0,13,ATA,Antarctica
FT8Z,-37.85,77.53,10,ATF,Amsterdam & St. Paul Is.
FT9E,-22.37,40.35,124,ATF,"Juan de Nova, Europa"
FT9G,-11.55,47.28,99,ATF,Glorioso Is.
FT9J,-17.05,42.72,124,ATF,"Juan de Nova, Europa"
FT9T,-15.88,54.5,276,ATF,Tromelin I.
FW,-13.3,-176.2,298,WLF,Wallis & Futuna
FY,4.0,-53.0,63,GUF,French Guiana
G,52.77,-1.47,223,GBR,England
G1R,56.82,-4.18,279,GBR,Scotland
G4X,56.82,-4.18,279,GBR,Scotland
GC,52.28,-3.73,294,GBR,Wales
GD,54.2,-4.53,114,IMN,Isle of Man
GH,49.22,-2.18,122,JEY,Jersey
GI,54.73,-6.68,265,GBR,Northern Ireland
GJ,49.22,-2.18,122,JEY,Jersey
GM,56.82,-4.18,279,GBR,Scotland
GN,54.73,-6.68,265,GBR,Northern Ireland
GP,49.45,-2.58,106,GGY,Guernsey
GS,56.82,-4.18,279,GBR,Scotland
GT,54.2,-4.53,114,IMN,Isle of Man
GU,49.45,-2.58,106,GGY,Guernsey
GW,52.28,-3.73,294,GBR,Wales
H2,35.0,33.0,215,CYP,Cyprus
H3,9.0,-80.0,88,PAN,Panama
H31,8.98,-79.52,88,PAN,Panama
H32,9.3,-78.35,88,PAN,Panama
H33,8.43,-82.43,88,PAN,Panama
H34,8.83,-81.5,88,PAN,Panama
H35,7.67,-80.5,88,PAN,Panama
H36,8.1,-80.97,88,PAN,Panama
H37,8.4,-77.92,88,PAN,Panama
H38,8.33,-79.12,88,PAN,Panama
H39,7.93,-80.42,88,PAN,Panama
H4,-9.0,160.0,185,SLB,Solomon Is.
H40,-10.72,165.8,507,SLB,Temotu Province
H5,-29.07,22.63,462,ZAF,South Africa
H6,12.88,-85.05,86,NIC,Nicaragua
H7,12.88,-85.05,86,NIC,Nicaragua
H8,9.0,-80.0,88,PAN,Panama
H81,8.98,-79.52,88,PAN,Panama
H82,9.3,-78.35,88,PAN,Panama
H83,8.43,-82.43,88,PAN,Panama
H84,8.83,-81.5,88,PAN,Panama
H85,7.67,-80.5,88,PAN,Panama
H86,8.1,-80.97,88,PAN,Panama
H87,8.4,-77.92,88,PAN,Panama
H88,8.33,-79.12,88,PAN,Panama
H89,7.93,-80.42,88,PAN,Panama
H9,9.0,-80.0,88,PAN,Panama
H91,8.98,-79.52,88,PAN,Panama
H92,9.3,-78.35,88,PAN,Panama
H93,8.43,-82.43,88,PAN,Panama
H94,8.83,-81.5,88,PAN,Panama
H95,7.67,-80.5,88,PAN,Panama
H96,8.1,-80.97,88,PAN,Panama
H97,8.4,-77.92,88,PAN,Panama
H98,8.33,-79.12,88,PAN,Panama
H99,7.93,-80.42,88,PAN,Panama
HA,47.12,19.28,239,HUN,Hungary
HA0,47.85,21.53,239,HUN,Hungary
HA1,47.7,17.63,239,HUN,Hungary
HA2,47.1,17.9,239,HUN,Hungary
HA3,46.08,18.22,239,HUN,Hungary
HA4,48.1,21.32,239,HUN,Hungary
HA5,47.5,19.08,239,HUN,Hungary
HA6,47.6,20.28,239,HUN,Hungary
HA7,47.5,19.08,239,HUN,Hungary
HA8,46.25,20.15,239,HUN,Hungary
HA9,48.1,20.78,239,HUN,Hungary
HB,46.87,8.12,287,CHE,Switzerland
HB0,47.13,9.57,251,LIE,Liechtenstein
HC,-1.4,-78.4,120,ECU,Ecuador
HC1,-0.02,-78.5,120,ECU,Ecuador
HC2,-2.22,-79.92,120,ECU,Ecuador
HC3,-3.32,-79.95,120,ECU,Ecuador
HC4,-0.97,-73.0,120,ECU,Ecuador
HC5,-2.9,-78.65,120,ECU,Ecuador
HC6,-1.3,-78.65,120,ECU,Ecuador
HC7,-1.12,-77.0,120,ECU,Ecuador
HC8,-0.78,-91.03,71,ECU,Galapagos Is.
HC8M/5,-2.9,-78.65,120,ECU,Ecuador
HD,-1.4,-78.4,120,ECU,Ecuador
HD1,-0.02,-78.5,120,ECU,Ecuador
HD2,-2.22,-79.92,120,ECU,Ecuador
HD3,-3.32,-79.95,120,ECU,Ecuador
HD4,-0.97,-73.0,120,ECU,Ecuador
HD5,-2.9,-78.65,120,ECU,Ecuador
HD6,-1.3,-78.65,120,ECU,Ecuador
HD7,-1.12,-77.0,120,ECU,Ecuador
HD8,-0.78,-91.03,71,ECU,Galapagos Is.
HE,46.87,8.12,287,CHE,Switzerland
HE0,47.13,9.57,251,LIE,Liechtenstein
HF,52.28,18.67,269,POL,Poland
HF1,53.42,14.53,269,POL,Poland
HF2,54.45,17.33,269,POL,Poland
HF3,53.0,15.9,269,POL,Poland
HF4,54.17,19.42,269,POL,Poland
HF5,52.27,21.03,269,POL,Poland
HF6,51.08,17.0,269,POL,Poland
HF7,53.28,15.92,269,POL,Poland
HF8,50.07,22.0,269,POL,Poland
HF9,50.25,18.98,269,POL,Poland
HG,47.12,19.28,239,HUN,Hungary
HG0,47.85,21.53,239,HUN,Hungary
HG1,47.7,17.63,239,HUN,Hungary
HG2,47.1,17.9,239,HUN,Hungary
HG3,46.08,18.22,239,HUN,Hungary
HG4,48.1,21.32,239,HUN,Hungary
HG5,47.5,19.08,239,HUN,Hungary
HG6,47.6,20.28,239,HUN,Hungary
HG7,47.5,19.08,239,HUN,Hungary
HG8,46.25,20.15,239,HUN,Hungary
HG9,48.1,20.78,239,HUN,Hungary
HH,19.02,-72.18,78,HTI,Haiti
HI,19.13,-70.68,72,DOM,Dominican Republic
HI1,17.58,-71.52,72,DOM,Dominican Republic
HI2,18.25,-68.85,72,DOM,Dominican Republic
HJ,5.0,-74.0,116,COL,Colombia
HJ0,12.55,-81.72,216,COL,San Andres & Providencia
HJ0M,3.98,-81.58,161,COL,Malpelo I.
HJ1,10.4,-75.5,116,COL,Colombia
HJ2,10.52,-73.27,116,COL,Colombia
HJ3,4.7,-74.13,116,COL,Colombia
HJ4,6.25,-75.6,116,COL,Colombia
HJ5,3.9,-77.02,116,COL,Colombia
HJ6,4.77,-75.77,116,COL,Colombia
HJ7,7.12,-73.17,116,COL,Colombia
HJ8,1.2,-77.27,116,COL,Colombia
HJ9,7.07,-73.1,116,COL,Colombia
HK,5.0,-74.0,116,COL,Colombia
HK0,12.55,-81.72,216,COL,San Andres & Providencia
HK0M,3.98,-81.58,161,COL,Malpelo I.
HK1,10.4,-75.5,116,COL,Colombia
HK2,10.52,-73.27,116,COL,Colombia
HK3,4.7,-74.13,116,COL,Colombia
HK4,6.25,-75.6,116,COL,Colombia
HK4Q/0,13.33,-81.37,216,COL,San Andres & Providencia
HK5,3.9,-77.02,116,COL,Colombia
HK6,4.77,-75.77,116,COL,Colombia
HK7,7.12,-73.17,116,COL,Colombia
HK8,1.2,-77.27,116,COL,Colombia
HK9,7.07,-73.1,116,COL,Colombia
HL,36.23,127.9,137,KOR,Republic of Korea
HN,33.92,42.78,333,IRQ,Iraq
HO,9.0,-80.0,88,PAN,Panama
HO1,8.98,-79.52,88,PAN,Panama
HO2,9.3,-78.35,88,PAN,Panama
HO3,8.43,-82.43,88,PAN,Panama
HO4,8.83,-81.5,88,PAN,Panama
HO5,7.67,-80.5,88,PAN,Panama
HO6,8.1,-80.97,88,PAN,Panama
HO7,8.4,-77.92,88,PAN,Panama
HO8,8.33,-79.12,88,PAN,Panama
HO9,7.93,-80.42,88,PAN,Panama
HP,9.0,-80.0,88,PAN,Panama
HP1,8.98,-79.52,88,PAN,Panama
HP2,9.3,-78.35,88,PAN,Panama
HP3,8.43,-82.43,88,PAN,Panama
HP4,8.83,-81.5,88,PAN,Panama
HP5,7.67,-80.5,88,PAN,Panama
HP6,8.1,-80.97,88,PAN,Panama
HP7,8.4,-77.92,88,PAN,Panama
HP8,8.33,-79.12,88,PAN,Panama
HP9,7.93,-80.42,88,PAN,Panama
HQ,15.0,-87.0,80,HND,Honduras
HQ6,16.38,-86.4,80,HND,Honduras
HQ9,16.47,-86.68,80,HND,Honduras
HR,15.0,-87.0,80,HND,Honduras
HR6,16.38,-86.4,80,HND,Honduras
HR9,16.47,-86.68,80,HND,Honduras
HS,12.6,99.7,387,THA,Thailand
HS1,13.7,100.5,387,THA,Thailand
HS2,13.4,101.7,387,THA,Thailand
HS3,15.25,104.82,387,THA,Thailand
HS4,16.42,102.82,387,THA,Thailand
HS5,18.8,98.97,387,THA,Thailand
HS6,15.7,100.07,387,THA,Thailand
HS7,7.2,100.55,387,THA,Thailand
HS8,8.4,99.97,387,THA,Thailand
HS9,6.52,101.27,387,THA,Thailand
HT,12.88,-85.05,86,NIC,Nicaragua
HU,14.0,-89.0,74,SLV,El Salvador
HV,41.9,12.47,295,VAT,Vatican
HW,46.0,2.0,227,FRA,France
HX,46.0,2.0,227,FRA,France
HY,46.0,2.0,227,FRA,France
HZ,24.2,43.83,378,SAU,Saudi Arabia
I,42.82,12.58,248,ITA,Italy
I0,41.88,12.53,248,ITA,Italy
I1,45.07,7.67,248,ITA,Italy
I2,45.47,9.2,248,ITA,Italy
I3,45.48,12.33,248,ITA,Italy
I4,44.65,10.92,248,ITA,Italy
I5,43.78,11.25,248,ITA,Italy
I6,43.58,13.48,248,ITA,Italy
I7,41.12,16.87,248,ITA,Italy
I8,40.83,14.5,248,ITA,Italy
IA1,44.08,8.77,248,ITA,Italy
IA2,45.95,8.63,248,ITA,Italy
IA5,43.12,10.6,248,ITA,Italy
IA5KRO/4,44.65,10.92,248,ITA,Italy
IB0,41.57,12.6,248,ITA,Italy
IB9,37.5,14.0,248,ITA,Italy
IC8,40.6,14.7,248,ITA,Italy
ID7,40.55,17.4,248,ITA,Italy
ID8,39.13,16.42,248,ITA,Italy
ID9,37.5,14.0,248,ITA,Italy
IE9,37.5,14.0,248,ITA,Italy
IF9,37.5,14.0,248,ITA,Italy
IG9,35.67,12.67,248,ITA,Italy
IH9,35.67,12.67,248,ITA,Italy
II0,41.88,12.53,248,ITA,Italy
II0D,40.15,9.27,225,ITA,Sardinia
II1,45.07,7.67,248,ITA,Italy
II2,45.47,9.2,248,ITA,Italy
II3,45.48,12.33,248,ITA,Italy
II4,44.65,10.92,248,ITA,Italy
II5,43.78,11.25,248,ITA,Italy
II6,43.58,13.48,248,ITA,Italy
II7,41.12,16.87,248,ITA,Italy
II8,40.83,14.5,248,ITA,Italy
II9,37.5,14.0,248,ITA,Italy
IJ7,40.4,17.32,248,ITA,Italy
IJ9,37.5,14.0,248,ITA,Italy
IK0,41.88,12.53,248,ITA,Italy
IK1,45.07,7.67,248,ITA,Italy
IK2,45.47,9.2,248,ITA,Italy
IK3,45.48,12.33,248,ITA,Italy
IK4,44.65,10.92,248,ITA,Italy
IK5,43.78,11.25,248,ITA,Italy
IK6,43.58,13.48,248,ITA,Italy
IK7,41.12,16.87,248,ITA,Italy
IK8,40.83,14.5,248,ITA,Italy
IL7,41.8,15.67,248,ITA,Italy
IM0,40.15,9.27,225,ITA,Sardinia
IN3,46.5,11.37,248,ITA,Italy
IO0,41.88,12.53,248,ITA,Italy
IO1,45.07,7.67,248,ITA,Italy
IO2,45.47,9.2,248,ITA,Italy
IO3,45.48,12.33,248,ITA,Italy
IO4,44.65,10.92,248,ITA,Italy
IO5,43.78,11.25,248,ITA,Italy
IO6,43.58,13.48,248,ITA,Italy
IO7,41.12,16.87,248,ITA,Italy
IO8,40.83,14.5,248,ITA,Italy
IO9,37.5,14.0,248,ITA,Italy
IP0A,40.15,9.27,225,ITA,Sardinia
IP9,37.5,14.0,248,ITA,Italy
IQ0,41.88,12.53,248,ITA,Italy
IQ1,45.07,7.67,248,ITA,Italy
IQ2,45.47,9.2,248,ITA,Italy
IQ3,45.48,12.33,248,ITA,Italy
IQ4,44.65,10.92,248,ITA,Italy
IQ5,43.78,11.25,248,ITA,Italy
IQ6,43.58,13.48,248,ITA,Italy
IQ7,41.12,16.87,248,ITA,Italy
IQ8,40.83,14.5,248,ITA,Italy
IQ9,37.5,14.0,248,ITA,Italy
IR0,41.88,12.53,248,ITA,Italy
IR0A,40.15,9.27,225,ITA,Sardinia
IR1,45.07,7.67,248,ITA,Italy
IR2,45.47,9.2,248,ITA,Italy
IR3,45.48,12.33,248,ITA,Italy
IR4,44.65,10.92,248,ITA,Italy
IR5,43.78,11.25,248,ITA,Italy
IR6,43.58,13.48,248,ITA,Italy
IR7,41.12,16.87,248,ITA,Italy
IR8,40.83,14.5,248,ITA,Italy
IR9,37.5,14.0,248,ITA,Italy
IS0,40.15,9.27,225,ITA,Sardinia
IT9,37.5,14.0,248,ITA,Italy
IT9CLY/4,44.65,10.92,248,ITA,Italy
IT9ELM/0,41.88,12.53,248,ITA,Italy
IT9IFM/0,41.88,12.53,248,ITA,Italy
IT9KWL/0,41.88,12.53,248,ITA,Italy
IU0,41.88,12.53,248,ITA,Italy
IU1,45.07,7.67,248,ITA,Italy
IU2,45.47,9.2,248,ITA,Italy
IU3,45.48,12.33,248,ITA,Italy
IU4,44.65,10.92,248,ITA,Italy
IU5,43.78,11.25,248,ITA,Italy
IU6,43.58,13.48,248,ITA,Italy
IU7,41.12,16.87,248,ITA,Italy
IU8,40.83,14.5,248,ITA,Italy
IU9,37.5,14.0,248,ITA,Italy
IV3,46.07,13.23,248,ITA,Italy
IW0,41.88,12.53,248,ITA,Italy
IW0HBY/9,37.5,14.0,248,ITA,Italy
IW0U,40.15,9.27,225,ITA,Sardinia
IW1,45.07,7.67,248,ITA,Italy
IW2,45.47,9.2,248,ITA,Italy
IW3,45.48,12.33,248,ITA,Italy
IW4,44.65,10.92,248,ITA,Italy
IW5,43.78,11.25,248,ITA,Italy
IW6,43.58,13.48,248,ITA,Italy
IW7,41.12,16.87,248,ITA,Italy
IW8,40.83,14.5,248,ITA,Italy
IW9,37.5,14.0,248,ITA,Italy
IX1,45.73,7.33,248,ITA,Italy
IY9,37.5,14.0,248,ITA,Italy
IZ0,41.88,12.53,248,ITA,Italy
IZ1,45.07,7.67,248,ITA,Italy
IZ2,45.47,9.2,248,ITA,Italy
IZ3,45.48,12.33,248,ITA,Italy
IZ4,44.65,10.92,248,ITA,Italy
IZ5,43.78,11.25,248,ITA,Italy
IZ6,43.58,13.48,248,ITA,Italy
IZ7,41.12,16.87,248,ITA,Italy
IZ8,40.83,14.5,248,ITA,Italy
J2,11.75,42.35,382,DJI,Djibouti
J3,12.13,-61.68,77,GRD,Grenada
J4,39.78,21.78,236,GRC,Greece
J41,37.97,23.72,236,GRC,Greece
J42,40.8,22.5,236,GRC,Greece
J43,37.23,21.8,236,GRC,Greece
J44,39.63,22.42,236,GRC,Greece
J45,36.17,27.93,45,GRC,Dodecanese
J46,39.2,20.5,236,GRC,Greece
J47,41.0,25.0,236,GRC,Greece
J48,39.78,21.78,236,GRC,Greece
J49,35.23,24.78,40,GRC,Crete
J5,12.02,-14.8,109,GNB,Guinea-Bissau
J6,13.87,-61.0,97,LCA,St. Lucia
J7,15.43,-61.35,95,DMA,Dominica
J8,13.23,-61.2,98,VCT,St. Vincent
JA,36.4,138.38,339,JPN,Japan
JA0,36.65,138.18,339,JPN,Japan
JA1,35.68,139.68,339,JPN,Japan
JA2,35.18,136.9,339,JPN,Japan
JA3,35.02,135.77,339,JPN,Japan
JA4,33.57,133.53,339,JPN,Japan
JA5,33.57,133.53,339,JPN,Japan
JA6,33.58,130.53,339,JPN,Japan
JA7,40.82,140.73,339,JPN,Japan
JA8,41.77,140.73,339,JPN,Japan
JA9,36.07,136.22,339,JPN,Japan
JD1,27.05,142.2,192,JPN,Ogasawara
JE,36.4,138.38,339,JPN,Japan
JE0,36.65,138.18,339,JPN,Japan
JE1,35.68,139.68,339,JPN,Japan
JE2,35.18,136.9,339,JPN,Japan
JE3,35.02,135.77,339,JPN,Japan
JE4,33.57,133.53,339,JPN,Japan
JE5,33.57,133.53,339,JPN,Japan
JE6,33.58,130.53,339,JPN,Japan
JE7,40.82,140.73,339,JPN,Japan
JE8,41.77,140.73,339,JPN,Japan
JE9,36.07,136.22,339,JPN,Japan
JF,36.4,138.38,339,JPN,Japan
JF0,36.65,138.18,339,JPN,Japan
JF1,35.68,139.68,339,JPN,Japan
JF2,35.18,136.9,339,JPN,Japan
JF3,35.02,135.77,339,JPN,Japan
JF4,33.57,133.53,339,JPN,Japan
JF5,33.57,133.53,339,JPN,Japan
JF6,33.58,130.53,339,JPN,Japan
JF7,40.82,140.73,339,JPN,Japan
JF8,41.77,140.73,339,JPN,Japan
JF9,36.07,136.22,339,JPN,Japan
JG,36.4,138.38,339,JPN,Japan
JG0,36.65,138.18,339,JPN,Japan
JG1,35.68,139.68,339,JPN,Japan
JG2,35.18,136.9,339,JPN,Japan
JG3,35.02,135.77,339,JPN,Japan
JG4,33.57,133.53,339,JPN,Japan
JG5,33.57,133.53,339,JPN,Japan
JG6,33.58,130.53,339,JPN,Japan
JG7,40.82,140.73,339,JPN,Japan
JG8,41.77,140.73,339,JPN,Japan
JG8NQJ/JD1,24.28,153.97,177,JPN,Minami Torishima
JG9,36.07,136.22,339,JPN,Japan
JH,36.4,138.38,339,JPN,Japan
JH0,36.65,138.18,339,JPN,Japan
JH1,35.68,139.68,339,JPN,Japan
JH2,35.18,136.9,339,JPN,Japan
JH3,35.02,135.77,339,JPN,Japan
JH4,33.57,133.53,339,JPN,Japan
JH5,33.57,133.53,339,JPN,Japan
JH6,33.58,130.53,339,JPN,Japan
JH7,40.82,140.73,339,JPN,Japan
JH8,41.77,140.73,339,JPN,Japan
JH9,36.07,136.22,339,JPN,Japan
JI,36.4,138.38,339,JPN,Japan
JI0,36.65,138.18,339,JPN,Japan
JI1,35.68,139.68,339,JPN,Japan
JI2,35.18,136.9,339,JPN,Japan
JI3,35.02,135.77,339,JPN,Japan
JI4,33.57,133.53,339,JPN,Japan
JI5,33.57,133.53,339,JPN,Japan
JI6,33.58,130.53,339,JPN,Japan
JI7,40.82,140.73,339,JPN,Japan
JI8,41.77,140.73,339,JPN,Japan
JI9,36.07,136.22,339,JPN,Japan
JJ,36.4,138.38,339,JPN,Japan
JJ0,36.65,138.18,339,JPN,Japan
JJ1,35.68,139.68,339,JPN,Japan
JJ2,35.18,136.9,339,JPN,Japan
JJ3,35.02,135.77,339,JPN,Japan
JJ4,33.57,133.53,339,JPN,Japan
JJ5,33.57,133.53,339,JPN,Japan
JJ6,33.58,130.53,339,JPN,Japan
JJ7,40.82,140.73,339,JPN,Japan
JJ8,41.77,140.73,339,JPN,Japan
JJ9,36.07,136.22,339,JPN,Japan
JK,36.4,138.38,339,JPN,Japan
JK0,36.65,138.18,339,JPN,Japan
JK1,35.68,139.68,339,JPN,Japan
JK2,35.18,136.9,339,JPN,Japan
JK3,35.02,135.77,339,JPN,Japan
JK4,33.57,133.53,339,JPN,Japan
JK5,33.57,133.53,339,JPN,Japan
JK6,33.58,130.53,339,JPN,Japan
JK7,40.82,140.73,339,JPN,Japan
JK8,41.77,140.73,339,JPN,Japan
JK9,36.07,136.22,339,JPN,Japan
JL,36.4,138.38,339,JPN,Japan
JL0,36.65,138.18,339,JPN,Japan
JL1,35.68,139.68,339,JPN,Japan
JL2,35.18,136.9,339,JPN,Japan
JL3,35.02,135.77,339,JPN,Japan
JL4,33.57,133.53,339,JPN,Japan
JL5,33.57,133.53,339,JPN,Japan
JL6,33.58,130.53,339,JPN,Japan
JL7,40.82,140.73,339,JPN,Japan
JL8,41.77,140.73,339,JPN,Japan
JL9,36.07,136.22,339,JPN,Japan
JM,36.4,138.38,339,JPN,Japan
JM0,36.65,138.18,339,JPN,Japan
JM1,35.68,139.68,339,JPN,Japan
JM2,35.18,136.9,339,JPN,Japan
JM3,35.02,135.77,339,JPN,Japan
JM4,33.57,133.53,339,JPN,Japan
JM5,33.57,133.53,339,JPN,Japan
JM6,33.58,130.53,339,JPN,Japan
JM7,40.82,140.73,339,JPN,Japan
JM8,41.77,140.73,339,JPN,Japan
JM9,36.07,136.22,339,JPN,Japan
JN,36.4,138.38,339,JPN,Japan
JN0,36.65,138.18,339,JPN,Japan
JN1,35.68,139.68,339,JPN,Japan
JN2,35.18,136.9,339,JPN,Japan
JN3,35.02,135.77,339,JPN,Japan
JN4,33.57,133.53,339,JPN,Japan
JN5,33.57,133.53,339,JPN,Japan
JN6,33.58,130.53,339,JPN,Japan
JN7,40.82,140.73,339,JPN,Japan
JN8,41.77,140.73,339,JPN,Japan
JN9,36.07,136.22,339,JPN,Japan
JO,36.4,138.38,339,JPN,Japan
JO0,36.65,138.18,339,JPN,Japan
JO1,35.68,139.68,339,JPN,Japan
JO2,35.18,136.9,339,JPN,Japan
JO3,35.02,135.77,339,JPN,Japan
JO4,33.57,133.53,339,JPN,Japan
JO5,33.57,133.53,339,JPN,Japan
JO6,33.58,130.53,339,JPN,Japan
JO7,40.82,140.73,339,JPN,Japan
JO8,41.77,140.73,339,JPN,Japan
JO9,36.07,136.22,339,JPN,Japan
JP,36.4,138.38,339,JPN,Japan
JP0,36.65,138.18,339,JPN,Japan
JP1,35.68,139.68,339,JPN,Japan
JP2,35.18,136.9,339,JPN,Japan
JP3,35.02,135.77,339,JPN,Japan
JP4,33.57,133.53,339,JPN,Japan
JP5,33.57,133.53,339,JPN,Japan
JP6,33.58,130.53,339,JPN,Japan
JP7,40.82,140.73,339,JPN,Japan
JP8,41.77,140.73,339,JPN,Japan
JP9,36.07,136.22,339,JPN,Japan
JQ,36.4,138.38,339,JPN,Japan
JQ0,36.65,138.18,339,JPN,Japan
JQ1,35.68,139.68,339,JPN,Japan
JQ2,35.18,136.9,339,JPN,Japan
JQ3,35.02,135.77,339,JPN,Japan
JQ4,33.57,133.53,339,JPN,Japan
JQ5,33.57,133.53,339,JPN,Japan
JQ6,33.58,130.53,339,JPN,Japan
JQ7,40.82,140.73,339,JPN,Japan
JQ8,41.77,140.73,339,JPN,Japan
JQ9,36.07,136.22,339,JPN,Japan
JR,36.4,138.38,339,JPN,Japan
JR0,36.65,138.18,339,JPN,Japan
JR1,35.68,139.68,339,JPN,Japan
JR2,35.18,136.9,339,JPN,Japan
JR3,35.02,135.77,339,JPN,Japan
JR4,33.57,133.53,339,JPN,Japan
JR5,33.57,133.53,339,JPN,Japan
JR6,33.58,130.53,339,JPN,Japan
JR6R,26.22,127.68,339,JPN,Japan
JR7,40.82,140.73,339,JPN,Japan
JR8,41.77,140.73,339,JPN,Japan
JR9,36.07,136.22,339,JPN,Japan
JS,36.4,138.38,339,JPN,Japan
JS0,36.65,138.18,339,JPN,Japan
JS1,35.68,139.68,339,JPN,Japan
JS2,35.18,136.9,339,JPN,Japan
JS3,35.02,135.77,339,JPN,Japan
JS4,33.57,133.53,339,JPN,Japan
JS5,33.57,133.53,339,JPN,Japan
JS6,26.22,127.68,339,JPN,Japan
JS7,40.82,140.73,339,JPN,Japan
JS8,41.77,140.73,339,JPN,Japan
JS9,36.07,136.22,339,JPN,Japan
JT,46.77,102.17,363,MNG,Mongolia
JT1,47.92,106.92,363,MNG,Mongolia
JT2,48.08,114.53,363,MNG,Mongolia
JT3,43.57,104.42,363,MNG,Mongolia
JT4,47.0,92.75,363,MNG,Mongolia
JT5,49.5,106.25,363,MNG,Mongolia
JT7,49.63,100.15,363,MNG,Mongolia
JT8,45.5,95.5,363,MNG,Mongolia
JU,46.77,102.17,363,MNG,Mongolia
JU1,47.92,106.92,363,MNG,Mongolia
JU2,48.08,114.53,363,MNG,Mongolia
JU3,43.57,104.42,363,MNG,Mongolia
JU4,47.0,92.75,363,MNG,Mongolia
JU5,49.5,106.25,363,MNG,Mongolia
JU7,49.63,100.15,363,MNG,Mongolia
JU8,45.5,95.5,363,MNG,Mongolia
JV,46.77,102.17,363,MNG,Mongolia
JV1,47.92,106.92,363,MNG,Mongolia
JV2,48.08,114.53,363,MNG,Mongolia
JV3,43.57,104.42,363,MNG,Mongolia
JV4,47.0,92.75,363,MNG,Mongolia
JV5,49.5,106.25,363,MNG,Mongolia
JV7,49.63,100.15,363,MNG,Mongolia
JV8,45.5,95.5,363,MNG,Mongolia
JW,78.0,16.0,259,SJM,Svalbard
JX,71.05,-8.28,118,SJM,Jan Mayen
JY,31.18,36.42,342,JOR,Jordan
K,37.6,-91.87,291,USA,United States of America
K0,41.12,-96.57,291,USA,United States of America
K1,42.38,-71.65,291,USA,United States of America
K2,41.15,-74.53,291,USA,United States of America
K3,39.95,-76.85,291,USA,United States of America
K4,33.12,-82.2,291,USA,United States of America
K5,31.85,-96.3,291,USA,United States of America
K6,35.48,-119.35,291,USA,United States of America
K7,41.3,-116.6,291,USA,United States of America
K8,41.35,-83.23,291,USA,United States of America
K9,41.55,-87.97,291,USA,United States of America
K9CS/KH8S,-11.05,-171.25,515,ASM,Swains I.
K9P,18.18,-66.55,202,PRI,Puerto Rico
KA0,41.12,-96.57,291,USA,United States of America
KA0S,34.73,-86.52,291,USA,United States of America
KA1,42.38,-71.65,291,USA,United States of America
KA2,41.15,-74.53,291,USA,United States of America
KA3,39.95,-76.85,291,USA,United States of America
KA4,33.12,-82.2,291,USA,United States of America
KA4J,35.17,-84.87,291,USA,United States of America
KA5,31.85,-96.3,291,USA,United States of America
KA6,35.48,-119.35,291,USA,United States of America
KA6Y,36.12,-80.08,291,USA,United States of America
KA7,41.3,-116.6,291,USA,United States of America
KA7Y,35.17,-106.32,291,USA,United States of America
KA8,41.35,-83.23,291,USA,United States of America
KA8P,32.8,-79.77,291,USA,United States of America
KA8Q,38.33,-77.43,291,USA,United States of America
KA9,41.55,-87.97,291,USA,United States of America
KB0,41.12,-96.57,291,USA,United States of America
KB1,42.38,-71.65,291,USA,United States of America
KB1V,41.88,-87.63,291,USA,United States of America
KB2,41.15,-74.53,291,USA,United States of America
KB3,39.95,-76.85,291,USA,United States of America
KB3A,34.35,-86.92,291,USA,United States of America
KB4,33.12,-82.2,291,USA,United States of America
KB5,31.85,-96.3,291,USA,United States of America
KB6,35.48,-119.35,291,USA,United States of America
KB6B,39.52,-104.72,291,USA,United States of America
KB7,41.3,-116.6,291,USA,United States of America
KB8,41.35,-83.23,291,USA,United States of America
KB9,41.55,-87.97,291,USA,United States of America
KB9S,44.78,-91.48,291,USA,United States of America
KC0,41.12,-96.57,291,USA,United States of America
KC1,42.38,-71.65,291,USA,United States of America
KC2,41.15,-74.53,291,USA,United States of America
KC3,39.95,-76.85,291,USA,United States of America
KC4,33.12,-82.2,291,USA,United States of America
KC5,31.85,-96.3,291,USA,United States of America
KC6,35.48,-119.35,291,USA,United States of America
KC6R,38.88,-104.82,291,USA,United States of America
KC7,41.3,-116.6,291,USA,United States of America
KC8,41.35,-83.23,291,USA,United States of America
KC8J,32.82,-117.1,291,USA,United States of America
KC9,41.55,-87.97,291,USA,United States of America
KC9C,45.6,-122.32,291,USA,United States of America
KC9K,40.3,-90.07,291,USA,United States of America
KD0,41.12,-96.57,291,USA,United States of America
KD1,42.38,-71.65,291,USA,United States of America
KD2,41.15,-74.53,291,USA,United States of America
KD3,39.95,-76.85,291,USA,United States of America
KD4,33.12,-82.2,291,USA,United States of America
KD5,31.85,-96.3,291,USA,United States of America
KD6,35.48,-119.35,291,USA,United States of America
KD7,41.3,-116.6,291,USA,United States of America
KD8,41.35,-83.23,291,USA,United States of America
KD9,41.55,-87.97,291,USA,United States of America
KD9S,30.53,-97.57,291,USA,United States of America
KE0,41.12,-96.57,291,USA,United States of America
KE0L,35.2,-84.85,291,USA,United States of America
KE1,42.38,-71.65,291,USA,United States of America
KE1B,37.15,-121.98,291,USA,United States of America
KE2,41.15,-74.53,291,USA,United States of America
KE3,39.95,-76.85,291,USA,United States of America
KE3K,42.02,-86.52,291,USA,United States of America
KE4,33.12,-82.2,291,USA,United States of America
KE5,31.85,-96.3,291,USA,United States of America
KE6,35.48,-119.35,291,USA,United States of America
KE7,41.3,-116.6,291,USA,United States of America
KE8,41.35,-83.23,291,USA,United States of America
KE9,41.55,-87.97,291,USA,United States of America
KF0,41.12,-96.57,291,USA,United States of America
KF1,42.38,-71.65,291,USA,United States of America
KF2,41.15,-74.53,291,USA,United States of America
KF3,39.95,-76.85,291,USA,United States of America
KF4,33.12,-82.2,291,USA,United States of America
KF4L,36.52,-87.35,291,USA,United States of America
KF5,31.85,-96.3,291,USA,United States of America
KF6,35.48,-119.35,291,USA,United States of America
KF7,41.3,-116.6,291,USA,United States of America
KF7Z,42.65,-110.12,291,USA,United States of America
KF8,41.35,-83.23,291,USA,United States of America
KF8N,37.35,-77.33,291,USA,United States of America
KF9,41.55,-87.97,291,USA,United States of America
KG0,41.12,-96.57,291,USA,United States of America
KG1,42.38,-71.65,291,USA,United States of America
KG2,41.15,-74.53,291,USA,United States of America
KG3,39.95,-76.85,291,USA,United States of America
KG4,20.0,-75.0,105,USA,Guantanamo Bay
KG4C,39.02,-84.5,291,USA,United States of America
KG4Q,34.87,-86.58,291,USA,United States of America
KG5,31.85,-96.3,291,USA,United States of America
KG6,35.48,-119.35,291,USA,United States of America
KG7,41.3,-116.6,291,USA,United States of America
KG8,41.35,-83.23,291,USA,United States of America
KG9,41.55,-87.97,291,USA,United States of America
KH0,15.18,145.72,166,MNP,Mariana Is.
KH1,0.0,-176.0,20,UMI,Baker & Howland Is.
KH2,13.37,144.7,103,GUM,Guam
KH3,16.72,-169.53,123,UMI,Johnston I.
KH4,28.2,-177.37,174,UMI,Midway I.
KH5,5.87,-162.07,197,UMI,Palmyra & Jarvis Is.
KH6,21.12,-157.48,110,USA,Hawaii
KH6M,26.33,-81.58,291,USA,United States of America
KH7,21.12,-157.48,110,USA,Hawaii
KH7DA/4,33.12,-82.2,291,USA,United States of America
KH7K,29.0,-178.0,138,UMI,Kure I.
KH7X,41.3,-116.6,291,USA,United States of America
KH8,-14.32,-170.78,9,ASM,American Samoa
KH9,19.28,166.63,297,UMI,Wake I.
KI0,41.12,-96.57,291,USA,United States of America
KI1,42.38,-71.65,291,USA,United States of America
KI2,41.15,-74.53,291,USA,United States of America
KI3,39.95,-76.85,291,USA,United States of America
KI4,33.12,-82.2,291,USA,United States of America
KI5,31.85,-96.3,291,USA,United States of America
KI5F,32.78,-89.52,291,USA,United States of America
KI6,35.48,-119.35,291,USA,United States of America
KI7,41.3,-116.6,291,USA,United States of America
KI8,41.35,-83.23,291,USA,United States of America
KI9,41.55,-87.97,291,USA,United States of America
KJ0,41.12,-96.57,291,USA,United States of America
KJ1,42.38,-71.65,291,USA,United States of America
KJ2,41.15,-74.53,291,USA,United States of America
KJ3,39.95,-76.85,291,USA,United States of America
KJ4,33.12,-82.2,291,USA,United States of America
KJ4M,33.38,-86.7,291,USA,United States of America
KJ5,31.85,-96.3,291,USA,United States of America
KJ6,35.48,-119.35,291,USA,United States of America
KJ7,41.3,-116.6,291,USA,United States of America
KJ8,41.35,-83.23,291,USA,United States of America
KJ9,41.55,-87.97,291,USA,United States of America
KJ9C,45.28,-111.37,291,USA,United States of America
KK0,41.12,-96.57,291,USA,United States of America
KK0L,40.12,-82.92,291,USA,United States of America
KK1,42.38,-71.65,291,USA,United States of America
KK1J,32.35,-111.05,291,USA,United States of America
KK2,41.15,-74.53,291,USA,United States of America
KK2A,35.73,-84.35,291,USA,United States of America
KK3,39.95,-76.85,291,USA,United States of America
KK4,33.12,-82.2,291,USA,United States of America
KK5,31.85,-96.3,291,USA,United States of America
KK6,35.48,-119.35,291,USA,United States of America
KK7,41.3,-116.6,291,USA,United States of America
KK8,41.35,-83.23,291,USA,United States of America
KK8C,38.88,-94.82,291,USA,United States of America
KK9,41.55,-87.97,291,USA,United States of America
KK9A,35.35,-80.2,291,USA,United States of America
KK9N,38.8,-90.33,291,USA,United States of America
KK9U,38.55,-90.03,291,USA,United States of America
KL,61.4,-148.87,6,USA,Alaska
KL0S,37.27,-76.73,291,USA,United States of America
KL7Y,33.0,-84.45,291,USA,United States of America
KL9K,36.23,127.9,137,KOR,Republic of Korea
KM0,41.12,-96.57,291,USA,United States of America
KM1,42.38,-71.65,291,USA,United States of America
KM1Z,35.62,-87.03,291,USA,United States of America
KM2,41.15,-74.53,291,USA,United States of America
KM3,39.95,-76.85,291,USA,United States of America
KM4,33.12,-82.2,291,USA,United States of America
KM5,31.85,-96.3,291,USA,United States of America
KM5E,34.92,-81.02,291,USA,United States of America
KM6,35.48,-119.35,291,USA,United States of America
KM7,41.3,-116.6,291,USA,United States of America
KM7W,45.67,-111.23,291,USA,United States of America
KM8,41.35,-83.23,291,USA,United States of America
KM8L,39.5,-80.22,291,USA,United States of America
KM9,41.55,-87.97,291,USA,United States of America
KM9R,39.52,-119.9,291,USA,United States of America
KN0,41.12,-96.57,291,USA,United States of America
KN0A,28.88,-81.3,291,USA,United States of America
KN0S,37.28,-76.52,291,USA,United States of America
KN1,42.38,-71.65,291,USA,United States of America
KN2,41.15,-74.53,291,USA,United States of America
KN3,39.95,-76.85,291,USA,United States of America
KN4,33.12,-82.2,291,USA,United States of America
KN4A,34.67,-86.57,291,USA,United States of America
KN5,31.85,-96.3,291,USA,United States of America
KN6,35.48,-119.35,291,USA,United States of America
KN7,41.3,-116.6,291,USA,United States of America
KN8,41.35,-83.23,291,USA,United States of America
KN9,41.55,-87.97,291,USA,United States of America
KN9K,34.7,-112.27,291,USA,United States of America
KO0,41.12,-96.57,291,USA,United States of America
KO1,42.38,-71.65,291,USA,United States of America
KO1H,38.77,-121.28,291,USA,United States of America
KO1Z,44.77,-93.28,291,USA,United States of America
KO2,41.15,-74.53,291,USA,United States of America
KO3,39.95,-76.85,291,USA,United States of America
KO4,33.12,-82.2,291,USA,United States of America
KO4V,21.12,-157.48,110,USA,Hawaii
KO4Z,35.48,-89.73,291,USA,United States of America
KO5,31.85,-96.3,291,USA,United States of America
KO6,35.48,-119.35,291,USA,United States of America
KO7,41.3,-116.6,291,USA,United States of America
KO7G,35.58,-78.78,291,USA,United States of America
KO8,41.35,-83.23,291,USA,United States of America
KO8V,38.1,-78.42,291,USA,United States of America
KO9,41.55,-87.97,291,USA,United States of America
KO9V,40.65,-105.05,291,USA,United States of America
KP1,18.4,-75.0,182,UMI,Navassa I.
KP2,17.73,-64.8,285,VIR,Virgin Is.
KP2X,37.83,-94.35,291,USA,United States of America
KP2Z,18.18,-66.55,202,PRI,Puerto Rico
KP3,18.18,-66.55,202,PRI,Puerto Rico
KP3U,34.92,-82.13,291,USA,United States of America
KP4,18.18,-66.55,202,PRI,Puerto Rico
KP4Q,28.38,-81.18,291,USA,United States of America
KP5,18.08,-67.88,43,PRI,Desecheo I.
KQ0,41.12,-96.57,291,USA,United States of America
KQ0J,27.72,-82.35,291,USA,United States of America
KQ1,42.38,-71.65,291,USA,United States of America
KQ2,41.15,-74.53,291,USA,United States of America
KQ2X,37.38,-122.13,291,USA,United States of America
KQ3,39.95,-76.85,291,USA,United States of America
KQ4,33.12,-82.2,291,USA,United States of America
KQ4E,36.42,-83.02,291,USA,United States of America
KQ5,31.85,-96.3,291,USA,United States of America
KQ6,35.48,-119.35,291,USA,United States of America
KQ7,41.3,-116.6,291,USA,United States of America
KQ8,41.35,-83.23,291,USA,United States of America
KQ9,41.55,-87.97,291,USA,United States of America
KQ9J,45.93,-90.42,291,USA,United States of America
KR0,41.12,-96.57,291,USA,United States of America
KR1,42.38,-71.65,291,USA,United States of America
KR2,41.15,-74.53,291,USA,United States of America
KR3,39.95,-76.85,291,USA,United States of America
KR4,33.12,-82.2,291,USA,United States of America
KR4F,34.73,-86.57,291,USA,United States of America
KR5,31.85,-96.3,291,USA,United States of America
KR5X,43.07,-71.7,291,USA,United States of America
KR6,35.48,-119.35,291,USA,United States of America
KR7,41.3,-116.6,291,USA,United States of America
KR8,41.35,-83.23,291,USA,United States of America
KR9,41.55,-87.97,291,USA,United States of America
KS0,41.12,-96.57,291,USA,United States of America
KS1,42.38,-71.65,291,USA,United States of America
KS2,41.15,-74.53,291,USA,United States of America
KS3,39.95,-76.85,291,USA,United States of America
KS4,33.12,-82.2,291,USA,United States of America
KS4L,34.67,-86.57,291,USA,United States of America
KS4V,37.03,-88.6,291,USA,United States of America
KS4X,35.15,-85.33,291,USA,United States of America
KS5,31.85,-96.3,291,USA,United States of America
KS6,35.48,-119.35,291,USA,United States of America
KS7,41.3,-116.6,291,USA,United States of America
KS7T,45.9,-112.63,291,USA,United States of America
KS7X,28.2,-81.48,291,USA,United States of America
KS8,41.35,-83.23,291,USA,United States of America
KS9,41.55,-87.97,291,USA,United States of America
KS9A,40.57,-90.02,291,USA,United States of America
KT0,41.12,-96.57,291,USA,United States of America
KT0P,48.23,-114.25,291,USA,United States of America
KT0V,45.02,-88.37,291,USA,United States of America
KT1,42.38,-71.65,291,USA,United States of America
KT2,41.15,-74.53,291,USA,United States of America
KT3,39.95,-76.85,291,USA,United States of America
KT3M,39.63,-104.97,291,USA,United States of America
KT3X,30.07,-95.62,291,USA,United States of America
KT4,33.12,-82.2,291,USA,United States of America
KT4E,35.88,-84.17,291,USA,United States of America
KT4O,36.57,-82.18,291,USA,United States of America
KT4U,36.88,-88.35,291,USA,United States of America
KT5,31.85,-96.3,291,USA,United States of America
KT5Z,61.4,-148.87,6,USA,Alaska
KT6,35.48,-119.35,291,USA,United States of America
KT6D,35.87,-82.72,291,USA,United States of America
KT7,41.3,-116.6,291,USA,United States of America
KT8,41.35,-83.23,291,USA,United States of America
KT9,41.55,-87.97,291,USA,United States of America
KT9T,44.88,-93.48,291,USA,United States of America
KU0,41.12,-96.57,291,USA,United States of America
KU1,42.38,-71.65,291,USA,United States of America
KU2,41.15,-74.53,291,USA,United States of America
KU3,39.95,-76.85,291,USA,United States of America
KU4,33.12,-82.2,291,USA,United States of America
KU4A,38.07,-84.45,291,USA,United States of America
KU5,31.85,-96.3,291,USA,United States of America
KU6,35.48,-119.35,291,USA,United States of America
KU7,41.3,-116.6,291,USA,United States of America
KU8,41.35,-83.23,291,USA,United States of America
KU8E,32.63,-84.78,291,USA,United States of America
KU8V,38.82,-77.07,291,USA,United States of America
KU9,41.55,-87.97,291,USA,United States of America
KV0,41.12,-96.57,291,USA,United States of America
KV1,42.38,-71.65,291,USA,United States of America
KV1I,32.72,-94.97,291,USA,United States of America
KV2,41.15,-74.53,291,USA,United States of America
KV3,39.95,-76.85,291,USA,United States of America
KV3T,42.03,-87.73,291,USA,United States of America
KV4,33.12,-82.2,291,USA,United States of America
KV4E,34.62,-86.55,291,USA,United States of America
KV4T,33.18,-87.38,291,USA,United States of America
KV5,31.85,-96.3,291,USA,United States of America
KV6,35.48,-119.35,291,USA,United States of America
KV7,41.3,-116.6,291,USA,United States of America
KV8,41.35,-83.23,291,USA,United States of America
KV8S,31.92,-92.63,291,USA,United States of America
KV9,41.55,-87.97,291,USA,United States of America
KW0,41.12,-96.57,291,USA,United States of America
KW0A,42.2,-71.43,291,USA,United States of America
KW0V,41.37,-82.1,291,USA,United States of America
KW1,42.38,-71.65,291,USA,United States of America
KW2,41.15,-74.53,291,USA,United States of America
KW3,39.95,-76.85,291,USA,United States of America
KW4,33.12,-82.2,291,USA,United States of America
KW4J,33.4,-86.83,291,USA,United States of America
KW5,31.85,-96.3,291,USA,United States of America
KW6,35.48,-119.35,291,USA,United States of America
KW7,41.3,-116.6,291,USA,United States of America
KW7Q,40.53,-105.05,291,USA,United States of America
KW8,41.35,-83.23,291,USA,United States of America
KW9,41.55,-87.97,291,USA,United States of America
KW9A,40.55,-90.67,291,USA,United States of America
KX0,41.12,-96.57,291,USA,United States of America
KX1,42.38,-71.65,291,USA,United States of America
KX2,41.15,-74.53,291,USA,United States of America
KX2P,39.72,-104.93,291,USA,United States of America
KX3,39.95,-76.85,291,USA,United States of America
KX3H,43.02,-88.27,291,USA,United States of America
KX3Y,33.38,-86.7,291,USA,United States of America
KX4,33.12,-82.2,291,USA,United States of America
KX4X,33.7,-87.62,291,USA,United States of America
KX5,31.85,-96.3,291,USA,United States of America
KX6,35.48,-119.35,291,USA,United States of America
KX7,41.3,-116.6,291,USA,United States of America
KX8,41.35,-83.23,291,USA,United States of America
KX9,41.55,-87.97,291,USA,United States of America
KY0,41.12,-96.57,291,USA,United States of America
KY0Q,42.05,-88.1,291,USA,United States of America
KY0W,37.15,-121.97,291,USA,United States of America
KY1,42.38,-71.65,291,USA,United States of America
KY2,41.15,-74.53,291,USA,United States of America
KY3,39.95,-76.85,291,USA,United States of America
KY3G,37.98,-84.58,291,USA,United States of America
KY4,33.12,-82.2,291,USA,United States of America
KY4G,34.75,-86.67,291,USA,United States of America
KY4L,36.02,-84.27,291,USA,United States of America
KY4X,37.0,-85.92,291,USA,United States of America
KY5,31.85,-96.3,291,USA,United States of America
KY6,35.48,-119.35,291,USA,United States of America
KY7,41.3,-116.6,291,USA,United States of America
KY8,41.35,-83.23,291,USA,United States of America
KY9,41.55,-87.97,291,USA,United States of America
KZ0,41.12,-96.57,291,USA,United States of America
KZ1,42.38,-71.65,291,USA,United States of America
KZ1W,47.65,-122.03,291,USA,United States of America
KZ2,41.15,-74.53,291,USA,United States of America
KZ2T,35.42,-97.65,291,USA,United States of America
KZ2V,37.38,-122.13,291,USA,United States of America
KZ3,39.95,-76.85,291,USA,United States of America
KZ4,33.12,-82.2,291,USA,United States of America
KZ5,31.85,-96.3,291,USA,United States of America
KZ6,35.48,-119.35,291,USA,United States of America
KZ7,41.3,-116.6,291,USA,United States of America
KZ7A,44.78,-106.97,291,USA,United States of America
KZ7Y,25.77,-80.2,291,USA,United States of America
KZ8,41.35,-83.23,291,USA,United States of America
KZ9,41.55,-87.97,291,USA,United States of America
KZ9V,44.83,-91.52,291,USA,United States of America
L1,-32.5,-62.13,100,ARG,Argentina
L2,-32.5,-62.13,100,ARG,Argentina
L20A,-34.6,-58.38,100,ARG,Argentina
L20D,-33.7,-61.0,100,ARG,Argentina
L20F,-33.72,-62.23,100,ARG,Argentina
L20G,-26.95,-58.72,100,ARG,Argentina
L20H,-31.42,-64.18,100,ARG,Argentina
L20I,-26.92,-54.52,100,ARG,Argentina
L20J,-32.05,-60.28,100,ARG,Argentina
L20K,-26.93,-65.33,100,ARG,Argentina
L20L,-28.67,-57.63,100,ARG,Argentina
L20M,-32.88,-68.85,100,ARG,Argentina
L20N,-27.78,-64.27,100,ARG,Argentina
L20O,-24.78,-65.42,100,ARG,Argentina
L20P,-30.87,-68.98,100,ARG,Argentina
L20Q,-33.3,-66.35,100,ARG,Argentina
L20R,-28.43,-65.78,100,ARG,Argentina
L20S,-29.43,-66.85,100,ARG,Argentina
L20T,-23.75,-65.5,100,ARG,Argentina
L20U,-36.62,-64.28,100,ARG,Argentina
L20V,-40.8,-63.0,100,ARG,Argentina
L20W,-43.3,-65.1,100,ARG,Argentina
L20X,-50.43,-69.25,100,ARG,Argentina
L20Y,-38.95,-68.07,100,ARG,Argentina
L21A,-34.6,-58.38,100,ARG,Argentina
L21D,-33.7,-61.0,100,ARG,Argentina
L21F,-33.72,-62.23,100,ARG,Argentina
L21G,-26.95,-58.72,100,ARG,Argentina
L21H,-31.42,-64.18,100,ARG,Argentina
L21I,-26.92,-54.52,100,ARG,Argentina
L21J,-32.05,-60.28,100,ARG,Argentina
L21K,-26.93,-65.33,100,ARG,Argentina
L21L,-28.67,-57.63,100,ARG,Argentina
L21M,-32.88,-68.85,100,ARG,Argentina
L21N,-27.78,-64.27,100,ARG,Argentina
L21O,-24.78,-65.42,100,ARG,Argentina
L21P,-30.87,-68.98,100,ARG,Argentina
L21Q,-33.3,-66.35,100,ARG,Argentina
L21R,-28.43,-65.78,100,ARG,Argentina
L21S,-29.43,-66.85,100,ARG,Argentina
L21T,-23.75,-65.5,100,ARG,Argentina
L21U,-36.62,-64.28,100,ARG,Argentina
L21V,-40.8,-63.0,100,ARG,Argentina
L21W,-43.3,-65.1,100,ARG,Argentina
L21X,-50.43,-69.25,100,ARG,Argentina
L21Y,-38.95,-68.07,100,ARG,Argentina
L22A,-34.6,-58.38,100,ARG,Argentina
L22D,-33.7,-61.0,100,ARG,Argentina
L22F,-33.72,-62.23,100,ARG,Argentina
L22G,-26.95,-58.72,100,ARG,Argentina
L22H,-31.42,-64.18,100,ARG,Argentina
L22I,-26.92,-54.52,100,ARG,Argentina
L22J,-32.05,-60.28,100,ARG,Argentina
L22K,-26.93,-65.33,100,ARG,Argentina
L22L,-28.67,-57.63,100,ARG,Argentina
L22M,-32.88,-68.85,100,ARG,Argentina
L22N,-27.78,-64.27,100,ARG,Argentina
L22O,-24.78,-65.42,100,ARG,Argentina
L22P,-30.87,-68.98,100,ARG,Argentina
L22Q,-33.3,-66.35,100,ARG,Argentina
L22R,-28.43,-65.78,100,ARG,Argentina
L22S,-29.43,-66.85,100,ARG,Argentina
L22T,-23.75,-65.5,100,ARG,Argentina
L22U,-36.62,-64.28,100,ARG,Argentina
L22V,-40.8,-63.0,100,ARG,Argentina
L22W,-43.3,-65.1,100,ARG,Argentina
L22X,-50.43,-69.25,100,ARG,Argentina
L22Y,-38.95,-68.07,100,ARG,Argentina
L23A,-34.6,-58.38,100,ARG,Argentina
L23D,-33.7,-61.0,100,ARG,Argentina
L23F,-33.72,-62.23,100,ARG,Argentina
L23G,-26.95,-58.72,100,ARG,Argentina
L23H,-31.42,-64.18,100,ARG,Argentina
L23I,-26.92,-54.52,100,ARG,Argentina
L23J,-32.05,-60.28,100,ARG,Argentina
L23K,-26.93,-65.33,100,ARG,Argentina
L23L,-28.67,-57.63,100,ARG,Argentina
L23M,-32.88,-68.85,100,ARG,Argentina
L23N,-27.78,-64.27,100,ARG,Argentina
L23O,-24.78,-65.42,100,ARG,Argentina
L23P,-30.87,-68.98,100,ARG,Argentina
L23Q,-33.3,-66.35,100,ARG,Argentina
L23R,-28.43,-65.78,100,ARG,Argentina
L23S,-29.43,-66.85,100,ARG,Argentina
L23T,-23.75,-65.5,100,ARG,Argentina
L23U,-36.62,-64.28,100,ARG,Argentina
L23V,-40.8,-63.0,100,ARG,Argentina
L23W,-43.3,-65.1,100,ARG,Argentina
L23X,-50.43,-69.25,100,ARG,Argentina
L23Y,-38.95,-68.07,100,ARG,Argentina
L24A,-34.6,-58.38,100,ARG,Argentina
L24D,-33.7,-61.0,100,ARG,Argentina
L24F,-33.72,-62.23,100,ARG,Argentina
L24G,-26.95,-58.72,100,ARG,Argentina
L24H,-31.42,-64.18,100,ARG,Argentina
L24I,-26.92,-54.52,100,ARG,Argentina
L24J,-32.05,-60.28,100,ARG,Argentina
L24K,-26.93,-65.33,100,ARG,Argentina
L24L,-28.67,-57.63,100,ARG,Argentina
L24M,-32.88,-68.85,100,ARG,Argentina
L24N,-27.78,-64.27,100,ARG,Argentina
L24O,-24.78,-65.42,100,ARG,Argentina
L24P,-30.87,-68.98,100,ARG,Argentina
L24Q,-33.3,-66.35,100,ARG,Argentina
L24R,-28.43,-65.78,100,ARG,Argentina
L24S,-29.43,-66.85,100,ARG,Argentina
L24T,-23.75,-65.5,100,ARG,Argentina
L24U,-36.62,-64.28,100,ARG,Argentina
L24V,-40.8,-63.0,100,ARG,Argentina
L24W,-43.3,-65.1,100,ARG,Argentina
L24X,-50.43,-69.25,100,ARG,Argentina
L24Y,-38.95,-68.07,100,ARG,Argentina
L25A,-34.6,-58.38,100,ARG,Argentina
L25D,-33.7,-61.0,100,ARG,Argentina
L25F,-33.72,-62.23,100,ARG,Argentina
L25G,-26.95,-58.72,100,ARG,Argentina
L25H,-31.42,-64.18,100,ARG,Argentina
L25I,-26.92,-54.52,100,ARG,Argentina
L25J,-32.05,-60.28,100,ARG,Argentina
L25K,-26.93,-65.33,100,ARG,Argentina
L25L,-28.67,-57.63,100,ARG,Argentina
L25M,-32.88,-68.85,100,ARG,Argentina
L25N,-27.78,-64.27,100,ARG,Argentina
L25O,-24.78,-65.42,100,ARG,Argentina
L25P,-30.87,-68.98,100,ARG,Argentina
L25Q,-33.3,-66.35,100,ARG,Argentina
L25R,-28.43,-65.78,100,ARG,Argentina
L25S,-29.43,-66.85,100,ARG,Argentina
L25T,-23.75,-65.5,100,ARG,Argentina
L25U,-36.62,-64.28,100,ARG,Argentina
L25V,-40.8,-63.0,100,ARG,Argentina
L25W,-43.3,-65.1,100,ARG,Argentina
L25X,-50.43,-69.25,100,ARG,Argentina
L25Y,-38.95,-68.07,100,ARG,Argentina
L26A,-34.6,-58.38,100,ARG,Argentina
L26D,-33.7,-61.0,100,ARG,Argentina
L26F,-33.72,-62.23,100,ARG,Argentina
L26G,-26.95,-58.72,100,ARG,Argentina
L26H,-31.42,-64.18,100,ARG,Argentina
L26I,-26.92,-54.52,100,ARG,Argentina
L26J,-32.05,-60.28,100,ARG,Argentina
L26K,-26.93,-65.33,100,ARG,Argentina
L26L,-28.67,-57.63,100,ARG,Argentina
L26M,-32.88,-68.85,100,ARG,Argentina
L26N,-27.78,-64.27,100,ARG,Argentina
L26O,-24.78,-65.42,100,ARG,Argentina
L26P,-30.87,-68.98,100,ARG,Argentina
L26Q,-33.3,-66.35,100,ARG,Argentina
L26R,-28.43,-65.78,100,ARG,Argentina
L26S,-29.43,-66.85,100,ARG,Argentina
L26T,-23.75,-65.5,100,ARG,Argentina
L26U,-36.62,-64.28,100,ARG,Argentina
L26V,-40.8,-63.0,100,ARG,Argentina
L26W,-43.3,-65.1,100,ARG,Argentina
L26X,-50.43,-69.25,100,ARG,Argentina
L26Y,-38.95,-68.07,100,ARG,Argentina
L27A,-34.6,-58.38,100,ARG,Argentina
L27D,-33.7,-61.0,100,ARG,Argentina
L27F,-33.72,-62.23,100,ARG,Argentina
L27G,-26.95,-58.72,100,ARG,Argentina
L27H,-31.42,-64.18,100,ARG,Argentina
L27I,-26.92,-54.52,100,ARG,Argentina
L27J,-32.05,-60.28,100,ARG,Argentina
L27K,-26.93,-65.33,100,ARG,Argentina
L27L,-28.67,-57.63,100,ARG,Argentina
L27M,-32.88,-68.85,100,ARG,Argentina
L27N,-27.78,-64.27,100,ARG,Argentina
L27O,-24.78,-65.42,100,ARG,Argentina
L27P,-30.87,-68.98,100,ARG,Argentina
L27Q,-33.3,-66.35,100,ARG,Argentina
L27R,-28.43,-65.78,100,ARG,Argentina
L27S,-29.43,-66.85,100,ARG,Argentina
L27T,-23.75,-65.5,100,ARG,Argentina
L27U,-36.62,-64.28,100,ARG,Argentina
L27V,-40.8,-63.0,100,ARG,Argentina
L27W,-43.3,-65.1,100,ARG,Argentina
L27X,-50.43,-69.25,100,ARG,Argentina
L27Y,-38.95,-68.07,100,ARG,Argentina
L28A,-34.6,-58.38,100,ARG,Argentina
L28D,-33.7,-61.0,100,ARG,Argentina
L28F,-33.72,-62.23,100,ARG,Argentina
L28G,-26.95,-58.72,100,ARG,Argentina
L28H,-31.42,-64.18,100,ARG,Argentina
L28I,-26.92,-54.52,100,ARG,Argentina
L28J,-32.05,-60.28,100,ARG,Argentina
L28K,-26.93,-65.33,100,ARG,Argentina
L28L,-28.67,-57.63,100,ARG,Argentina
L28M,-32.88,-68.85,100,ARG,Argentina
L28N,-27.78,-64.27,100,ARG,Argentina
L28O,-24.78,-65.42,100,ARG,Argentina
L28P,-30.87,-68.98,100,ARG,Argentina
L28Q,-33.3,-66.35,100,ARG,Argentina
L28R,-28.43,-65.78,100,ARG,Argentina
L28S,-29.43,-66.85,100,ARG,Argentina
L28T,-23.75,-65.5,100,ARG,Argentina
L28U,-36.62,-64.28,100,ARG,Argentina
L28V,-40.8,-63.0,100,ARG,Argentina
L28W,-43.3,-65.1,100,ARG,Argentina
L28X,-50.43,-69.25,100,ARG,Argentina
L28Y,-38.95,-68.07,100,ARG,Argentina
L29A,-34.6,-58.38,100,ARG,Argentina
L29D,-33.7,-61.0,100,ARG,Argentina
L29F,-33.72,-62.23,100,ARG,Argentina
L29G,-26.95,-58.72,100,ARG,Argentina
L29H,-31.42,-64.18,100,ARG,Argentina
L29I,-26.92,-54.52,100,ARG,Argentina
L29J,-32.05,-60.28,100,ARG,Argentina
L29K,-26.93,-65.33,100,ARG,Argentina
L29L,-28.67,-57.63,100,ARG,Argentina
L29M,-32.88,-68.85,100,ARG,Argentina
L29N,-27.78,-64.27,100,ARG,Argentina
L29O,-24.78,-65.42,100,ARG,Argentina
L29P,-30.87,-68.98,100,ARG,Argentina
L29Q,-33.3,-66.35,100,ARG,Argentina
L29R,-28.43,-65.78,100,ARG,Argentina
L29S,-29.43,-66.85,100,ARG,Argentina
L29T,-23.75,-65.5,100,ARG,Argentina
L29U,-36.62,-64.28,100,ARG,Argentina
L29V,-40.8,-63.0,100,ARG,Argentina
L29W,-43.3,-65.1,100,ARG,Argentina
L29X,-50.43,-69.25,100,ARG,Argentina
L29Y,-38.95,-68.07,100,ARG,Argentina
L3,-32.5,-62.13,100,ARG,Argentina
L30A,-34.6,-58.38,100,ARG,Argentina
L30D,-33.7,-61.0,100,ARG,Argentina
L30F,-33.72,-62.23,100,ARG,Argentina
L30G,-26.95,-58.72,100,ARG,Argentina
L30H,-31.42,-64.18,100,ARG,Argentina
L30I,-26.92,-54.52,100,ARG,Argentina
L30J,-32.05,-60.28,100,ARG,Argentina
L30K,-26.93,-65.33,100,ARG,Argentina
L30L,-28.67,-57.63,100,ARG,Argentina
L30M,-32.88,-68.85,100,ARG,Argentina
L30N,-27.78,-64.27,100,ARG,Argentina
L30O,-24.78,-65.42,100,ARG,Argentina
L30P,-30.87,-68.98,100,ARG,Argentina
L30Q,-33.3,-66.35,100,ARG,Argentina
L30R,-28.43,-65.78,100,ARG,Argentina
L30S,-29.43,-66.85,100,ARG,Argentina
L30T,-23.75,-65.5,100,ARG,Argentina
L30U,-36.62,-64.28,100,ARG,Argentina
L30V,-40.8,-63.0,100,ARG,Argentina
L30W,-43.3,-65.1,100,ARG,Argentina
L30X,-50.43,-69.25,100,ARG,Argentina
L30Y,-38.95,-68.07,100,ARG,Argentina
L31A,-34.6,-58.38,100,ARG,Argentina
L31D,-33.7,-61.0,100,ARG,Argentina
L31F,-33.72,-62.23,100,ARG,Argentina
L31G,-26.95,-58.72,100,ARG,Argentina
L31H,-31.42,-64.18,100,ARG,Argentina
L31I,-26.92,-54.52,100,ARG,Argentina
L31J,-32.05,-60.28,100,ARG,Argentina
L31K,-26.93,-65.33,100,ARG,Argentina
L31L,-28.67,-57.63,100,ARG,Argentina
L31M,-32.88,-68.85,100,ARG,Argentina
L31N,-27.78,-64.27,100,ARG,Argentina
L31O,-24.78,-65.42,100,ARG,Argentina
L31P,-30.87,-68.98,100,ARG,Argentina
L31Q,-33.3,-66.35,100,ARG,Argentina
L31R,-28.43,-65.78,100,ARG,Argentina
L31S,-29.43,-66.85,100,ARG,Argentina
L31T,-23.75,-65.5,100,ARG,Argentina
L31U,-36.62,-64.28,100,ARG,Argentina
L31V,-40.8,-63.0,100,ARG,Argentina
L31W,-43.3,-65.1,100,ARG,Argentina
L31X,-50.43,-69.25,100,ARG,Argentina
L31Y,-38.95,-68.07,100,ARG,Argentina
L32A,-34.6,-58.38,100,ARG,Argentina
L32D,-33.7,-61.0,100,ARG,Argentina
L32F,-33.72,-62.23,100,ARG,Argentina
L32G,-26.95,-58.72,100,ARG,Argentina
L32H,-31.42,-64.18,100,ARG,Argentina
L32I,-26.92,-54.52,100,ARG,Argentina
L32J,-32.05,-60.28,100,ARG,Argentina
L32K,-26.93,-65.33,100,ARG,Argentina
L32L,-28.67,-57.63,100,ARG,Argentina
L32M,-32.88,-68.85,100,ARG,Argentina
L32N,-27.78,-64.27,100,ARG,Argentina
L32O,-24.78,-65.42,100,ARG,Argentina
L32P,-30.87,-68.98,100,ARG,Argentina
L32Q,-33.3,-66.35,100,ARG,Argentina
L32R,-28.43,-65.78,100,ARG,Argentina
L32S,-29.43,-66.85,100,ARG,Argentina
L32T,-23.75,-65.5,100,ARG,Argentina
L32U,-36.62,-64.28,100,ARG,Argentina
L32V,-40.8,-63.0,100,ARG,Argentina
L32W,-43.3,-65.1,100,ARG,Argentina
L32X,-50.43,-69.25,100,ARG,Argentina
L32Y,-38.95,-68.07,100,ARG,Argentina
L33A,-34.6,-58.38,100,ARG,Argentina
L33D,-33.7,-61.0,100,ARG,Argentina
L33F,-33.72,-62.23,100,ARG,Argentina
L33G,-26.95,-58.72,100,ARG,Argentina
L33H,-31.42,-64.18,100,ARG,Argentina
L33I,-26.92,-54.52,100,ARG,Argentina
L33J,-32.05,-60.28,100,ARG,Argentina
L33K,-26.93,-65.33,100,ARG,Argentina
L33L,-28.67,-57.63,100,ARG,Argentina
L33M,-32.88,-68.85,100,ARG,Argentina
L33N,-27.78,-64.27,100,ARG,Argentina
L33O,-24.78,-65.42,100,ARG,Argentina
L33P,-30.87,-68.98,100,ARG,Argentina
L33Q,-33.3,-66.35,100,ARG,Argentina
L33R,-28.43,-65.78,100,ARG,Argentina
L33S,-29.43,-66.85,100,ARG,Argentina
L33T,-23.75,-65.5,100,ARG,Argentina
L33U,-36.62,-64.28,100,ARG,Argentina
L33V,-40.8,-63.0,100,ARG,Argentina
L33W,-43.3,-65.1,100,ARG,Argentina
L33X,-50.43,-69.25,100,ARG,Argentina
L33Y,-38.95,-68.07,100,ARG,Argentina
L34A,-34.6,-58.38,100,ARG,Argentina
L34D,-33.7,-61.0,100,ARG,Argentina
L34F,-33.72,-62.23,100,ARG,Argentina
L34G,-26.95,-58.72,100,ARG,Argentina
L34H,-31.42,-64.18,100,ARG,Argentina
L34I,-26.92,-54.52,100,ARG,Argentina
L34J,-32.05,-60.28,100,ARG,Argentina
L34K,-26.93,-65.33,100,ARG,Argentina
L34L,-28.67,-57.63,100,ARG,Argentina
L34M,-32.88,-68.85,100,ARG,Argentina
L34N,-27.78,-64.27,100,ARG,Argentina
L34O,-24.78,-65.42,100,ARG,Argentina
L34P,-30.87,-68.98,100,ARG,Argentina
L34Q,-33.3,-66.35,100,ARG,Argentina
L34R,-28.43,-65.78,100,ARG,Argentina
L34S,-29.43,-66.85,100,ARG,Argentina
L34T,-23.75,-65.5,100,ARG,Argentina
L34U,-36.62,-64.28,100,ARG,Argentina
L34V,-40.8,-63.0,100,ARG,Argentina
L34W,-43.3,-65.1,100,ARG,Argentina
L34X,-50.43,-69.25,100,ARG,Argentina
L34Y,-38.95,-68.07,100,ARG,Argentina
L35A,-34.6,-58.38,100,ARG,Argentina
L35D,-33.7,-61.0,100,ARG,Argentina
L35F,-33.72,-62.23,100,ARG,Argentina
L35G,-26.95,-58.72,100,ARG,Argentina
L35H,-31.42,-64.18,100,ARG,Argentina
L35I,-26.92,-54.52,100,ARG,Argentina
L35J,-32.05,-60.28,100,ARG,Argentina
L35K,-26.93,-65.33,100,ARG,Argentina
L35L,-28.67,-57.63,100,ARG,Argentina
L35M,-32.88,-68.85,100,ARG,Argentina
L35N,-27.78,-64.27,100,ARG,Argentina
L35O,-24.78,-65.42,100,ARG,Argentina
L35P,-30.87,-68.98,100,ARG,Argentina
L35Q,-33.3,-66.35,100,ARG,Argentina
L35R,-28.43,-65.78,100,ARG,Argentina
L35S,-29.43,-66.85,100,ARG,Argentina
L35T,-23.75,-65.5,100,ARG,Argentina
L35U,-36.62,-64.28,100,ARG,Argentina
L35V,-40.8,-63.0,100,ARG,Argentina
L35W,-43.3,-65.1,100,ARG,Argentina
L35X,-50.43,-69.25,100,ARG,Argentina
L35Y,-38.95,-68.07,100,ARG,Argentina
L36A,-34.6,-58.38,100,ARG,Argentina
L36D,-33.7,-61.0,100,ARG,Argentina
L36F,-33.72,-62.23,100,ARG,Argentina
L36G,-26.95,-58.72,100,ARG,Argentina
L36H,-31.42,-64.18,100,ARG,Argentina
L36I,-26.92,-54.52,100,ARG,Argentina
L36J,-32.05,-60.28,100,ARG,Argentina
L36K,-26.93,-65.33,100,ARG,Argentina
L36L,-28.67,-57.63,100,ARG,Argentina
L36M,-32.88,-68.85,100,ARG,Argentina
L36N,-27.78,-64.27,100,ARG,Argentina
L36O,-24.78,-65.42,100,ARG,Argentina
L36P,-30.87,-68.98,100,ARG,Argentina
L36Q,-33.3,-66.35,100,ARG,Argentina
L36R,-28.43,-65.78,100,ARG,Argentina
L36S,-29.43,-66.85,100,ARG,Argentina
L36T,-23.75,-65.5,100,ARG,Argentina
L36U,-36.62,-64.28,100,ARG,Argentina
L36V,-40.8,-63.0,100,ARG,Argentina
L36W,-43.3,-65.1,100,ARG,Argentina
L36X,-50.43,-69.25,100,ARG,Argentina
L36Y,-38.95,-68.07,100,ARG,Argentina
L37A,-34.6,-58.38,100,ARG,Argentina
L37D,-33.7,-61.0,100,ARG,Argentina
L37F,-33.72,-62.23,100,ARG,Argentina
L37G,-26.95,-58.72,100,ARG,Argentina
L37H,-31.42,-64.18,100,ARG,Argentina
L37I,-26.92,-54.52,100,ARG,Argentina
L37J,-32.05,-60.28,100,ARG,Argentina
L37K,-26.93,-65.33,100,ARG,Argentina
L37L,-28.67,-57.63,100,ARG,Argentina
L37M,-32.88,-68.85,100,ARG,Argentina
L37N,-27.78,-64.27,100,ARG,Argentina
L37O,-24.78,-65.42,100,ARG,Argentina
L37P,-30.87,-68.98,100,ARG,Argentina
L37Q,-33.3,-66.35,100,ARG,Argentina
L37R,-28.43,-65.78,100,ARG,Argentina
L37S,-29.43,-66.85,100,ARG,Argentina
L37T,-23.75,-65.5,100,ARG,Argentina
L37U,-36.62,-64.28,100,ARG,Argentina
L37V,-40.8,-63.0,100,ARG,Argentina
L37W,-43.3,-65.1,100,ARG,Argentina
L37X,-50.43,-69.25,100,ARG,Argentina
L37Y,-38.95,-68.07,100,ARG,Argentina
L38A,-34.6,-58.38,100,ARG,Argentina
L38D,-33.7,-61.0,100,ARG,Argentina
L38F,-33.72,-62.23,100,ARG,Argentina
L38G,-26.95,-58.72,100,ARG,Argentina
L38H,-31.42,-64.18,100,ARG,Argentina
L38I,-26.92,-54.52,100,ARG,Argentina
L38J,-32.05,-60.28,100,ARG,Argentina
L38K,-26.93,-65.33,100,ARG,Argentina
L38L,-28.67,-57.63,100,ARG,Argentina
L38M,-32.88,-68.85,100,ARG,Argentina
L38N,-27.78,-64.27,100,ARG,Argentina
L38O,-24.78,-65.42,100,ARG,Argentina
L38P,-30.87,-68.98,100,ARG,Argentina
L38Q,-33.3,-66.35,100,ARG,Argentina
L38R,-28.43,-65.78,100,ARG,Argentina
L38S,-29.43,-66.85,100,ARG,Argentina
L38T,-23.75,-65.5,100,ARG,Argentina
L38U,-36.62,-64.28,100,ARG,Argentina
L38V,-40.8,-63.0,100,ARG,Argentina
L38W,-43.3,-65.1,100,ARG,Argentina
L38X,-50.43,-69.25,100,ARG,Argentina
L38Y,-38.95,-68.07,100,ARG,Argentina
L39A,-34.6,-58.38,100,ARG,Argentina
L39D,-33.7,-61.0,100,ARG,Argentina
L39F,-33.72,-62.23,100,ARG,Argentina
L39G,-26.95,-58.72,100,ARG,Argentina
L39H,-31.42,-64.18,100,ARG,Argentina
L39I,-26.92,-54.52,100,ARG,Argentina
L39J,-32.05,-60.28,100,ARG,Argentina
L39K,-26.93,-65.33,100,ARG,Argentina
L39L,-28.67,-57.63,100,ARG,Argentina
L39M,-32.88,-68.85,100,ARG,Argentina
L39N,-27.78,-64.27,100,ARG,Argentina
L39O,-24.78,-65.42,100,ARG,Argentina
L39P,-30.87,-68.98,100,ARG,Argentina
L39Q,-33.3,-66.35,100,ARG,Argentina
L39R,-28.43,-65.78,100,ARG,Argentina
L39S,-29.43,-66.85,100,ARG,Argentina
L39T,-23.75,-65.5,100,ARG,Argentina
L39U,-36.62,-64.28,100,ARG,Argentina
L39V,-40.8,-63.0,100,ARG,Argentina
L39W,-43.3,-65.1,100,ARG,Argentina
L39X,-50.43,-69.25,100,ARG,Argentina
L39Y,-38.95,-68.07,100,ARG,Argentina
L4,-32.5,-62.13,100,ARG,Argentina
L40A,-34.6,-58.38,100,ARG,Argentina
L40D,-33.7,-61.0,100,ARG,Argentina
L40F,-33.72,-62.23,100,ARG,Argentina
L40G,-26.95,-58.72,100,ARG,Argentina
L40H,-31.42,-64.18,100,ARG,Argentina
L40I,-26.92,-54.52,100,ARG,Argentina
L40J,-32.05,-60.28,100,ARG,Argentina
L40K,-26.93,-65.33,100,ARG,Argentina
L40L,-28.67,-57.63,100,ARG,Argentina
L40M,-32.88,-68.85,100,ARG,Argentina
L40N,-27.78,-64.27,100,ARG,Argentina
L40O,-24.78,-65.42,100,ARG,Argentina
L40P,-30.87,-68.98,100,ARG,Argentina
L40Q,-33.3,-66.35,100,ARG,Argentina
L40R,-28.43,-65.78,100,ARG,Argentina
L40S,-29.43,-66.85,100,ARG,Argentina
L40T,-23.75,-65.5,100,ARG,Argentina
L40U,-36.62,-64.28,100,ARG,Argentina
L40V,-40.8,-63.0,100,ARG,Argentina
L40W,-43.3,-65.1,100,ARG,Argentina
L40X,-50.43,-69.25,100,ARG,Argentina
L40Y,-38.95,-68.07,100,ARG,Argentina
L41A,-34.6,-58.38,100,ARG,Argentina
L41D,-33.7,-61.0,100,ARG,Argentina
L41F,-33.72,-62.23,100,ARG,Argentina
L41G,-26.95,-58.72,100,ARG,Argentina
L41H,-31.42,-64.18,100,ARG,Argentina
L41I,-26.92,-54.52,100,ARG,Argentina
L41J,-32.05,-60.28,100,ARG,Argentina
L41K,-26.93,-65.33,100,ARG,Argentina
L41L,-28.67,-57.63,100,ARG,Argentina
L41M,-32.88,-68.85,100,ARG,Argentina
L41N,-27.78,-64.27,100,ARG,Argentina
L41O,-24.78,-65.42,100,ARG,Argentina
L41P,-30.87,-68.98,100,ARG,Argentina
L41Q,-33.3,-66.35,100,ARG,Argentina
L41R,-28.43,-65.78,100,ARG,Argentina
L41S,-29.43,-66.85,100,ARG,Argentina
L41T,-23.75,-65.5,100,ARG,Argentina
L41U,-36.62,-64.28,100,ARG,Argentina
L41V,-40.8,-63.0,100,ARG,Argentina
L41W,-43.3,-65.1,100,ARG,Argentina
L41X,-50.43,-69.25,100,ARG,Argentina
L41Y,-38.95,-68.07,100,ARG,Argentina
L42A,-34.6,-58.38,100,ARG,Argentina
L42D,-33.7,-61.0,100,ARG,Argentina
L42F,-33.72,-62.23,100,ARG,Argentina
L42G,-26.95,-58.72,100,ARG,Argentina
L42H,-31.42,-64.18,100,ARG,Argentina
L42I,-26.92,-54.52,100,ARG,Argentina
L42J,-32.05,-60.28,100,ARG,Argentina
L42K,-26.93,-65.33,100,ARG,Argentina
L42L,-28.67,-57.63,100,ARG,Argentina
L42M,-32.88,-68.85,100,ARG,Argentina
L42N,-27.78,-64.27,100,ARG,Argentina
L42O,-24.78,-65.42,100,ARG,Argentina
L42P,-30.87,-68.98,100,ARG,Argentina
L42Q,-33.3,-66.35,100,ARG,Argentina
L42R,-28.43,-65.78,100,ARG,Argentina
L42S,-29.43,-66.85,100,ARG,Argentina
L42T,-23.75,-65.5,100,ARG,Argentina
L42U,-36.62,-64.28,100,ARG,Argentina
L42V,-40.8,-63.0,100,ARG,Argentina
L42W,-43.3,-65.1,100,ARG,Argentina
L42X,-50.43,-69.25,100,ARG,Argentina
L42Y,-38.95,-68.07,100,ARG,Argentina
L43A,-34.6,-58.38,100,ARG,Argentina
L43D,-33.7,-61.0,100,ARG,Argentina
L43F,-33.72,-62.23,100,ARG,Argentina
L43G,-26.95,-58.72,100,ARG,Argentina
L43H,-31.42,-64.18,100,ARG,Argentina
L43I,-26.92,-54.52,100,ARG,Argentina
L43J,-32.05,-60.28,100,ARG,Argentina
L43K,-26.93,-65.33,100,ARG,Argentina
L43L,-28.67,-57.63,100,ARG,Argentina
L43M,-32.88,-68.85,100,ARG,Argentina
L43N,-27.78,-64.27,100,ARG,Argentina
L43O,-24.78,-65.42,100,ARG,Argentina
L43P,-30.87,-68.98,100,ARG,Argentina
L43Q,-33.3,-66.35,100,ARG,Argentina
L43R,-28.43,-65.78,100,ARG,Argentina
L43S,-29.43,-66.85,100,ARG,Argentina
L43T,-23.75,-65.5,100,ARG,Argentina
L43U,-36.62,-64.28,100,ARG,Argentina
L43V,-40.8,-63.0,100,ARG,Argentina
L43W,-43.3,-65.1,100,ARG,Argentina
L43X,-50.43,-69.25,100,ARG,Argentina
L43Y,-38.95,-68.07,100,ARG,Argentina
L44A,-34.6,-58.38,100,ARG,Argentina
L44D,-33.7,-61.0,100,ARG,Argentina
L44F,-33.72,-62.23,100,ARG,Argentina
L44G,-26.95,-58.72,100,ARG,Argentina
L44H,-31.42,-64.18,100,ARG,Argentina
L44I,-26.92,-54.52,100,ARG,Argentina
L44J,-32.05,-60.28,100,ARG,Argentina
L44K,-26.93,-65.33,100,ARG,Argentina
L44L,-28.67,-57.63,100,ARG,Argentina
L44M,-32.88,-68.85,100,ARG,Argentina
L44N,-27.78,-64.27,100,ARG,Argentina
L44O,-24.78,-65.42,100,ARG,Argentina
L44P,-30.87,-68.98,100,ARG,Argentina
L44Q,-33.3,-66.35,100,ARG,Argentina
L44R,-28.43,-65.78,100,ARG,Argentina
L44S,-29.43,-66.85,100,ARG,Argentina
L44T,-23.75,-65.5,100,ARG,Argentina
L44U,-36.62,-64.28,100,ARG,Argentina
L44V,-40.8,-63.0,100,ARG,Argentina
L44W,-43.3,-65.1,100,ARG,Argentina
L44X,-50.43,-69.25,100,ARG,Argentina
L44Y,-38.95,-68.07,100,ARG,Argentina
L45A,-34.6,-58.38,100,ARG,Argentina
L45D,-33.7,-61.0,100,ARG,Argentina
L45F,-33.72,-62.23,100,ARG,Argentina
L45G,-26.95,-58.72,100,ARG,Argentina
L45H,-31.42,-64.18,100,ARG,Argentina
L45I,-26.92,-54.52,100,ARG,Argentina
L45J,-32.05,-60.28,100,ARG,Argentina
L45K,-26.93,-65.33,100,ARG,Argentina
L45L,-28.67,-57.63,100,ARG,Argentina
L45M,-32.88,-68.85,100,ARG,Argentina
L45N,-27.78,-64.27,100,ARG,Argentina
L45O,-24.78,-65.42,100,ARG,Argentina
L45P,-30.87,-68.98,100,ARG,Argentina
L45Q,-33.3,-66.35,100,ARG,Argentina
L45R,-28.43,-65.78,100,ARG,Argentina
L45S,-29.43,-66.85,100,ARG,Argentina
L45T,-23.75,-65.5,100,ARG,Argentina
L45U,-36.62,-64.28,100,ARG,Argentina
L45V,-40.8,-63.0,100,ARG,Argentina
L45W,-43.3,-65.1,100,ARG,Argentina
L45X,-50.43,-69.25,100,ARG,Argentina
L45Y,-38.95,-68.07,100,ARG,Argentina
L46A,-34.6,-58.38,100,ARG,Argentina
L46D,-33.7,-61.0,100,ARG,Argentina
L46F,-33.72,-62.23,100,ARG,Argentina
L46G,-26.95,-58.72,100,ARG,Argentina
L46H,-31.42,-64.18,100,ARG,Argentina
L46I,-26.92,-54.52,100,ARG,Argentina
L46J,-32.05,-60.28,100,ARG,Argentina
L46K,-26.93,-65.33,100,ARG,Argentina
L46L,-28.67,-57.63,100,ARG,Argentina
L46M,-32.88,-68.85,100,ARG,Argentina
L46N,-27.78,-64.27,100,ARG,Argentina
L46O,-24.78,-65.42,100,ARG,Argentina
L46P,-30.87,-68.98,100,ARG,Argentina
L46Q,-33.3,-66.35,100,ARG,Argentina
L46R,-28.43,-65.78,100,ARG,Argentina
L46S,-29.43,-66.85,100,ARG,Argentina
L46T,-23.75,-65.5,100,ARG,Argentina
L46U,-36.62,-64.28,100,ARG,Argentina
L46V,-40.8,-63.0,100,ARG,Argentina
L46W,-43.3,-65.1,100,ARG,Argentina
L46X,-50.43,-69.25,100,ARG,Argentina
L46Y,-38.95,-68.07,100,ARG,Argentina
L47A,-34.6,-58.38,100,ARG,Argentina
L47D,-33.7,-61.0,100,ARG,Argentina
L47F,-33.72,-62.23,100,ARG,Argentina
L47G,-26.95,-58.72,100,ARG,Argentina
L47H,-31.42,-64.18,100,ARG,Argentina
L47I,-26.92,-54.52,100,ARG,Argentina
L47J,-32.05,-60.28,100,ARG,Argentina
L47K,-26.93,-65.33,100,ARG,Argentina
L47L,-28.67,-57.63,100,ARG,Argentina
L47M,-32.88,-68.85,100,ARG,Argentina
L47N,-27.78,-64.27,100,ARG,Argentina
L47O,-24.78,-65.42,100,ARG,Argentina
L47P,-30.87,-68.98,100,ARG,Argentina
L47Q,-33.3,-66.35,100,ARG,Argentina
L47R,-28.43,-65.78,100,ARG,Argentina
L47S,-29.43,-66.85,100,ARG,Argentina
L47T,-23.75,-65.5,100,ARG,Argentina
L47U,-36.62,-64.28,100,ARG,Argentina
L47V,-40.8,-63.0,100,ARG,Argentina
L47W,-43.3,-65.1,100,ARG,Argentina
L47X,-50.43,-69.25,100,ARG,Argentina
L47Y,-38.95,-68.07,100,ARG,Argentina
L48A,-34.6,-58.38,100,ARG,Argentina
L48D,-33.7,-61.0,100,ARG,Argentina
L48F,-33.72,-62.23,100,ARG,Argentina
L48G,-26.95,-58.72,100,ARG,Argentina
L48H,-31.42,-64.18,100,ARG,Argentina
L48I,-26.92,-54.52,100,ARG,Argentina
L48J,-32.05,-60.28,100,ARG,Argentina
L48K,-26.93,-65.33,100,ARG,Argentina
L48L,-28.67,-57.63,100,ARG,Argentina
L48M,-32.88,-68.85,100,ARG,Argentina
L48N,-27.78,-64.27,100,ARG,Argentina
L48O,-24.78,-65.42,100,ARG,Argentina
L48P,-30.87,-68.98,100,ARG,Argentina
L48Q,-33.3,-66.35,100,ARG,Argentina
L48R,-28.43,-65.78,100,ARG,Argentina
L48S,-29.43,-66.85,100,ARG,Argentina
L48T,-23.75,-65.5,100,ARG,Argentina
L48U,-36.62,-64.28,100,ARG,Argentina
L48V,-40.8,-63.0,100,ARG,Argentina
L48W,-43.3,-65.1,100,ARG,Argentina
L48X,-50.43,-69.25,100,ARG,Argentina
L48Y,-38.95,-68.07,100,ARG,Argentina
L49A,-34.6,-58.38,100,ARG,Argentina
L49D,-33.7,-61.0,100,ARG,Argentina
L49F,-33.72,-62.23,100,ARG,Argentina
L49G,-26.95,-58.72,100,ARG,Argentina
L49H,-31.42,-64.18,100,ARG,Argentina
L49I,-26.92,-54.52,100,ARG,Argentina
L49J,-32.05,-60.28,100,ARG,Argentina
L49K,-26.93,-65.33,100,ARG,Argentina
L49L,-28.67,-57.63,100,ARG,Argentina
L49M,-32.88,-68.85,100,ARG,Argentina
L49N,-27.78,-64.27,100,ARG,Argentina
L49O,-24.78,-65.42,100,ARG,Argentina
L49P,-30.87,-68.98,100,ARG,Argentina
L49Q,-33.3,-66.35,100,ARG,Argentina
L49R,-28.43,-65.78,100,ARG,Argentina
L49S,-29.43,-66.85,100,ARG,Argentina
L49T,-23.75,-65.5,100,ARG,Argentina
L49U,-36.62,-64.28,100,ARG,Argentina
L49V,-40.8,-63.0,100,ARG,Argentina
L49W,-43.3,-65.1,100,ARG,Argentina
L49X,-50.43,-69.25,100,ARG,Argentina
L49Y,-38.95,-68.07,100,ARG,Argentina
L5,-32.5,-62.13,100,ARG,Argentina
L50A,-34.6,-58.38,100,ARG,Argentina
L50D,-33.7,-61.0,100,ARG,Argentina
L50F,-33.72,-62.23,100,ARG,Argentina
L50G,-26.95,-58.72,100,ARG,Argentina
L50H,-31.42,-64.18,100,ARG,Argentina
L50I,-26.92,-54.52,100,ARG,Argentina
L50J,-32.05,-60.28,100,ARG,Argentina
L50K,-26.93,-65.33,100,ARG,Argentina
L50L,-28.67,-57.63,100,ARG,Argentina
L50M,-32.88,-68.85,100,ARG,Argentina
L50N,-27.78,-64.27,100,ARG,Argentina
L50O,-24.78,-65.42,100,ARG,Argentina
L50P,-30.87,-68.98,100,ARG,Argentina
L50Q,-33.3,-66.35,100,ARG,Argentina
L50R,-28.43,-65.78,100,ARG,Argentina
L50S,-29.43,-66.85,100,ARG,Argentina
L50T,-23.75,-65.5,100,ARG,Argentina
L50U,-36.62,-64.28,100,ARG,Argentina
L50V,-40.8,-63.0,100,ARG,Argentina
L50W,-43.3,-65.1,100,ARG,Argentina
L50X,-50.43,-69.25,100,ARG,Argentina
L50Y,-38.95,-68.07,100,ARG,Argentina
L51A,-34.6,-58.38,100,ARG,Argentina
L51D,-33.7,-61.0,100,ARG,Argentina
L51F,-33.72,-62.23,100,ARG,Argentina
L51G,-26.95,-58.72,100,ARG,Argentina
L51H,-31.42,-64.18,100,ARG,Argentina
L51I,-26.92,-54.52,100,ARG,Argentina
L51J,-32.05,-60.28,100,ARG,Argentina
L51K,-26.93,-65.33,100,ARG,Argentina
L51L,-28.67,-57.63,100,ARG,Argentina
L51M,-32.88,-68.85,100,ARG,Argentina
L51N,-27.78,-64.27,100,ARG,Argentina
L51O,-24.78,-65.42,100,ARG,Argentina
L51P,-30.87,-68.98,100,ARG,Argentina
L51Q,-33.3,-66.35,100,ARG,Argentina
L51R,-28.43,-65.78,100,ARG,Argentina
L51S,-29.43,-66.85,100,ARG,Argentina
L51T,-23.75,-65.5,100,ARG,Argentina
L51U,-36.62,-64.28,100,ARG,Argentina
L51V,-40.8,-63.0,100,ARG,Argentina
L51W,-43.3,-65.1,100,ARG,Argentina
L51X,-50.43,-69.25,100,ARG,Argentina
L51Y,-38.95,-68.07,100,ARG,Argentina
L52A,-34.6,-58.38,100,ARG,Argentina
L52D,-33.7,-61.0,100,ARG,Argentina
L52F,-33.72,-62.23,100,ARG,Argentina
L52G,-26.95,-58.72,100,ARG,Argentina
L52H,-31.42,-64.18,100,ARG,Argentina
L52I,-26.92,-54.52,100,ARG,Argentina
L52J,-32.05,-60.28,100,ARG,Argentina
L52K,-26.93,-65.33,100,ARG,Argentina
L52L,-28.67,-57.63,100,ARG,Argentina
L52M,-32.88,-68.85,100,ARG,Argentina
L52N,-27.78,-64.27,100,ARG,Argentina
L52O,-24.78,-65.42,100,ARG,Argentina
L52P,-30.87,-68.98,100,ARG,Argentina
L52Q,-33.3,-66.35,100,ARG,Argentina
L52R,-28.43,-65.78,100,ARG,Argentina
L52S,-29.43,-66.85,100,ARG,Argentina
L52T,-23.75,-65.5,100,ARG,Argentina
L52U,-36.62,-64.28,100,ARG,Argentina
L52V,-40.8,-63.0,100,ARG,Argentina
L52W,-43.3,-65.1,100,ARG,Argentina
L52X,-50.43,-69.25,100,ARG,Argentina
L52Y,-38.95,-68.07,100,ARG,Argentina
L53A,-34.6,-58.38,100,ARG,Argentina
L53D,-33.7,-61.0,100,ARG,Argentina
L53F,-33.72,-62.23,100,ARG,Argentina
L53G,-26.95,-58.72,100,ARG,Argentina
L53H,-31.42,-64.18,100,ARG,Argentina
L53I,-26.92,-54.52,100,ARG,Argentina
L53J,-32.05,-60.28,100,ARG,Argentina
L53K,-26.93,-65.33,100,ARG,Argentina
L53L,-28.67,-57.63,100,ARG,Argentina
L53M,-32.88,-68.85,100,ARG,Argentina
L53N,-27.78,-64.27,100,ARG,Argentina
L53O,-24.78,-65.42,100,ARG,Argentina
L53P,-30.87,-68.98,100,ARG,Argentina
L53Q,-33.3,-66.35,100,ARG,Argentina
L53R,-28.43,-65.78,100,ARG,Argentina
L53S,-29.43,-66.85,100,ARG,Argentina
L53T,-23.75,-65.5,100,ARG,Argentina
L53U,-36.62,-64.28,100,ARG,Argentina
L53V,-40.8,-63.0,100,ARG,Argentina
L53W,-43.3,-65.1,100,ARG,Argentina
L53X,-50.43,-69.25,100,ARG,Argentina
L53Y,-38.95,-68.07,100,ARG,Argentina
L54A,-34.6,-58.38,100,ARG,Argentina
L54D,-33.7,-61.0,100,ARG,Argentina
L54F,-33.72,-62.23,100,ARG,Argentina
L54G,-26.95,-58.72,100,ARG,Argentina
L54H,-31.42,-64.18,100,ARG,Argentina
L54I,-26.92,-54.52,100,ARG,Argentina
L54J,-32.05,-60.28,100,ARG,Argentina
L54K,-26.93,-65.33,100,ARG,Argentina
L54L,-28.67,-57.63,100,ARG,Argentina
L54M,-32.88,-68.85,100,ARG,Argentina
L54N,-27.78,-64.27,100,ARG,Argentina
L54O,-24.78,-65.42,100,ARG,Argentina
L54P,-30.87,-68.98,100,ARG,Argentina
L54Q,-33.3,-66.35,100,ARG,Argentina
L54R,-28.43,-65.78,100,ARG,Argentina
L54S,-29.43,-66.85,100,ARG,Argentina
L54T,-23.75,-65.5,100,ARG,Argentina
L54U,-36.62,-64.28,100,ARG,Argentina
L54V,-40.8,-63.0,100,ARG,Argentina
L54W,-43.3,-65.1,100,ARG,Argentina
L54X,-50.43,-69.25,100,ARG,Argentina
L54Y,-38.95,-68.07,100,ARG,Argentina
L55A,-34.6,-58.38,100,ARG,Argentina
L55D,-33.7,-61.0,100,ARG,Argentina
L55F,-33.72,-62.23,100,ARG,Argentina
L55G,-26.95,-58.72,100,ARG,Argentina
L55H,-31.42,-64.18,100,ARG,Argentina
L55I,-26.92,-54.52,100,ARG,Argentina
L55J,-32.05,-60.28,100,ARG,Argentina
L55K,-26.93,-65.33,100,ARG,Argentina
L55L,-28.67,-57.63,100,ARG,Argentina
L55M,-32.88,-68.85,100,ARG,Argentina
L55N,-27.78,-64.27,100,ARG,Argentina
L55O,-24.78,-65.42,100,ARG,Argentina
L55P,-30.87,-68.98,100,ARG,Argentina
L55Q,-33.3,-66.35,100,ARG,Argentina
L55R,-28.43,-65.78,100,ARG,Argentina
L55S,-29.43,-66.85,100,ARG,Argentina
L55T,-23.75,-65.5,100,ARG,Argentina
L55U,-36.62,-64.28,100,ARG,Argentina
L55V,-40.8,-63.0,100,ARG,Argentina
L55W,-43.3,-65.1,100,ARG,Argentina
L55X,-50.43,-69.25,100,ARG,Argentina
L55Y,-38.95,-68.07,100,ARG,Argentina
L56A,-34.6,-58.38,100,ARG,Argentina
L56D,-33.7,-61.0,100,ARG,Argentina
L56F,-33.72,-62.23,100,ARG,Argentina
L56G,-26.95,-58.72,100,ARG,Argentina
L56H,-31.42,-64.18,100,ARG,Argentina
L56I,-26.92,-54.52,100,ARG,Argentina
L56J,-32.05,-60.28,100,ARG,Argentina
L56K,-26.93,-65.33,100,ARG,Argentina
L56L,-28.67,-57.63,100,ARG,Argentina
L56M,-32.88,-68.85,100,ARG,Argentina
L56N,-27.78,-64.27,100,ARG,Argentina
L56O,-24.78,-65.42,100,ARG,Argentina
L56P,-30.87,-68.98,100,ARG,Argentina
L56Q,-33.3,-66.35,100,ARG,Argentina
L56R,-28.43,-65.78,100,ARG,Argentina
L56S,-29.43,-66.85,100,ARG,Argentina
L56T,-23.75,-65.5,100,ARG,Argentina
L56U,-36.62,-64.28,100,ARG,Argentina
L56V,-40.8,-63.0,100,ARG,Argentina
L56W,-43.3,-65.1,100,ARG,Argentina
L56X,-50.43,-69.25,100,ARG,Argentina
L56Y,-38.95,-68.07,100,ARG,Argentina
L57A,-34.6,-58.38,100,ARG,Argentina
L57D,-33.7,-61.0,100,ARG,Argentina
L57F,-33.72,-62.23,100,ARG,Argentina
L57G,-26.95,-58.72,100,ARG,Argentina
L57H,-31.42,-64.18,100,ARG,Argentina
L57I,-26.92,-54.52,100,ARG,Argentina
L57J,-32.05,-60.28,100,ARG,Argentina
L57K,-26.93,-65.33,100,ARG,Argentina
L57L,-28.67,-57.63,100,ARG,Argentina
L57M,-32.88,-68.85,100,ARG,Argentina
L57N,-27.78,-64.27,100,ARG,Argentina
L57O,-24.78,-65.42,100,ARG,Argentina
L57P,-30.87,-68.98,100,ARG,Argentina
L57Q,-33.3,-66.35,100,ARG,Argentina
L57R,-28.43,-65.78,100,ARG,Argentina
L57S,-29.43,-66.85,100,ARG,Argentina
L57T,-23.75,-65.5,100,ARG,Argentina
L57U,-36.62,-64.28,100,ARG,Argentina
L57V,-40.8,-63.0,100,ARG,Argentina
L57W,-43.3,-65.1,100,ARG,Argentina
L57X,-50.43,-69.25,100,ARG,Argentina
L57Y,-38.95,-68.07,100,ARG,Argentina
L58A,-34.6,-58.38,100,ARG,Argentina
L58D,-33.7,-61.0,100,ARG,Argentina
L58F,-33.72,-62.23,100,ARG,Argentina
L58G,-26.95,-58.72,100,ARG,Argentina
L58H,-31.42,-64.18,100,ARG,Argentina
L58I,-26.92,-54.52,100,ARG,Argentina
L58J,-32.05,-60.28,100,ARG,Argentina
L58K,-26.93,-65.33,100,ARG,Argentina
L58L,-28.67,-57.63,100,ARG,Argentina
L58M,-32.88,-68.85,100,ARG,Argentina
L58N,-27.78,-64.27,100,ARG,Argentina
L58O,-24.78,-65.42,100,ARG,Argentina
L58P,-30.87,-68.98,100,ARG,Argentina
L58Q,-33.3,-66.35,100,ARG,Argentina
L58R,-28.43,-65.78,100,ARG,Argentina
L58S,-29.43,-66.85,100,ARG,Argentina
L58T,-23.75,-65.5,100,ARG,Argentina
L58U,-36.62,-64.28,100,ARG,Argentina
L58V,-40.8,-63.0,100,ARG,Argentina
L58W,-43.3,-65.1,100,ARG,Argentina
L58X,-50.43,-69.25,100,ARG,Argentina
L58Y,-38.95,-68.07,100,ARG,Argentina
L59A,-34.6,-58.38,100,ARG,Argentina
L59D,-33.7,-61.0,100,ARG,Argentina
L59F,-33.72,-62.23,100,ARG,Argentina
L59G,-26.95,-58.72,100,ARG,Argentina
L59H,-31.42,-64.18,100,ARG,Argentina
L59I,-26.92,-54.52,100,ARG,Argentina
L59J,-32.05,-60.28,100,ARG,Argentina
L59K,-26.93,-65.33,100,ARG,Argentina
L59L,-28.67,-57.63,100,ARG,Argentina
L59M,-32.88,-68.85,100,ARG,Argentina
L59N,-27.78,-64.27,100,ARG,Argentina
L59O,-24.78,-65.42,100,ARG,Argentina
L59P,-30.87,-68.98,100,ARG,Argentina
L59Q,-33.3,-66.35,100,ARG,Argentina
L59R,-28.43,-65.78,100,ARG,Argentina
L59S,-29.43,-66.85,100,ARG,Argentina
L59T,-23.75,-65.5,100,ARG,Argentina
L59U,-36.62,-64.28,100,ARG,Argentina
L59V,-40.8,-63.0,100,ARG,Argentina
L59W,-43.3,-65.1,100,ARG,Argentina
L59X,-50.43,-69.25,100,ARG,Argentina
L59Y,-38.95,-68.07,100,ARG,Argentina
L6,-32.5,-62.13,100,ARG,Argentina
L60A,-34.6,-58.38,100,ARG,Argentina
L60D,-33.7,-61.0,100,ARG,Argentina
L60F,-33.72,-62.23,100,ARG,Argentina
L60G,-26.95,-58.72,100,ARG,Argentina
L60H,-31.42,-64.18,100,ARG,Argentina
L60I,-26.92,-54.52,100,ARG,Argentina
L60J,-32.05,-60.28,100,ARG,Argentina
L60K,-26.93,-65.33,100,ARG,Argentina
L60L,-28.67,-57.63,100,ARG,Argentina
L60M,-32.88,-68.85,100,ARG,Argentina
L60N,-27.78,-64.27,100,ARG,Argentina
L60O,-24.78,-65.42,100,ARG,Argentina
L60P,-30.87,-68.98,100,ARG,Argentina
L60Q,-33.3,-66.35,100,ARG,Argentina
L60R,-28.43,-65.78,100,ARG,Argentina
L60S,-29.43,-66.85,100,ARG,Argentina
L60T,-23.75,-65.5,100,ARG,Argentina
L60U,-36.62,-64.28,100,ARG,Argentina
L60V,-40.8,-63.0,100,ARG,Argentina
L60W,-43.3,-65.1,100,ARG,Argentina
L60X,-50.43,-69.25,100,ARG,Argentina
L60Y,-38.95,-68.07,100,ARG,Argentina
L61A,-34.6,-58.38,100,ARG,Argentina
L61D,-33.7,-61.0,100,ARG,Argentina
L61F,-33.72,-62.23,100,ARG,Argentina
L61G,-26.95,-58.72,100,ARG,Argentina
L61H,-31.42,-64.18,100,ARG,Argentina
L61I,-26.92,-54.52,100,ARG,Argentina
L61J,-32.05,-60.28,100,ARG,Argentina
L61K,-26.93,-65.33,100,ARG,Argentina
L61L,-28.67,-57.63,100,ARG,Argentina
L61M,-32.88,-68.85,100,ARG,Argentina
L61N,-27.78,-64.27,100,ARG,Argentina
L61O,-24.78,-65.42,100,ARG,Argentina
L61P,-30.87,-68.98,100,ARG,Argentina
L61Q,-33.3,-66.35,100,ARG,Argentina
L61R,-28.43,-65.78,100,ARG,Argentina
L61S,-29.43,-66.85,100,ARG,Argentina
L61T,-23.75,-65.5,100,ARG,Argentina
L61U,-36.62,-64.28,100,ARG,Argentina
L61V,-40.8,-63.0,100,ARG,Argentina
L61W,-43.3,-65.1,100,ARG,Argentina
L61X,-50.43,-69.25,100,ARG,Argentina
L61Y,-38.95,-68.07,100,ARG,Argentina
L62A,-34.6,-58.38,100,ARG,Argentina
L62D,-33.7,-61.0,100,ARG,Argentina
L62F,-33.72,-62.23,100,ARG,Argentina
L62G,-26.95,-58.72,100,ARG,Argentina
L62H,-31.42,-64.18,100,ARG,Argentina
L62I,-26.92,-54.52,100,ARG,Argentina
L62J,-32.05,-60.28,100,ARG,Argentina
L62K,-26.93,-65.33,100,ARG,Argentina
L62L,-28.67,-57.63,100,ARG,Argentina
L62M,-32.88,-68.85,100,ARG,Argentina
L62N,-27.78,-64.27,100,ARG,Argentina
L62O,-24.78,-65.42,100,ARG,Argentina
L62P,-30.87,-68.98,100,ARG,Argentina
L62Q,-33.3,-66.35,100,ARG,Argentina
L62R,-28.43,-65.78,100,ARG,Argentina
L62S,-29.43,-66.85,100,ARG,Argentina
L62T,-23.75,-65.5,100,ARG,Argentina
L62U,-36.62,-64.28,100,ARG,Argentina
L62V,-40.8,-63.0,100,ARG,Argentina
L62W,-43.3,-65.1,100,ARG,Argentina
L62X,-50.43,-69.25,100,ARG,Argentina
L62Y,-38.95,-68.07,100,ARG,Argentina
L63A,-34.6,-58.38,100,ARG,Argentina
L63D,-33.7,-61.0,100,ARG,Argentina
L63F,-33.72,-62.23,100,ARG,Argentina
L63G,-26.95,-58.72,100,ARG,Argentina
L63H,-31.42,-64.18,100,ARG,Argentina
L63I,-26.92,-54.52,100,ARG,Argentina
L63J,-32.05,-60.28,100,ARG,Argentina
L63K,-26.93,-65.33,100,ARG,Argentina
L63L,-28.67,-57.63,100,ARG,Argentina
L63M,-32.88,-68.85,100,ARG,Argentina
L63N,-27.78,-64.27,100,ARG,Argentina
L63O,-24.78,-65.42,100,ARG,Argentina
L63P,-30.87,-68.98,100,ARG,Argentina
L63Q,-33.3,-66.35,100,ARG,Argentina
L63R,-28.43,-65.78,100,ARG,Argentina
L63S,-29.43,-66.85,100,ARG,Argentina
L63T,-23.75,-65.5,100,ARG,Argentina
L63U,-36.62,-64.28,100,ARG,Argentina
L63V,-40.8,-63.0,100,ARG,Argentina
L63W,-43.3,-65.1,100,ARG,Argentina
L63X,-50.43,-69.25,100,ARG,Argentina
L63Y,-38.95,-68.07,100,ARG,Argentina
L64A,-34.6,-58.38,100,ARG,Argentina
L64D,-33.7,-61.0,100,ARG,Argentina
L64F,-33.72,-62.23,100,ARG,Argentina
L64G,-26.95,-58.72,100,ARG,Argentina
L64H,-31.42,-64.18,100,ARG,Argentina
L64I,-26.92,-54.52,100,ARG,Argentina
L64J,-32.05,-60.28,100,ARG,Argentina
L64K,-26.93,-65.33,100,ARG,Argentina
L64L,-28.67,-57.63,100,ARG,Argentina
L64M,-32.88,-68.85,100,ARG,Argentina
L64N,-27.78,-64.27,100,ARG,Argentina
L64O,-24.78,-65.42,100,ARG,Argentina
L64P,-30.87,-68.98,100,ARG,Argentina
L64Q,-33.3,-66.35,100,ARG,Argentina
L64R,-28.43,-65.78,100,ARG,Argentina
L64S,-29.43,-66.85,100,ARG,Argentina
L64T,-23.75,-65.5,100,ARG,Argentina
L64U,-36.62,-64.28,100,ARG,Argentina
L64V,-40.8,-63.0,100,ARG,Argentina
L64W,-43.3,-65.1,100,ARG,Argentina
L64X,-50.43,-69.25,100,ARG,Argentina
L64Y,-38.95,-68.07,100,ARG,Argentina
L65A,-34.6,-58.38,100,ARG,Argentina
L65D,-33.7,-61.0,100,ARG,Argentina
L65F,-33.72,-62.23,100,ARG,Argentina
L65G,-26.95,-58.72,100,ARG,Argentina
L65H,-31.42,-64.18,100,ARG,Argentina
L65I,-26.92,-54.52,100,ARG,Argentina
L65J,-32.05,-60.28,100,ARG,Argentina
L65K,-26.93,-65.33,100,ARG,Argentina
L65L,-28.67,-57.63,100,ARG,Argentina
L65M,-32.88,-68.85,100,ARG,Argentina
L65N,-27.78,-64.27,100,ARG,Argentina
L65O,-24.78,-65.42,100,ARG,Argentina
L65P,-30.87,-68.98,100,ARG,Argentina
L65Q,-33.3,-66.35,100,ARG,Argentina
L65R,-28.43,-65.78,100,ARG,Argentina
L65S,-29.43,-66.85,100,ARG,Argentina
L65T,-23.75,-65.5,100,ARG,Argentina
L65U,-36.62,-64.28,100,ARG,Argentina
L65V,-40.8,-63.0,100,ARG,Argentina
L65W,-43.3,-65.1,100,ARG,Argentina
L65X,-50.43,-69.25,100,ARG,Argentina
L65Y,-38.95,-68.07,100,ARG,Argentina
L66A,-34.6,-58.38,100,ARG,Argentina
L66D,-33.7,-61.0,100,ARG,Argentina
L66F,-33.72,-62.23,100,ARG,Argentina
L66G,-26.95,-58.72,100,ARG,Argentina
L66H,-31.42,-64.18,100,ARG,Argentina
L66I,-26.92,-54.52,100,ARG,Argentina
L66J,-32.05,-60.28,100,ARG,Argentina
L66K,-26.93,-65.33,100,ARG,Argentina
L66L,-28.67,-57.63,100,ARG,Argentina
L66M,-32.88,-68.85,100,ARG,Argentina
L66N,-27.78,-64.27,100,ARG,Argentina
L66O,-24.78,-65.42,100,ARG,Argentina
L66P,-30.87,-68.98,100,ARG,Argentina
L66Q,-33.3,-66.35,100,ARG,Argentina
L66R,-28.43,-65.78,100,ARG,Argentina
L66S,-29.43,-66.85,100,ARG,Argentina
L66T,-23.75,-65.5,100,ARG,Argentina
L66U,-36.62,-64.28,100,ARG,Argentina
L66V,-40.8,-63.0,100,ARG,Argentina
L66W,-43.3,-65.1,100,ARG,Argentina
L66X,-50.43,-69.25,100,ARG,Argentina
L66Y,-38.95,-68.07,100,ARG,Argentina
L67A,-34.6,-58.38,100,ARG,Argentina
L67D,-33.7,-61.0,100,ARG,Argentina
L67F,-33.72,-62.23,100,ARG,Argentina
L67G,-26.95,-58.72,100,ARG,Argentina
L67H,-31.42,-64.18,100,ARG,Argentina
L67I,-26.92,-54.52,100,ARG,Argentina
L67J,-32.05,-60.28,100,ARG,Argentina
L67K,-26.93,-65.33,100,ARG,Argentina
L67L,-28.67,-57.63,100,ARG,Argentina
L67M,-32.88,-68.85,100,ARG,Argentina
L67N,-27.78,-64.27,100,ARG,Argentina
L67O,-24.78,-65.42,100,ARG,Argentina
L67P,-30.87,-68.98,100,ARG,Argentina
L67Q,-33.3,-66.35,100,ARG,Argentina
L67R,-28.43,-65.78,100,ARG,Argentina
L67S,-29.43,-66.85,100,ARG,Argentina
L67T,-23.75,-65.5,100,ARG,Argentina
L67U,-36.62,-64.28,100,ARG,Argentina
L67V,-40.8,-63.0,100,ARG,Argentina
L67W,-43.3,-65.1,100,ARG,Argentina
L67X,-50.43,-69.25,100,ARG,Argentina
L67Y,-38.95,-68.07,100,ARG,Argentina
L68A,-34.6,-58.38,100,ARG,Argentina
L68D,-33.7,-61.0,100,ARG,Argentina
L68F,-33.72,-62.23,100,ARG,Argentina
L68G,-26.95,-58.72,100,ARG,Argentina
L68H,-31.42,-64.18,100,ARG,Argentina
L68I,-26.92,-54.52,100,ARG,Argentina
L68J,-32.05,-60.28,100,ARG,Argentina
L68K,-26.93,-65.33,100,ARG,Argentina
L68L,-28.67,-57.63,100,ARG,Argentina
L68M,-32.88,-68.85,100,ARG,Argentina
L68N,-27.78,-64.27,100,ARG,Argentina
L68O,-24.78,-65.42,100,ARG,Argentina
L68P,-30.87,-68.98,100,ARG,Argentina
L68Q,-33.3,-66.35,100,ARG,Argentina
L68R,-28.43,-65.78,100,ARG,Argentina
L68S,-29.43,-66.85,100,ARG,Argentina
L68T,-23.75,-65.5,100,ARG,Argentina
L68U,-36.62,-64.28,100,ARG,Argentina
L68V,-40.8,-63.0,100,ARG,Argentina
L68W,-43.3,-65.1,100,ARG,Argentina
L68X,-50.43,-69.25,100,ARG,Argentina
L68Y,-38.95,-68.07,100,ARG,Argentina
L69A,-34.6,-58.38,100,ARG,Argentina
L69D,-33.7,-61.0,100,ARG,Argentina
L69F,-33.72,-62.23,100,ARG,Argentina
L69G,-26.95,-58.72,100,ARG,Argentina
L69H,-31.42,-64.18,100,ARG,Argentina
L69I,-26.92,-54.52,100,ARG,Argentina
L69J,-32.05,-60.28,100,ARG,Argentina
L69K,-26.93,-65.33,100,ARG,Argentina
L69L,-28.67,-57.63,100,ARG,Argentina
L69M,-32.88,-68.85,100,ARG,Argentina
L69N,-27.78,-64.27,100,ARG,Argentina
L69O,-24.78,-65.42,100,ARG,Argentina
L69P,-30.87,-68.98,100,ARG,Argentina
L69Q,-33.3,-66.35,100,ARG,Argentina
L69R,-28.43,-65.78,100,ARG,Argentina
L69S,-29.43,-66.85,100,ARG,Argentina
L69T,-23.75,-65.5,100,ARG,Argentina
L69U,-36.62,-64.28,100,ARG,Argentina
L69V,-40.8,-63.0,100,ARG,Argentina
L69W,-43.3,-65.1,100,ARG,Argentina
L69X,-50.43,-69.25,100,ARG,Argentina
L69Y,-38.95,-68.07,100,ARG,Argentina
L7,-32.5,-62.13,100,ARG,Argentina
L70A,-34.6,-58.38,100,ARG,Argentina
L70D,-33.7,-61.0,100,ARG,Argentina
L70F,-33.72,-62.23,100,ARG,Argentina
L70G,-26.95,-58.72,100,ARG,Argentina
L70H,-31.42,-64.18,100,ARG,Argentina
L70I,-26.92,-54.52,100,ARG,Argentina
L70J,-32.05,-60.28,100,ARG,Argentina
L70K,-26.93,-65.33,100,ARG,Argentina
L70L,-28.67,-57.63,100,ARG,Argentina
L70M,-32.88,-68.85,100,ARG,Argentina
L70N,-27.78,-64.27,100,ARG,Argentina
L70O,-24.78,-65.42,100,ARG,Argentina
L70P,-30.87,-68.98,100,ARG,Argentina
L70Q,-33.3,-66.35,100,ARG,Argentina
L70R,-28.43,-65.78,100,ARG,Argentina
L70S,-29.43,-66.85,100,ARG,Argentina
L70T,-23.75,-65.5,100,ARG,Argentina
L70U,-36.62,-64.28,100,ARG,Argentina
L70V,-40.8,-63.0,100,ARG,Argentina
L70W,-43.3,-65.1,100,ARG,Argentina
L70X,-50.43,-69.25,100,ARG,Argentina
L70Y,-38.95,-68.07,100,ARG,Argentina
L71A,-34.6,-58.38,100,ARG,Argentina
L71D,-33.7,-61.0,100,ARG,Argentina
L71F,-33.72,-62.23,100,ARG,Argentina
L71G,-26.95,-58.72,100,ARG,Argentina
L71H,-31.42,-64.18,100,ARG,Argentina
L71I,-26.92,-54.52,100,ARG,Argentina
L71J,-32.05,-60.28,100,ARG,Argentina
L71K,-26.93,-65.33,100,ARG,Argentina
L71L,-28.67,-57.63,100,ARG,Argentina
L71M,-32.88,-68.85,100,ARG,Argentina
L71N,-27.78,-64.27,100,ARG,Argentina
L71O,-24.78,-65.42,100,ARG,Argentina
L71P,-30.87,-68.98,100,ARG,Argentina
L71Q,-33.3,-66.35,100,ARG,Argentina
L71R,-28.43,-65.78,100,ARG,Argentina
L71S,-29.43,-66.85,100,ARG,Argentina
L71T,-23.75,-65.5,100,ARG,Argentina
L71U,-36.62,-64.28,100,ARG,Argentina
L71V,-40.8,-63.0,100,ARG,Argentina
L71W,-43.3,-65.1,100,ARG,Argentina
L71X,-50.43,-69.25,100,ARG,Argentina
L71Y,-38.95,-68.07,100,ARG,Argentina
L72A,-34.6,-58.38,100,ARG,Argentina
L72D,-33.7,-61.0,100,ARG,Argentina
L72F,-33.72,-62.23,100,ARG,Argentina
L72G,-26.95,-58.72,100,ARG,Argentina
L72H,-31.42,-64.18,100,ARG,Argentina
L72I,-26.92,-54.52,100,ARG,Argentina
L72J,-32.05,-60.28,100,ARG,Argentina
L72K,-26.93,-65.33,100,ARG,Argentina
L72L,-28.67,-57.63,100,ARG,Argentina
L72M,-32.88,-68.85,100,ARG,Argentina
L72N,-27.78,-64.27,100,ARG,Argentina
L72O,-24.78,-65.42,100,ARG,Argentina
L72P,-30.87,-68.98,100,ARG,Argentina
L72Q,-33.3,-66.35,100,ARG,Argentina
L72R,-28.43,-65.78,100,ARG,Argentina
L72S,-29.43,-66.85,100,ARG,Argentina
L72T,-23.75,-65.5,100,ARG,Argentina
L72U,-36.62,-64.28,100,ARG,Argentina
L72V,-40.8,-63.0,100,ARG,Argentina
L72W,-43.3,-65.1,100,ARG,Argentina
L72X,-50.43,-69.25,100,ARG,Argentina
L72Y,-38.95,-68.07,100,ARG,Argentina
L73A,-34.6,-58.38,100,ARG,Argentina
L73D,-33.7,-61.0,100,ARG,Argentina
L73F,-33.72,-62.23,100,ARG,Argentina
L73G,-26.95,-58.72,100,ARG,Argentina
L73H,-31.42,-64.18,100,ARG,Argentina
L73I,-26.92,-54.52,100,ARG,Argentina
L73J,-32.05,-60.28,100,ARG,Argentina
L73K,-26.93,-65.33,100,ARG,Argentina
L73L,-28.67,-57.63,100,ARG,Argentina
L73M,-32.88,-68.85,100,ARG,Argentina
L73N,-27.78,-64.27,100,ARG,Argentina
L73O,-24.78,-65.42,100,ARG,Argentina
L73P,-30.87,-68.98,100,ARG,Argentina
L73Q,-33.3,-66.35,100,ARG,Argentina
L73R,-28.43,-65.78,100,ARG,Argentina
L73S,-29.43,-66.85,100,ARG,Argentina
L73T,-23.75,-65.5,100,ARG,Argentina
L73U,-36.62,-64.28,100,ARG,Argentina
L73V,-40.8,-63.0,100,ARG,Argentina
L73W,-43.3,-65.1,100,ARG,Argentina
L73X,-50.43,-69.25,100,ARG,Argentina
L73Y,-38.95,-68.07,100,ARG,Argentina
L74A,-34.6,-58.38,100,ARG,Argentina
L74D,-33.7,-61.0,100,ARG,Argentina
L74F,-33.72,-62.23,100,ARG,Argentina
L74G,-26.95,-58.72,100,ARG,Argentina
L74H,-31.42,-64.18,100,ARG,Argentina
L74I,-26.92,-54.52,100,ARG,Argentina
L74J,-32.05,-60.28,100,ARG,Argentina
L74K,-26.93,-65.33,100,ARG,Argentina
L74L,-28.67,-57.63,100,ARG,Argentina
L74M,-32.88,-68.85,100,ARG,Argentina
L74N,-27.78,-64.27,100,ARG,Argentina
L74O,-24.78,-65.42,100,ARG,Argentina
L74P,-30.87,-68.98,100,ARG,Argentina
L74Q,-33.3,-66.35,100,ARG,Argentina
L74R,-28.43,-65.78,100,ARG,Argentina
L74S,-29.43,-66.85,100,ARG,Argentina
L74T,-23.75,-65.5,100,ARG,Argentina
L74U,-36.62,-64.28,100,ARG,Argentina
L74V,-40.8,-63.0,100,ARG,Argentina
L74W,-43.3,-65.1,100,ARG,Argentina
L74X,-50.43,-69.25,100,ARG,Argentina
L74Y,-38.95,-68.07,100,ARG,Argentina
L75A,-34.6,-58.38,100,ARG,Argentina
L75D,-33.7,-61.0,100,ARG,Argentina
L75F,-33.72,-62.23,100,ARG,Argentina
L75G,-26.95,-58.72,100,ARG,Argentina
L75H,-31.42,-64.18,100,ARG,Argentina
L75I,-26.92,-54.52,100,ARG,Argentina
L75J,-32.05,-60.28,100,ARG,Argentina
L75K,-26.93,-65.33,100,ARG,Argentina
L75L,-28.67,-57.63,100,ARG,Argentina
L75M,-32.88,-68.85,100,ARG,Argentina
L75N,-27.78,-64.27,100,ARG,Argentina
L75O,-24.78,-65.42,100,ARG,Argentina
L75P,-30.87,-68.98,100,ARG,Argentina
L75Q,-33.3,-66.35,100,ARG,Argentina
L75R,-28.43,-65.78,100,ARG,Argentina
L75S,-29.43,-66.85,100,ARG,Argentina
L75T,-23.75,-65.5,100,ARG,Argentina
L75U,-36.62,-64.28,100,ARG,Argentina
L75V,-40.8,-63.0,100,ARG,Argentina
L75W,-43.3,-65.1,100,ARG,Argentina
L75X,-50.43,-69.25,100,ARG,Argentina
L75Y,-38.95,-68.07,100,ARG,Argentina
L76A,-34.6,-58.38,100,ARG,Argentina
L76D,-33.7,-61.0,100,ARG,Argentina
L76F,-33.72,-62.23,100,ARG,Argentina
L76G,-26.95,-58.72,100,ARG,Argentina
L76H,-31.42,-64.18,100,ARG,Argentina
L76I,-26.92,-54.52,100,ARG,Argentina
L76J,-32.05,-60.28,100,ARG,Argentina
L76K,-26.93,-65.33,100,ARG,Argentina
L76L,-28.67,-57.63,100,ARG,Argentina
L76M,-32.88,-68.85,100,ARG,Argentina
L76N,-27.78,-64.27,100,ARG,Argentina
L76O,-24.78,-65.42,100,ARG,Argentina
L76P,-30.87,-68.98,100,ARG,Argentina
L76Q,-33.3,-66.35,100,ARG,Argentina
L76R,-28.43,-65.78,100,ARG,Argentina
L76S,-29.43,-66.85,100,ARG,Argentina
L76T,-23.75,-65.5,100,ARG,Argentina
L76U,-36.62,-64.28,100,ARG,Argentina
L76V,-40.8,-63.0,100,ARG,Argentina
L76W,-43.3,-65.1,100,ARG,Argentina
L76X,-50.43,-69.25,100,ARG,Argentina
L76Y,-38.95,-68.07,100,ARG,Argentina
L77A,-34.6,-58.38,100,ARG,Argentina
L77D,-33.7,-61.0,100,ARG,Argentina
L77F,-33.72,-62.23,100,ARG,Argentina
L77G,-26.95,-58.72,100,ARG,Argentina
L77H,-31.42,-64.18,100,ARG,Argentina
L77I,-26.92,-54.52,100,ARG,Argentina
L77J,-32.05,-60.28,100,ARG,Argentina
L77K,-26.93,-65.33,100,ARG,Argentina
L77L,-28.67,-57.63,100,ARG,Argentina
L77M,-32.88,-68.85,100,ARG,Argentina
L77N,-27.78,-64.27,100,ARG,Argentina
L77O,-24.78,-65.42,100,ARG,Argentina
L77P,-30.87,-68.98,100,ARG,Argentina
L77Q,-33.3,-66.35,100,ARG,Argentina
L77R,-28.43,-65.78,100,ARG,Argentina
L77S,-29.43,-66.85,100,ARG,Argentina
L77T,-23.75,-65.5,100,ARG,Argentina
L77U,-36.62,-64.28,100,ARG,Argentina
L77V,-40.8,-63.0,100,ARG,Argentina
L77W,-43.3,-65.1,100,ARG,Argentina
L77X,-50.43,-69.25,100,ARG,Argentina
L77Y,-38.95,-68.07,100,ARG,Argentina
L78A,-34.6,-58.38,100,ARG,Argentina
L78D,-33.7,-61.0,100,ARG,Argentina
L78F,-33.72,-62.23,100,ARG,Argentina
L78G,-26.95,-58.72,100,ARG,Argentina
L78H,-31.42,-64.18,100,ARG,Argentina
L78I,-26.92,-54.52,100,ARG,Argentina
L78J,-32.05,-60.28,100,ARG,Argentina
L78K,-26.93,-65.33,100,ARG,Argentina
L78L,-28.67,-57.63,100,ARG,Argentina
L78M,-32.88,-68.85,100,ARG,Argentina
L78N,-27.78,-64.27,100,ARG,Argentina
L78O,-24.78,-65.42,100,ARG,Argentina
L78P,-30.87,-68.98,100,ARG,Argentina
L78Q,-33.3,-66.35,100,ARG,Argentina
L78R,-28.43,-65.78,100,ARG,Argentina
L78S,-29.43,-66.85,100,ARG,Argentina
L78T,-23.75,-65.5,100,ARG,Argentina
L78U,-36.62,-64.28,100,ARG,Argentina
L78V,-40.8,-63.0,100,ARG,Argentina
L78W,-43.3,-65.1,100,ARG,Argentina
L78X,-50.43,-69.25,100,ARG,Argentina
L78Y,-38.95,-68.07,100,ARG,Argentina
L79A,-34.6,-58.38,100,ARG,Argentina
L79D,-33.7,-61.0,100,ARG,Argentina
L79F,-33.72,-62.23,100,ARG,Argentina
L79G,-26.95,-58.72,100,ARG,Argentina
L79H,-31.42,-64.18,100,ARG,Argentina
L79I,-26.92,-54.52,100,ARG,Argentina
L79J,-32.05,-60.28,100,ARG,Argentina
L79K,-26.93,-65.33,100,ARG,Argentina
L79L,-28.67,-57.63,100,ARG,Argentina
L79M,-32.88,-68.85,100,ARG,Argentina
L79N,-27.78,-64.27,100,ARG,Argentina
L79O,-24.78,-65.42,100,ARG,Argentina
L79P,-30.87,-68.98,100,ARG,Argentina
L79Q,-33.3,-66.35,100,ARG,Argentina
L79R,-28.43,-65.78,100,ARG,Argentina
L79S,-29.43,-66.85,100,ARG,Argentina
L79T,-23.75,-65.5,100,ARG,Argentina
L79U,-36.62,-64.28,100,ARG,Argentina
L79V,-40.8,-63.0,100,ARG,Argentina
L79W,-43.3,-65.1,100,ARG,Argentina
L79X,-50.43,-69.25,100,ARG,Argentina
L79Y,-38.95,-68.07,100,ARG,Argentina
L8,-32.5,-62.13,100,ARG,Argentina
L80A,-34.6,-58.38,100,ARG,Argentina
L80D,-33.7,-61.0,100,ARG,Argentina
L80F,-33.72,-62.23,100,ARG,Argentina
L80G,-26.95,-58.72,100,ARG,Argentina
L80H,-31.42,-64.18,100,ARG,Argentina
L80I,-26.92,-54.52,100,ARG,Argentina
L80J,-32.05,-60.28,100,ARG,Argentina
L80K,-26.93,-65.33,100,ARG,Argentina
L80L,-28.67,-57.63,100,ARG,Argentina
L80M,-32.88,-68.85,100,ARG,Argentina
L80N,-27.78,-64.27,100,ARG,Argentina
L80O,-24.78,-65.42,100,ARG,Argentina
L80P,-30.87,-68.98,100,ARG,Argentina
L80Q,-33.3,-66.35,100,ARG,Argentina
L80R,-28.43,-65.78,100,ARG,Argentina
L80S,-29.43,-66.85,100,ARG,Argentina
L80T,-23.75,-65.5,100,ARG,Argentina
L80U,-36.62,-64.28,100,ARG,Argentina
L80V,-40.8,-63.0,100,ARG,Argentina
L80W,-43.3,-65.1,100,ARG,Argentina
L80X,-50.43,-69.25,100,ARG,Argentina
L80Y,-38.95,-68.07,100,ARG,Argentina
L81A,-34.6,-58.38,100,ARG,Argentina
L81D,-33.7,-61.0,100,ARG,Argentina
L81F,-33.72,-62.23,100,ARG,Argentina
L81G,-26.95,-58.72,100,ARG,Argentina
L81H,-31.42,-64.18,100,ARG,Argentina
L81I,-26.92,-54.52,100,ARG,Argentina
L81J,-32.05,-60.28,100,ARG,Argentina
L81K,-26.93,-65.33,100,ARG,Argentina
L81L,-28.67,-57.63,100,ARG,Argentina
L81M,-32.88,-68.85,100,ARG,Argentina
L81N,-27.78,-64.27,100,ARG,Argentina
L81O,-24.78,-65.42,100,ARG,Argentina
L81P,-30.87,-68.98,100,ARG,Argentina
L81Q,-33.3,-66.35,100,ARG,Argentina
L81R,-28.43,-65.78,100,ARG,Argentina
L81S,-29.43,-66.85,100,ARG,Argentina
L81T,-23.75,-65.5,100,ARG,Argentina
L81U,-36.62,-64.28,100,ARG,Argentina
L81V,-40.8,-63.0,100,ARG,Argentina
L81W,-43.3,-65.1,100,ARG,Argentina
L81X,-50.43,-69.25,100,ARG,Argentina
L81Y,-38.95,-68.07,100,ARG,Argentina
L82A,-34.6,-58.38,100,ARG,Argentina
L82D,-33.7,-61.0,100,ARG,Argentina
L82F,-33.72,-62.23,100,ARG,Argentina
L82G,-26.95,-58.72,100,ARG,Argentina
L82H,-31.42,-64.18,100,ARG,Argentina
L82I,-26.92,-54.52,100,ARG,Argentina
L82J,-32.05,-60.28,100,ARG,Argentina
L82K,-26.93,-65.33,100,ARG,Argentina
L82L,-28.67,-57.63,100,ARG,Argentina
L82M,-32.88,-68.85,100,ARG,Argentina
L82N,-27.78,-64.27,100,ARG,Argentina
L82O,-24.78,-65.42,100,ARG,Argentina
L82P,-30.87,-68.98,100,ARG,Argentina
L82Q,-33.3,-66.35,100,ARG,Argentina
L82R,-28.43,-65.78,100,ARG,Argentina
L82S,-29.43,-66.85,100,ARG,Argentina
L82T,-23.75,-65.5,100,ARG,Argentina
L82U,-36.62,-64.28,100,ARG,Argentina
L82V,-40.8,-63.0,100,ARG,Argentina
L82W,-43.3,-65.1,100,ARG,Argentina
L82X,-50.43,-69.25,100,ARG,Argentina
L82Y,-38.95,-68.07,100,ARG,Argentina
L83A,-34.6,-58.38,100,ARG,Argentina
L83D,-33.7,-61.0,100,ARG,Argentina
L83F,-33.72,-62.23,100,ARG,Argentina
L83G,-26.95,-58.72,100,ARG,Argentina
L83H,-31.42,-64.18,100,ARG,Argentina
L83I,-26.92,-54.52,100,ARG,Argentina
L83J,-32.05,-60.28,100,ARG,Argentina
L83K,-26.93,-65.33,100,ARG,Argentina
L83L,-28.67,-57.63,100,ARG,Argentina
L83M,-32.88,-68.85,100,ARG,Argentina
L83N,-27.78,-64.27,100,ARG,Argentina
L83O,-24.78,-65.42,100,ARG,Argentina
L83P,-30.87,-68.98,100,ARG,Argentina
L83Q,-33.3,-66.35,100,ARG,Argentina
L83R,-28.43,-65.78,100,ARG,Argentina
L83S,-29.43,-66.85,100,ARG,Argentina
L83T,-23.75,-65.5,100,ARG,Argentina
L83U,-36.62,-64.28,100,ARG,Argentina
L83V,-40.8,-63.0,100,ARG,Argentina
L83W,-43.3,-65.1,100,ARG,Argentina
L83X,-50.43,-69.25,100,ARG,Argentina
L83Y,-38.95,-68.07,100,ARG,Argentina
L84A,-34.6,-58.38,100,ARG,Argentina
L84D,-33.7,-61.0,100,ARG,Argentina
L84F,-33.72,-62.23,100,ARG,Argentina
L84G,-26.95,-58.72,100,ARG,Argentina
L84H,-31.42,-64.18,100,ARG,Argentina
L84I,-26.92,-54.52,100,ARG,Argentina
L84J,-32.05,-60.28,100,ARG,Argentina
L84K,-26.93,-65.33,100,ARG,Argentina
L84L,-28.67,-57.63,100,ARG,Argentina
L84M,-32.88,-68.85,100,ARG,Argentina
L84N,-27.78,-64.27,100,ARG,Argentina
L84O,-24.78,-65.42,100,ARG,Argentina
L84P,-30.87,-68.98,100,ARG,Argentina
L84Q,-33.3,-66.35,100,ARG,Argentina
L84R,-28.43,-65.78,100,ARG,Argentina
L84S,-29.43,-66.85,100,ARG,Argentina
L84T,-23.75,-65.5,100,ARG,Argentina
L84U,-36.62,-64.28,100,ARG,Argentina
L84V,-40.8,-63.0,100,ARG,Argentina
L84W,-43.3,-65.1,100,ARG,Argentina
L84X,-50.43,-69.25,100,ARG,Argentina
L84Y,-38.95,-68.07,100,ARG,Argentina
L85A,-34.6,-58.38,100,ARG,Argentina
L85D,-33.7,-61.0,100,ARG,Argentina
L85F,-33.72,-62.23,100,ARG,Argentina
L85G,-26.95,-58.72,100,ARG,Argentina
L85H,-31.42,-64.18,100,ARG,Argentina
L85I,-26.92,-54.52,100,ARG,Argentina
L85J,-32.05,-60.28,100,ARG,Argentina
L85K,-26.93,-65.33,100,ARG,Argentina
L85L,-28.67,-57.63,100,ARG,Argentina
L85M,-32.88,-68.85,100,ARG,Argentina
L85N,-27.78,-64.27,100,ARG,Argentina
L85O,-24.78,-65.42,100,ARG,Argentina
L85P,-30.87,-68.98,100,ARG,Argentina
L85Q,-33.3,-66.35,100,ARG,Argentina
L85R,-28.43,-65.78,100,ARG,Argentina
L85S,-29.43,-66.85,100,ARG,Argentina
L85T,-23.75,-65.5,100,ARG,Argentina
L85U,-36.62,-64.28,100,ARG,Argentina
L85V,-40.8,-63.0,100,ARG,Argentina
L85W,-43.3,-65.1,100,ARG,Argentina
L85X,-50.43,-69.25,100,ARG,Argentina
L85Y,-38.95,-68.07,100,ARG,Argentina
L86A,-34.6,-58.38,100,ARG,Argentina
L86D,-33.7,-61.0,100,ARG,Argentina
L86F,-33.72,-62.23,100,ARG,Argentina
L86G,-26.95,-58.72,100,ARG,Argentina
L86H,-31.42,-64.18,100,ARG,Argentina
L86I,-26.92,-54.52,100,ARG,Argentina
L86J,-32.05,-60.28,100,ARG,Argentina
L86K,-26.93,-65.33,100,ARG,Argentina
L86L,-28.67,-57.63,100,ARG,Argentina
L86M,-32.88,-68.85,100,ARG,Argentina
L86N,-27.78,-64.27,100,ARG,Argentina
L86O,-24.78,-65.42,100,ARG,Argentina
L86P,-30.87,-68.98,100,ARG,Argentina
L86Q,-33.3,-66.35,100,ARG,Argentina
L86R,-28.43,-65.78,100,ARG,Argentina
L86S,-29.43,-66.85,100,ARG,Argentina
L86T,-23.75,-65.5,100,ARG,Argentina
L86U,-36.62,-64.28,100,ARG,Argentina
L86V,-40.8,-63.0,100,ARG,Argentina
L86W,-43.3,-65.1,100,ARG,Argentina
L86X,-50.43,-69.25,100,ARG,Argentina
L86Y,-38.95,-68.07,100,ARG,Argentina
L87A,-34.6,-58.38,100,ARG,Argentina
L87D,-33.7,-61.0,100,ARG,Argentina
L87F,-33.72,-62.23,100,ARG,Argentina
L87G,-26.95,-58.72,100,ARG,Argentina
L87H,-31.42,-64.18,100,ARG,Argentina
L87I,-26.92,-54.52,100,ARG,Argentina
L87J,-32.05,-60.28,100,ARG,Argentina
L87K,-26.93,-65.33,100,ARG,Argentina
L87L,-28.67,-57.63,100,ARG,Argentina
L87M,-32.88,-68.85,100,ARG,Argentina
L87N,-27.78,-64.27,100,ARG,Argentina
L87O,-24.78,-65.42,100,ARG,Argentina
L87P,-30.87,-68.98,100,ARG,Argentina
L87Q,-33.3,-66.35,100,ARG,Argentina
L87R,-28.43,-65.78,100,ARG,Argentina
L87S,-29.43,-66.85,100,ARG,Argentina
L87T,-23.75,-65.5,100,ARG,Argentina
L87U,-36.62,-64.28,100,ARG,Argentina
L87V,-40.8,-63.0,100,ARG,Argentina
L87W,-43.3,-65.1,100,ARG,Argentina
L87X,-50.43,-69.25,100,ARG,Argentina
L87Y,-38.95,-68.07,100,ARG,Argentina
L88A,-34.6,-58.38,100,ARG,Argentina
L88D,-33.7,-61.0,100,ARG,Argentina
L88F,-33.72,-62.23,100,ARG,Argentina
L88G,-26.95,-58.72,100,ARG,Argentina
L88H,-31.42,-64.18,100,ARG,Argentina
L88I,-26.92,-54.52,100,ARG,Argentina
L88J,-32.05,-60.28,100,ARG,Argentina
L88K,-26.93,-65.33,100,ARG,Argentina
L88L,-28.67,-57.63,100,ARG,Argentina
L88M,-32.88,-68.85,100,ARG,Argentina
L88N,-27.78,-64.27,100,ARG,Argentina
L88O,-24.78,-65.42,100,ARG,Argentina
L88P,-30.87,-68.98,100,ARG,Argentina
L88Q,-33.3,-66.35,100,ARG,Argentina
L88R,-28.43,-65.78,100,ARG,Argentina
L88S,-29.43,-66.85,100,ARG,Argentina
L88T,-23.75,-65.5,100,ARG,Argentina
L88U,-36.62,-64.28,100,ARG,Argentina
L88V,-40.8,-63.0,100,ARG,Argentina
L88W,-43.3,-65.1,100,ARG,Argentina
L88X,-50.43,-69.25,100,ARG,Argentina
L88Y,-38.95,-68.07,100,ARG,Argentina
L89A,-34.6,-58.38,100,ARG,Argentina
L89D,-33.7,-61.0,100,ARG,Argentina
L89F,-33.72,-62.23,100,ARG,Argentina
L89G,-26.95,-58.72,100,ARG,Argentina
L89H,-31.42,-64.18,100,ARG,Argentina
L89I,-26.92,-54.52,100,ARG,Argentina
L89J,-32.05,-60.28,100,ARG,Argentina
L89K,-26.93,-65.33,100,ARG,Argentina
L89L,-28.67,-57.63,100,ARG,Argentina
L89M,-32.88,-68.85,100,ARG,Argentina
L89N,-27.78,-64.27,100,ARG,Argentina
L89O,-24.78,-65.42,100,ARG,Argentina
L89P,-30.87,-68.98,100,ARG,Argentina
L89Q,-33.3,-66.35,100,ARG,Argentina
L89R,-28.43,-65.78,100,ARG,Argentina
L89S,-29.43,-66.85,100,ARG,Argentina
L89T,-23.75,-65.5,100,ARG,Argentina
L89U,-36.62,-64.28,100,ARG,Argentina
L89V,-40.8,-63.0,100,ARG,Argentina
L89W,-43.3,-65.1,100,ARG,Argentina
L89X,-50.43,-69.25,100,ARG,Argentina
L89Y,-38.95,-68.07,100,ARG,Argentina
L9,-32.5,-62.13,100,ARG,Argentina
L90A,-34.6,-58.38,100,ARG,Argentina
L90D,-33.7,-61.0,100,ARG,Argentina
L90F,-33.72,-62.23,100,ARG,Argentina
L90G,-26.95,-58.72,100,ARG,Argentina
L90H,-31.42,-64.18,100,ARG,Argentina
L90I,-26.92,-54.52,100,ARG,Argentina
L90J,-32.05,-60.28,100,ARG,Argentina
L90K,-26.93,-65.33,100,ARG,Argentina
L90L,-28.67,-57.63,100,ARG,Argentina
L90M,-32.88,-68.85,100,ARG,Argentina
L90N,-27.78,-64.27,100,ARG,Argentina
L90O,-24.78,-65.42,100,ARG,Argentina
L90P,-30.87,-68.98,100,ARG,Argentina
L90Q,-33.3,-66.35,100,ARG,Argentina
L90R,-28.43,-65.78,100,ARG,Argentina
L90S,-29.43,-66.85,100,ARG,Argentina
L90T,-23.75,-65.5,100,ARG,Argentina
L90U,-36.62,-64.28,100,ARG,Argentina
L90V,-40.8,-63.0,100,ARG,Argentina
L90W,-43.3,-65.1,100,ARG,Argentina
L90X,-50.43,-69.25,100,ARG,Argentina
L90Y,-38.95,-68.07,100,ARG,Argentina
L91A,-34.6,-58.38,100,ARG,Argentina
L91D,-33.7,-61.0,100,ARG,Argentina
L91F,-33.72,-62.23,100,ARG,Argentina
L91G,-26.95,-58.72,100,ARG,Argentina
L91H,-31.42,-64.18,100,ARG,Argentina
L91I,-26.92,-54.52,100,ARG,Argentina
L91J,-32.05,-60.28,100,ARG,Argentina
L91K,-26.93,-65.33,100,ARG,Argentina
L91L,-28.67,-57.63,100,ARG,Argentina
L91M,-32.88,-68.85,100,ARG,Argentina
L91N,-27.78,-64.27,100,ARG,Argentina
L91O,-24.78,-65.42,100,ARG,Argentina
L91P,-30.87,-68.98,100,ARG,Argentina
L91Q,-33.3,-66.35,100,ARG,Argentina
L91R,-28.43,-65.78,100,ARG,Argentina
L91S,-29.43,-66.85,100,ARG,Argentina
L91T,-23.75,-65.5,100,ARG,Argentina
L91U,-36.62,-64.28,100,ARG,Argentina
L91V,-40.8,-63.0,100,ARG,Argentina
L91W,-43.3,-65.1,100,ARG,Argentina
L91X,-50.43,-69.25,100,ARG,Argentina
L91Y,-38.95,-68.07,100,ARG,Argentina
L92A,-34.6,-58.38,100,ARG,Argentina
L92D,-33.7,-61.0,100,ARG,Argentina
L92F,-33.72,-62.23,100,ARG,Argentina
L92G,-26.95,-58.72,100,ARG,Argentina
L92H,-31.42,-64.18,100,ARG,Argentina
L92I,-26.92,-54.52,100,ARG,Argentina
L92J,-32.05,-60.28,100,ARG,Argentina
L92K,-26.93,-65.33,100,ARG,Argentina
L92L,-28.67,-57.63,100,ARG,Argentina
L92M,-32.88,-68.85,100,ARG,Argentina
L92N,-27.78,-64.27,100,ARG,Argentina
L92O,-24.78,-65.42,100,ARG,Argentina
L92P,-30.87,-68.98,100,ARG,Argentina
L92Q,-33.3,-66.35,100,ARG,Argentina
L92R,-28.43,-65.78,100,ARG,Argentina
L92S,-29.43,-66.85,100,ARG,Argentina
L92T,-23.75,-65.5,100,ARG,Argentina
L92U,-36.62,-64.28,100,ARG,Argentina
L92V,-40.8,-63.0,100,ARG,Argentina
L92W,-43.3,-65.1,100,ARG,Argentina
L92X,-50.43,-69.25,100,ARG,Argentina
L92Y,-38.95,-68.07,100,ARG,Argentina
L93A,-34.6,-58.38,100,ARG,Argentina
L93D,-33.7,-61.0,100,ARG,Argentina
L93F,-33.72,-62.23,100,ARG,Argentina
L93G,-26.95,-58.72,100,ARG,Argentina
L93H,-31.42,-64.18,100,ARG,Argentina
L93I,-26.92,-54.52,100,ARG,Argentina
L93J,-32.05,-60.28,100,ARG,Argentina
L93K,-26.93,-65.33,100,ARG,Argentina
L93L,-28.67,-57.63,100,ARG,Argentina
L93M,-32.88,-68.85,100,ARG,Argentina
L93N,-27.78,-64.27,100,ARG,Argentina
L93O,-24.78,-65.42,100,ARG,Argentina
L93P,-30.87,-68.98,100,ARG,Argentina
L93Q,-33.3,-66.35,100,ARG,Argentina
L93R,-28.43,-65.78,100,ARG,Argentina
L93S,-29.43,-66.85,100,ARG,Argentina
L93T,-23.75,-65.5,100,ARG,Argentina
L93U,-36.62,-64.28,100,ARG,Argentina
L93V,-40.8,-63.0,100,ARG,Argentina
L93W,-43.3,-65.1,100,ARG,Argentina
L93X,-50.43,-69.25,100,ARG,Argentina
L93Y,-38.95,-68.07,100,ARG,Argentina
L94A,-34.6,-58.38,100,ARG,Argentina
L94D,-33.7,-61.0,100,ARG,Argentina
L94F,-33.72,-62.23,100,ARG,Argentina
L94G,-26.95,-58.72,100,ARG,Argentina
L94H,-31.42,-64.18,100,ARG,Argentina
L94I,-26.92,-54.52,100,ARG,Argentina
L94J,-32.05,-60.28,100,ARG,Argentina
L94K,-26.93,-65.33,100,ARG,Argentina
L94L,-28.67,-57.63,100,ARG,Argentina
L94M,-32.88,-68.85,100,ARG,Argentina
L94N,-27.78,-64.27,100,ARG,Argentina
L94O,-24.78,-65.42,100,ARG,Argentina
L94P,-30.87,-68.98,100,ARG,Argentina
L94Q,-33.3,-66.35,100,ARG,Argentina
L94R,-28.43,-65.78,100,ARG,Argentina
L94S,-29.43,-66.85,100,ARG,Argentina
L94T,-23.75,-65.5,100,ARG,Argentina
L94U,-36.62,-64.28,100,ARG,Argentina
L94V,-40.8,-63.0,100,ARG,Argentina
L94W,-43.3,-65.1,100,ARG,Argentina
L94X,-50.43,-69.25,100,ARG,Argentina
L94Y,-38.95,-68.07,100,ARG,Argentina
L95A,-34.6,-58.38,100,ARG,Argentina
L95D,-33.7,-61.0,100,ARG,Argentina
L95F,-33.72,-62.23,100,ARG,Argentina
L95G,-26.95,-58.72,100,ARG,Argentina
L95H,-31.42,-64.18,100,ARG,Argentina
L95I,-26.92,-54.52,100,ARG,Argentina
L95J,-32.05,-60.28,100,ARG,Argentina
L95K,-26.93,-65.33,100,ARG,Argentina
L95L,-28.67,-57.63,100,ARG,Argentina
L95M,-32.88,-68.85,100,ARG,Argentina
L95N,-27.78,-64.27,100,ARG,Argentina
L95O,-24.78,-65.42,100,ARG,Argentina
L95P,-30.87,-68.98,100,ARG,Argentina
L95Q,-33.3,-66.35,100,ARG,Argentina
L95R,-28.43,-65.78,100,ARG,Argentina
L95S,-29.43,-66.85,100,ARG,Argentina
L95T,-23.75,-65.5,100,ARG,Argentina
L95U,-36.62,-64.28,100,ARG,Argentina
L95V,-40.8,-63.0,100,ARG,Argentina
L95W,-43.3,-65.1,100,ARG,Argentina
L95X,-50.43,-69.25,100,ARG,Argentina
L95Y,-38.95,-68.07,100,ARG,Argentina
L96A,-34.6,-58.38,100,ARG,Argentina
L96D,-33.7,-61.0,100,ARG,Argentina
L96F,-33.72,-62.23,100,ARG,Argentina
L96G,-26.95,-58.72,100,ARG,Argentina
L96H,-31.42,-64.18,100,ARG,Argentina
L96I,-26.92,-54.52,100,ARG,Argentina
L96J,-32.05,-60.28,100,ARG,Argentina
L96K,-26.93,-65.33,100,ARG,Argentina
L96L,-28.67,-57.63,100,ARG,Argentina
L96M,-32.88,-68.85,100,ARG,Argentina
L96N,-27.78,-64.27,100,ARG,Argentina
L96O,-24.78,-65.42,100,ARG,Argentina
L96P,-30.87,-68.98,100,ARG,Argentina
L96Q,-33.3,-66.35,100,ARG,Argentina
L96R,-28.43,-65.78,100,ARG,Argentina
L96S,-29.43,-66.85,100,ARG,Argentina
L96T,-23.75,-65.5,100,ARG,Argentina
L96U,-36.62,-64.28,100,ARG,Argentina
L96V,-40.8,-63.0,100,ARG,Argentina
L96W,-43.3,-65.1,100,ARG,Argentina
L96X,-50.43,-69.25,100,ARG,Argentina
L96Y,-38.95,-68.07,100,ARG,Argentina
L97A,-34.6,-58.38,100,ARG,Argentina
L97D,-33.7,-61.0,100,ARG,Argentina
L97F,-33.72,-62.23,100,ARG,Argentina
L97G,-26.95,-58.72,100,ARG,Argentina
L97H,-31.42,-64.18,100,ARG,Argentina
L97I,-26.92,-54.52,100,ARG,Argentina
L97J,-32.05,-60.28,100,ARG,Argentina
L97K,-26.93,-65.33,100,ARG,Argentina
L97L,-28.67,-57.63,100,ARG,Argentina
L97M,-32.88,-68.85,100,ARG,Argentina
L97N,-27.78,-64.27,100,ARG,Argentina
L97O,-24.78,-65.42,100,ARG,Argentina
L97P,-30.87,-68.98,100,ARG,Argentina
L97Q,-33.3,-66.35,100,ARG,Argentina
L97R,-28.43,-65.78,100,ARG,Argentina
L97S,-29.43,-66.85,100,ARG,Argentina
L97T,-23.75,-65.5,100,ARG,Argentina
L97U,-36.62,-64.28,100,ARG,Argentina
L97V,-40.8,-63.0,100,ARG,Argentina
L97W,-43.3,-65.1,100,ARG,Argentina
L97X,-50.43,-69.25,100,ARG,Argentina
L97Y,-38.95,-68.07,100,ARG,Argentina
L98A,-34.6,-58.38,100,ARG,Argentina
L98D,-33.7,-61.0,100,ARG,Argentina
L98F,-33.72,-62.23,100,ARG,Argentina
L98G,-26.95,-58.72,100,ARG,Argentina
L98H,-31.42,-64.18,100,ARG,Argentina
L98I,-26.92,-54.52,100,ARG,Argentina
L98J,-32.05,-60.28,100,ARG,Argentina
L98K,-26.93,-65.33,100,ARG,Argentina
L98L,-28.67,-57.63,100,ARG,Argentina
L98M,-32.88,-68.85,100,ARG,Argentina
L98N,-27.78,-64.27,100,ARG,Argentina
L98O,-24.78,-65.42,100,ARG,Argentina
L98P,-30.87,-68.98,100,ARG,Argentina
L98Q,-33.3,-66.35,100,ARG,Argentina
L98R,-28.43,-65.78,100,ARG,Argentina
L98S,-29.43,-66.85,100,ARG,Argentina
L98T,-23.75,-65.5,100,ARG,Argentina
L98U,-36.62,-64.28,100,ARG,Argentina
L98V,-40.8,-63.0,100,ARG,Argentina
L98W,-43.3,-65.1,100,ARG,Argentina
L98X,-50.43,-69.25,100,ARG,Argentina
L98Y,-38.95,-68.07,100,ARG,Argentina
L99A,-34.6,-58.38,100,ARG,Argentina
L99D,-33.7,-61.0,100,ARG,Argentina
L99F,-33.72,-62.23,100,ARG,Argentina
L99G,-26.95,-58.72,100,ARG,Argentina
L99H,-31.42,-64.18,100,ARG,Argentina
L99I,-26.92,-54.52,100,ARG,Argentina
L99J,-32.05,-60.28,100,ARG,Argentina
L99K,-26.93,-65.33,100,ARG,Argentina
L99L,-28.67,-57.63,100,ARG,Argentina
L99M,-32.88,-68.85,100,ARG,Argentina
L99N,-27.78,-64.27,100,ARG,Argentina
L99O,-24.78,-65.42,100,ARG,Argentina
L99P,-30.87,-68.98,100,ARG,Argentina
L99Q,-33.3,-66.35,100,ARG,Argentina
L99R,-28.43,-65.78,100,ARG,Argentina
L99S,-29.43,-66.85,100,ARG,Argentina
L99T,-23.75,-65.5,100,ARG,Argentina
L99U,-36.62,-64.28,100,ARG,Argentina
L99V,-40.8,-63.0,100,ARG,Argentina
L99W,-43.3,-65.1,100,ARG,Argentina
L99X,-50.43,-69.25,100,ARG,Argentina
L99Y,-38.95,-68.07,100,ARG,Argentina
LA,61.0,9.0,266,NOR,Norway
LB,61.0,9.0,266,NOR,Norway
LC,61.0,9.0,266,NOR,Norway
LD,61.0,9.0,266,NOR,Norway
LE,61.0,9.0,266,NOR,Norway
LF,61.0,9.0,266,NOR,Norway
LG,61.0,9.0,266,NOR,Norway
LH,61.0,9.0,266,NOR,Norway
LI,61.0,9.0,266,NOR,Norway
LJ,61.0,9.0,266,NOR,Norway
LK,61.0,9.0,266,NOR,Norway
LL,61.0,9.0,266,NOR,Norway
LM,61.0,9.0,266,NOR,Norway
LN,61.0,9.0,266,NOR,Norway
LO,-32.5,-62.13,100,ARG,Argentina
LO0A,-34.6,-58.38,100,ARG,Argentina
LO0D,-33.7,-61.0,100,ARG,Argentina
LO0F,-33.72,-62.23,100,ARG,Argentina
LO0G,-26.95,-58.72,100,ARG,Argentina
LO0H,-31.42,-64.18,100,ARG,Argentina
LO0I,-26.92,-54.52,100,ARG,Argentina
LO0J,-32.05,-60.28,100,ARG,Argentina
LO0K,-26.93,-65.33,100,ARG,Argentina
LO0L,-28.67,-57.63,100,ARG,Argentina
LO0M,-32.88,-68.85,100,ARG,Argentina
LO0N,-27.78,-64.27,100,ARG,Argentina
LO0O,-24.78,-65.42,100,ARG,Argentina
LO0P,-30.87,-68.98,100,ARG,Argentina
LO0Q,-33.3,-66.35,100,ARG,Argentina
LO0R,-28.43,-65.78,100,ARG,Argentina
LO0S,-29.43,-66.85,100,ARG,Argentina
LO0T,-23.75,-65.5,100,ARG,Argentina
LO0U,-36.62,-64.28,100,ARG,Argentina
LO0V,-40.8,-63.0,100,ARG,Argentina
LO0W,-43.3,-65.1,100,ARG,Argentina
LO0X,-50.43,-69.25,100,ARG,Argentina
LO0Y,-38.95,-68.07,100,ARG,Argentina
LO1A,-34.6,-58.38,100,ARG,Argentina
LO1D,-33.7,-61.0,100,ARG,Argentina
LO1F,-33.72,-62.23,100,ARG,Argentina
LO1G,-26.95,-58.72,100,ARG,Argentina
LO1H,-31.42,-64.18,100,ARG,Argentina
LO1I,-26.92,-54.52,100,ARG,Argentina
LO1J,-32.05,-60.28,100,ARG,Argentina
LO1K,-26.93,-65.33,100,ARG,Argentina
LO1L,-28.67,-57.63,100,ARG,Argentina
LO1M,-32.88,-68.85,100,ARG,Argentina
LO1N,-27.78,-64.27,100,ARG,Argentina
LO1O,-24.78,-65.42,100,ARG,Argentina
LO1P,-30.87,-68.98,100,ARG,Argentina
LO1Q,-33.3,-66.35,100,ARG,Argentina
LO1R,-28.43,-65.78,100,ARG,Argentina
LO1S,-29.43,-66.85,100,ARG,Argentina
LO1T,-23.75,-65.5,100,ARG,Argentina
LO1U,-36.62,-64.28,100,ARG,Argentina
LO1V,-40.8,-63.0,100,ARG,Argentina
LO1W,-43.3,-65.1,100,ARG,Argentina
LO1X,-50.43,-69.25,100,ARG,Argentina
LO1Y,-38.95,-68.07,100,ARG,Argentina
LO2A,-34.6,-58.38,100,ARG,Argentina
LO2D,-33.7,-61.0,100,ARG,Argentina
LO2F,-33.72,-62.23,100,ARG,Argentina
LO2G,-26.95,-58.72,100,ARG,Argentina
LO2H,-31.42,-64.18,100,ARG,Argentina
LO2I,-26.92,-54.52,100,ARG,Argentina
LO2J,-32.05,-60.28,100,ARG,Argentina
LO2K,-26.93,-65.33,100,ARG,Argentina
LO2L,-28.67,-57.63,100,ARG,Argentina
LO2M,-32.88,-68.85,100,ARG,Argentina
LO2N,-27.78,-64.27,100,ARG,Argentina
LO2O,-24.78,-65.42,100,ARG,Argentina
LO2P,-30.87,-68.98,100,ARG,Argentina
LO2Q,-33.3,-66.35,100,ARG,Argentina
LO2R,-28.43,-65.78,100,ARG,Argentina
LO2S,-29.43,-66.85,100,ARG,Argentina
LO2T,-23.75,-65.5,100,ARG,Argentina
LO2U,-36.62,-64.28,100,ARG,Argentina
LO2V,-40.8,-63.0,100,ARG,Argentina
LO2W,-43.3,-65.1,100,ARG,Argentina
LO2X,-50.43,-69.25,100,ARG,Argentina
LO2Y,-38.95,-68.07,100,ARG,Argentina
LO3A,-34.6,-58.38,100,ARG,Argentina
LO3D,-33.7,-61.0,100,ARG,Argentina
LO3F,-33.72,-62.23,100,ARG,Argentina
LO3G,-26.95,-58.72,100,ARG,Argentina
LO3H,-31.42,-64.18,100,ARG,Argentina
LO3I,-26.92,-54.52,100,ARG,Argentina
LO3J,-32.05,-60.28,100,ARG,Argentina
LO3K,-26.93,-65.33,100,ARG,Argentina
LO3L,-28.67,-57.63,100,ARG,Argentina
LO3M,-32.88,-68.85,100,ARG,Argentina
LO3N,-27.78,-64.27,100,ARG,Argentina
LO3O,-24.78,-65.42,100,ARG,Argentina
LO3P,-30.87,-68.98,100,ARG,Argentina
LO3Q,-33.3,-66.35,100,ARG,Argentina
LO3R,-28.43,-65.78,100,ARG,Argentina
LO3S,-29.43,-66.85,100,ARG,Argentina
LO3T,-23.75,-65.5,100,ARG,Argentina
LO3U,-36.62,-64.28,100,ARG,Argentina
LO3V,-40.8,-63.0,100,ARG,Argentina
LO3W,-43.3,-65.1,100,ARG,Argentina
LO3X,-50.43,-69.25,100,ARG,Argentina
LO3Y,-38.95,-68.07,100,ARG,Argentina
LO4A,-34.6,-58.38,100,ARG,Argentina
LO4D,-33.7,-61.0,100,ARG,Argentina
LO4F,-33.72,-62.23,100,ARG,Argentina
LO4G,-26.95,-58.72,100,ARG,Argentina
LO4H,-31.42,-64.18,100,ARG,Argentina
LO4I,-26.92,-54.52,100,ARG,Argentina
LO4J,-32.05,-60.28,100,ARG,Argentina
LO4K,-26.93,-65.33,100,ARG,Argentina
LO4L,-28.67,-57.63,100,ARG,Argentina
LO4M,-32.88,-68.85,100,ARG,Argentina
LO4N,-27.78,-64.27,100,ARG,Argentina
LO4O,-24.78,-65.42,100,ARG,Argentina
LO4P,-30.87,-68.98,100,ARG,Argentina
LO4Q,-33.3,-66.35,100,ARG,Argentina
LO4R,-28.43,-65.78,100,ARG,Argentina
LO4S,-29.43,-66.85,100,ARG,Argentina
LO4T,-23.75,-65.5,100,ARG,Argentina
LO4U,-36.62,-64.28,100,ARG,Argentina
LO4V,-40.8,-63.0,100,ARG,Argentina
LO4W,-43.3,-65.1,100,ARG,Argentina
LO4X,-50.43,-69.25,100,ARG,Argentina
LO4Y,-38.95,-68.07,100,ARG,Argentina
LO5A,-34.6,-58.38,100,ARG,Argentina
LO5D,-33.7,-61.0,100,ARG,Argentina
LO5F,-33.72,-62.23,100,ARG,Argentina
LO5G,-26.95,-58.72,100,ARG,Argentina
LO5H,-31.42,-64.18,100,ARG,Argentina
LO5I,-26.92,-54.52,100,ARG,Argentina
LO5J,-32.05,-60.28,100,ARG,Argentina
LO5K,-26.93,-65.33,100,ARG,Argentina
LO5L,-28.67,-57.63,100,ARG,Argentina
LO5M,-32.88,-68.85,100,ARG,Argentina
LO5N,-27.78,-64.27,100,ARG,Argentina
LO5O,-24.78,-65.42,100,ARG,Argentina
LO5P,-30.87,-68.98,100,ARG,Argentina
LO5Q,-33.3,-66.35,100,ARG,Argentina
LO5R,-28.43,-65.78,100,ARG,Argentina
LO5S,-29.43,-66.85,100,ARG,Argentina
LO5T,-23.75,-65.5,100,ARG,Argentina
LO5U,-36.62,-64.28,100,ARG,Argentina
LO5V,-40.8,-63.0,100,ARG,Argentina
LO5W,-43.3,-65.1,100,ARG,Argentina
LO5X,-50.43,-69.25,100,ARG,Argentina
LO5Y,-38.95,-68.07,100,ARG,Argentina
LO6A,-34.6,-58.38,100,ARG,Argentina
LO6D,-33.7,-61.0,100,ARG,Argentina
LO6F,-33.72,-62.23,100,ARG,Argentina
LO6G,-26.95,-58.72,100,ARG,Argentina
LO6H,-31.42,-64.18,100,ARG,Argentina
LO6I,-26.92,-54.52,100,ARG,Argentina
LO6J,-32.05,-60.28,100,ARG,Argentina
LO6K,-26.93,-65.33,100,ARG,Argentina
LO6L,-28.67,-57.63,100,ARG,Argentina
LO6M,-32.88,-68.85,100,ARG,Argentina
LO6N,-27.78,-64.27,100,ARG,Argentina
LO6O,-24.78,-65.42,100,ARG,Argentina
LO6P,-30.87,-68.98,100,ARG,Argentina
LO6Q,-33.3,-66.35,100,ARG,Argentina
LO6R,-28.43,-65.78,100,ARG,Argentina
LO6S,-29.43,-66.85,100,ARG,Argentina
LO6T,-23.75,-65.5,100,ARG,Argentina
LO6U,-36.62,-64.28,100,ARG,Argentina
LO6V,-40.8,-63.0,100,ARG,Argentina
LO6W,-43.3,-65.1,100,ARG,Argentina
LO6X,-50.43,-69.25,100,ARG,Argentina
LO6Y,-38.95,-68.07,100,ARG,Argentina
LO7A,-34.6,-58.38,100,ARG,Argentina
LO7D,-33.7,-61.0,100,ARG,Argentina
LO7F,-33.72,-62.23,100,ARG,Argentina
LO7G,-26.95,-58.72,100,ARG,Argentina
LO7H,-31.42,-64.18,100,ARG,Argentina
LO7I,-26.92,-54.52,100,ARG,Argentina
LO7J,-32.05,-60.28,100,ARG,Argentina
LO7K,-26.93,-65.33,100,ARG,Argentina
LO7L,-28.67,-57.63,100,ARG,Argentina
LO7M,-32.88,-68.85,100,ARG,Argentina
LO7N,-27.78,-64.27,100,ARG,Argentina
LO7O,-24.78,-65.42,100,ARG,Argentina
LO7P,-30.87,-68.98,100,ARG,Argentina
LO7Q,-33.3,-66.35,100,ARG,Argentina
LO7R,-28.43,-65.78,100,ARG,Argentina
LO7S,-29.43,-66.85,100,ARG,Argentina
LO7T,-23.75,-65.5,100,ARG,Argentina
LO7U,-36.62,-64.28,100,ARG,Argentina
LO7V,-40.8,-63.0,100,ARG,Argentina
LO7W,-43.3,-65.1,100,ARG,Argentina
LO7X,-50.43,-69.25,100,ARG,Argentina
LO7Y,-38.95,-68.07,100,ARG,Argentina
LO8A,-34.6,-58.38,100,ARG,Argentina
LO8D,-33.7,-61.0,100,ARG,Argentina
LO8F,-33.72,-62.23,100,ARG,Argentina
LO8G,-26.95,-58.72,100,ARG,Argentina
LO8H,-31.42,-64.18,100,ARG,Argentina
LO8I,-26.92,-54.52,100,ARG,Argentina
LO8J,-32.05,-60.28,100,ARG,Argentina
LO8K,-26.93,-65.33,100,ARG,Argentina
LO8L,-28.67,-57.63,100,ARG,Argentina
LO8M,-32.88,-68.85,100,ARG,Argentina
LO8N,-27.78,-64.27,100,ARG,Argentina
LO8O,-24.78,-65.42,100,ARG,Argentina
LO8P,-30.87,-68.98,100,ARG,Argentina
LO8Q,-33.3,-66.35,100,ARG,Argentina
LO8R,-28.43,-65.78,100,ARG,Argentina
LO8S,-29.43,-66.85,100,ARG,Argentina
LO8T,-23.75,-65.5,100,ARG,Argentina
LO8U,-36.62,-64.28,100,ARG,Argentina
LO8V,-40.8,-63.0,100,ARG,Argentina
LO8W,-43.3,-65.1,100,ARG,Argentina
LO8X,-50.43,-69.25,100,ARG,Argentina
LO8Y,-38.95,-68.07,100,ARG,Argentina
LO9A,-34.6,-58.38,100,ARG,Argentina
LO9D,-33.7,-61.0,100,ARG,Argentina
LO9F,-33.72,-62.23,100,ARG,Argentina
LO9G,-26.95,-58.72,100,ARG,Argentina
LO9H,-31.42,-64.18,100,ARG,Argentina
LO9I,-26.92,-54.52,100,ARG,Argentina
LO9J,-32.05,-60.28,100,ARG,Argentina
LO9K,-26.93,-65.33,100,ARG,Argentina
LO9L,-28.67,-57.63,100,ARG,Argentina
LO9M,-32.88,-68.85,100,ARG,Argentina
LO9N,-27.78,-64.27,100,ARG,Argentina
LO9O,-24.78,-65.42,100,ARG,Argentina
LO9P,-30.87,-68.98,100,ARG,Argentina
LO9Q,-33.3,-66.35,100,ARG,Argentina
LO9R,-28.43,-65.78,100,ARG,Argentina
LO9S,-29.43,-66.85,100,ARG,Argentina
LO9T,-23.75,-65.5,100,ARG,Argentina
LO9U,-36.62,-64.28,100,ARG,Argentina
LO9V,-40.8,-63.0,100,ARG,Argentina
LO9W,-43.3,-65.1,100,ARG,Argentina
LO9X,-50.43,-69.25,100,ARG,Argentina
LO9Y,-38.95,-68.07,100,ARG,Argentina
LP,-32.5,-62.13,100,ARG,Argentina
LP0A,-34.6,-58.38,100,ARG,Argentina
LP0D,-33.7,-61.0,100,ARG,Argentina
LP0F,-33.72,-62.23,100,ARG,Argentina
LP0G,-26.95,-58.72,100,ARG,Argentina
LP0H,-31.42,-64.18,100,ARG,Argentina
LP0I,-26.92,-54.52,100,ARG,Argentina
LP0J,-32.05,-60.28,100,ARG,Argentina
LP0K,-26.93,-65.33,100,ARG,Argentina
LP0L,-28.67,-57.63,100,ARG,Argentina
LP0M,-32.88,-68.85,100,ARG,Argentina
LP0N,-27.78,-64.27,100,ARG,Argentina
LP0O,-24.78,-65.42,100,ARG,Argentina
LP0P,-30.87,-68.98,100,ARG,Argentina
LP0Q,-33.3,-66.35,100,ARG,Argentina
LP0R,-28.43,-65.78,100,ARG,Argentina
LP0S,-29.43,-66.85,100,ARG,Argentina
LP0T,-23.75,-65.5,100,ARG,Argentina
LP0U,-36.62,-64.28,100,ARG,Argentina
LP0V,-40.8,-63.0,100,ARG,Argentina
LP0W,-43.3,-65.1,100,ARG,Argentina
LP0X,-50.43,-69.25,100,ARG,Argentina
LP0Y,-38.95,-68.07,100,ARG,Argentina
LP1A,-34.6,-58.38,100,ARG,Argentina
LP1D,-33.7,-61.0,100,ARG,Argentina
LP1F,-33.72,-62.23,100,ARG,Argentina
LP1G,-26.95,-58.72,100,ARG,Argentina
LP1H,-31.42,-64.18,100,ARG,Argentina
LP1I,-26.92,-54.52,100,ARG,Argentina
LP1J,-32.05,-60.28,100,ARG,Argentina
LP1K,-26.93,-65.33,100,ARG,Argentina
LP1L,-28.67,-57.63,100,ARG,Argentina
LP1M,-32.88,-68.85,100,ARG,Argentina
LP1N,-27.78,-64.27,100,ARG,Argentina
LP1O,-24.78,-65.42,100,ARG,Argentina
LP1P,-30.87,-68.98,100,ARG,Argentina
LP1Q,-33.3,-66.35,100,ARG,Argentina
LP1R,-28.43,-65.78,100,ARG,Argentina
LP1S,-29.43,-66.85,100,ARG,Argentina
LP1T,-23.75,-65.5,100,ARG,Argentina
LP1U,-36.62,-64.28,100,ARG,Argentina
LP1V,-40.8,-63.0,100,ARG,Argentina
LP1W,-43.3,-65.1,100,ARG,Argentina
LP1X,-50.43,-69.25,100,ARG,Argentina
LP1Y,-38.95,-68.07,100,ARG,Argentina
LP2A,-34.6,-58.38,100,ARG,Argentina
LP2D,-33.7,-61.0,100,ARG,Argentina
LP2F,-33.72,-62.23,100,ARG,Argentina
LP2G,-26.95,-58.72,100,ARG,Argentina
LP2H,-31.42,-64.18,100,ARG,Argentina
LP2I,-26.92,-54.52,100,ARG,Argentina
LP2J,-32.05,-60.28,100,ARG,Argentina
LP2K,-26.93,-65.33,100,ARG,Argentina
LP2L,-28.67,-57.63,100,ARG,Argentina
LP2M,-32.88,-68.85,100,ARG,Argentina
LP2N,-27.78,-64.27,100,ARG,Argentina
LP2O,-24.78,-65.42,100,ARG,Argentina
LP2P,-30.87,-68.98,100,ARG,Argentina
LP2Q,-33.3,-66.35,100,ARG,Argentina
LP2R,-28.43,-65.78,100,ARG,Argentina
LP2S,-29.43,-66.85,100,ARG,Argentina
LP2T,-23.75,-65.5,100,ARG,Argentina
LP2U,-36.62,-64.28,100,ARG,Argentina
LP2V,-40.8,-63.0,100,ARG,Argentina
LP2W,-43.3,-65.1,100,ARG,Argentina
LP2X,-50.43,-69.25,100,ARG,Argentina
LP2Y,-38.95,-68.07,100,ARG,Argentina
LP3A,-34.6,-58.38,100,ARG,Argentina
LP3D,-33.7,-61.0,100,ARG,Argentina
LP3F,-33.72,-62.23,100,ARG,Argentina
LP3G,-26.95,-58.72,100,ARG,Argentina
LP3H,-31.42,-64.18,100,ARG,Argentina
LP3I,-26.92,-54.52,100,ARG,Argentina
LP3J,-32.05,-60.28,100,ARG,Argentina
LP3K,-26.93,-65.33,100,ARG,Argentina
LP3L,-28.67,-57.63,100,ARG,Argentina
LP3M,-32.88,-68.85,100,ARG,Argentina
LP3N,-27.78,-64.27,100,ARG,Argentina
LP3O,-24.78,-65.42,100,ARG,Argentina
LP3P,-30.87,-68.98,100,ARG,Argentina
LP3Q,-33.3,-66.35,100,ARG,Argentina
LP3R,-28.43,-65.78,100,ARG,Argentina
LP3S,-29.43,-66.85,100,ARG,Argentina
LP3T,-23.75,-65.5,100,ARG,Argentina
LP3U,-36.62,-64.28,100,ARG,Argentina
LP3V,-40.8,-63.0,100,ARG,Argentina
LP3W,-43.3,-65.1,100,ARG,Argentina
LP3X,-50.43,-69.25,100,ARG,Argentina
LP3Y,-38.95,-68.07,100,ARG,Argentina
LP4A,-34.6,-58.38,100,ARG,Argentina
LP4D,-33.7,-61.0,100,ARG,Argentina
LP4F,-33.72,-62.23,100,ARG,Argentina
LP4G,-26.95,-58.72,100,ARG,Argentina
LP4H,-31.42,-64.18,100,ARG,Argentina
LP4I,-26.92,-54.52,100,ARG,Argentina
LP4J,-32.05,-60.28,100,ARG,Argentina
LP4K,-26.93,-65.33,100,ARG,Argentina
LP4L,-28.67,-57.63,100,ARG,Argentina
LP4M,-32.88,-68.85,100,ARG,Argentina
LP4N,-27.78,-64.27,100,ARG,Argentina
LP4O,-24.78,-65.42,100,ARG,Argentina
LP4P,-30.87,-68.98,100,ARG,Argentina
LP4Q,-33.3,-66.35,100,ARG,Argentina
LP4R,-28.43,-65.78,100,ARG,Argentina
LP4S,-29.43,-66.85,100,ARG,Argentina
LP4T,-23.75,-65.5,100,ARG,Argentina
LP4U,-36.62,-64.28,100,ARG,Argentina
LP4V,-40.8,-63.0,100,ARG,Argentina
LP4W,-43.3,-65.1,100,ARG,Argentina
LP4X,-50.43,-69.25,100,ARG,Argentina
LP4Y,-38.95,-68.07,100,ARG,Argentina
LP5A,-34.6,-58.38,100,ARG,Argentina
LP5D,-33.7,-61.0,100,ARG,Argentina
LP5F,-33.72,-62.23,100,ARG,Argentina
LP5G,-26.95,-58.72,100,ARG,Argentina
LP5H,-31.42,-64.18,100,ARG,Argentina
LP5I,-26.92,-54.52,100,ARG,Argentina
LP5J,-32.05,-60.28,100,ARG,Argentina
LP5K,-26.93,-65.33,100,ARG,Argentina
LP5L,-28.67,-57.63,100,ARG,Argentina
LP5M,-32.88,-68.85,100,ARG,Argentina
LP5N,-27.78,-64.27,100,ARG,Argentina
LP5O,-24.78,-65.42,100,ARG,Argentina
LP5P,-30.87,-68.98,100,ARG,Argentina
LP5Q,-33.3,-66.35,100,ARG,Argentina
LP5R,-28.43,-65.78,100,ARG,Argentina
LP5S,-29.43,-66.85,100,ARG,Argentina
LP5T,-23.75,-65.5,100,ARG,Argentina
LP5U,-36.62,-64.28,100,ARG,Argentina
LP5V,-40.8,-63.0,100,ARG,Argentina
LP5W,-43.3,-65.1,100,ARG,Argentina
LP5X,-50.43,-69.25,100,ARG,Argentina
LP5Y,-38.95,-68.07,100,ARG,Argentina
LP6A,-34.6,-58.38,100,ARG,Argentina
LP6D,-33.7,-61.0,100,ARG,Argentina
LP6F,-33.72,-62.23,100,ARG,Argentina
LP6G,-26.95,-58.72,100,ARG,Argentina
LP6H,-31.42,-64.18,100,ARG,Argentina
LP6I,-26.92,-54.52,100,ARG,Argentina
LP6J,-32.05,-60.28,100,ARG,Argentina
LP6K,-26.93,-65.33,100,ARG,Argentina
LP6L,-28.67,-57.63,100,ARG,Argentina
LP6M,-32.88,-68.85,100,ARG,Argentina
LP6N,-27.78,-64.27,100,ARG,Argentina
LP6O,-24.78,-65.42,100,ARG,Argentina
LP6P,-30.87,-68.98,100,ARG,Argentina
LP6Q,-33.3,-66.35,100,ARG,Argentina
LP6R,-28.43,-65.78,100,ARG,Argentina
LP6S,-29.43,-66.85,100,ARG,Argentina
LP6T,-23.75,-65.5,100,ARG,Argentina
LP6U,-36.62,-64.28,100,ARG,Argentina
LP6V,-40.8,-63.0,100,ARG,Argentina
LP6W,-43.3,-65.1,100,ARG,Argentina
LP6X,-50.43,-69.25,100,ARG,Argentina
LP6Y,-38.95,-68.07,100,ARG,Argentina
LP7A,-34.6,-58.38,100,ARG,Argentina
LP7D,-33.7,-61.0,100,ARG,Argentina
LP7F,-33.72,-62.23,100,ARG,Argentina
LP7G,-26.95,-58.72,100,ARG,Argentina
LP7H,-31.42,-64.18,100,ARG,Argentina
LP7I,-26.92,-54.52,100,ARG,Argentina
LP7J,-32.05,-60.28,100,ARG,Argentina
LP7K,-26.93,-65.33,100,ARG,Argentina
LP7L,-28.67,-57.63,100,ARG,Argentina
LP7M,-32.88,-68.85,100,ARG,Argentina
LP7N,-27.78,-64.27,100,ARG,Argentina
LP7O,-24.78,-65.42,100,ARG,Argentina
LP7P,-30.87,-68.98,100,ARG,Argentina
LP7Q,-33.3,-66.35,100,ARG,Argentina
LP7R,-28.43,-65.78,100,ARG,Argentina
LP7S,-29.43,-66.85,100,ARG,Argentina
LP7T,-23.75,-65.5,100,ARG,Argentina
LP7U,-36.62,-64.28,100,ARG,Argentina
LP7V,-40.8,-63.0,100,ARG,Argentina
LP7W,-43.3,-65.1,100,ARG,Argentina
LP7X,-50.43,-69.25,100,ARG,Argentina
LP7Y,-38.95,-68.07,100,ARG,Argentina
LP8A,-34.6,-58.38,100,ARG,Argentina
LP8D,-33.7,-61.0,100,ARG,Argentina
LP8F,-33.72,-62.23,100,ARG,Argentina
LP8G,-26.95,-58.72,100,ARG,Argentina
LP8H,-31.42,-64.18,100,ARG,Argentina
LP8I,-26.92,-54.52,100,ARG,Argentina
LP8J,-32.05,-60.28,100,ARG,Argentina
LP8K,-26.93,-65.33,100,ARG,Argentina
LP8L,-28.67,-57.63,100,ARG,Argentina
LP8M,-32.88,-68.85,100,ARG,Argentina
LP8N,-27.78,-64.27,100,ARG,Argentina
LP8O,-24.78,-65.42,100,ARG,Argentina
LP8P,-30.87,-68.98,100,ARG,Argentina
LP8Q,-33.3,-66.35,100,ARG,Argentina
LP8R,-28.43,-65.78,100,ARG,Argentina
LP8S,-29.43,-66.85,100,ARG,Argentina
LP8T,-23.75,-65.5,100,ARG,Argentina
LP8U,-36.62,-64.28,100,ARG,Argentina
LP8V,-40.8,-63.0,100,ARG,Argentina
LP8W,-43.3,-65.1,100,ARG,Argentina
LP8X,-50.43,-69.25,100,ARG,Argentina
LP8Y,-38.95,-68.07,100,ARG,Argentina
LP9A,-34.6,-58.38,100,ARG,Argentina
LP9D,-33.7,-61.0,100,ARG,Argentina
LP9F,-33.72,-62.23,100,ARG,Argentina
LP9G,-26.95,-58.72,100,ARG,Argentina
LP9H,-31.42,-64.18,100,ARG,Argentina
LP9I,-26.92,-54.52,100,ARG,Argentina
LP9J,-32.05,-60.28,100,ARG,Argentina
LP9K,-26.93,-65.33,100,ARG,Argentina
LP9L,-28.67,-57.63,100,ARG,Argentina
LP9M,-32.88,-68.85,100,ARG,Argentina
LP9N,-27.78,-64.27,100,ARG,Argentina
LP9O,-24.78,-65.42,100,ARG,Argentina
LP9P,-30.87,-68.98,100,ARG,Argentina
LP9Q,-33.3,-66.35,100,ARG,Argentina
LP9R,-28.43,-65.78,100,ARG,Argentina
LP9S,-29.43,-66.85,100,ARG,Argentina
LP9T,-23.75,-65.5,100,ARG,Argentina
LP9U,-36.62,-64.28,100,ARG,Argentina
LP9V,-40.8,-63.0,100,ARG,Argentina
LP9W,-43.3,-65.1,100,ARG,Argentina
LP9X,-50.43,-69.25,100,ARG,Argentina
LP9Y,-38.95,-68.07,100,ARG,Argentina
LQ,-32.5,-62.13,100,ARG,Argentina
LQ0A,-34.6,-58.38,100,ARG,Argentina
LQ0D,-33.7,-61.0,100,ARG,Argentina
LQ0F,-33.72,-62.23,100,ARG,Argentina
LQ0G,-26.95,-58.72,100,ARG,Argentina
LQ0H,-31.42,-64.18,100,ARG,Argentina
LQ0I,-26.92,-54.52,100,ARG,Argentina
LQ0J,-32.05,-60.28,100,ARG,Argentina
LQ0K,-26.93,-65.33,100,ARG,Argentina
LQ0L,-28.67,-57.63,100,ARG,Argentina
LQ0M,-32.88,-68.85,100,ARG,Argentina
LQ0N,-27.78,-64.27,100,ARG,Argentina
LQ0O,-24.78,-65.42,100,ARG,Argentina
LQ0P,-30.87,-68.98,100,ARG,Argentina
LQ0Q,-33.3,-66.35,100,ARG,Argentina
LQ0R,-28.43,-65.78,100,ARG,Argentina
LQ0S,-29.43,-66.85,100,ARG,Argentina
LQ0T,-23.75,-65.5,100,ARG,Argentina
LQ0U,-36.62,-64.28,100,ARG,Argentina
LQ0V,-40.8,-63.0,100,ARG,Argentina
LQ0W,-43.3,-65.1,100,ARG,Argentina
LQ0X,-50.43,-69.25,100,ARG,Argentina
LQ0Y,-38.95,-68.07,100,ARG,Argentina
LQ1A,-34.6,-58.38,100,ARG,Argentina
LQ1D,-33.7,-61.0,100,ARG,Argentina
LQ1F,-33.72,-62.23,100,ARG,Argentina
LQ1G,-26.95,-58.72,100,ARG,Argentina
LQ1H,-31.42,-64.18,100,ARG,Argentina
LQ1I,-26.92,-54.52,100,ARG,Argentina
LQ1J,-32.05,-60.28,100,ARG,Argentina
LQ1K,-26.93,-65.33,100,ARG,Argentina
LQ1L,-28.67,-57.63,100,ARG,Argentina
LQ1M,-32.88,-68.85,100,ARG,Argentina
LQ1N,-27.78,-64.27,100,ARG,Argentina
LQ1O,-24.78,-65.42,100,ARG,Argentina
LQ1P,-30.87,-68.98,100,ARG,Argentina
LQ1Q,-33.3,-66.35,100,ARG,Argentina
LQ1R,-28.43,-65.78,100,ARG,Argentina
LQ1S,-29.43,-66.85,100,ARG,Argentina
LQ1T,-23.75,-65.5,100,ARG,Argentina
LQ1U,-36.62,-64.28,100,ARG,Argentina
LQ1V,-40.8,-63.0,100,ARG,Argentina
LQ1W,-43.3,-65.1,100,ARG,Argentina
LQ1X,-50.43,-69.25,100,ARG,Argentina
LQ1Y,-38.95,-68.07,100,ARG,Argentina
LQ2A,-34.6,-58.38,100,ARG,Argentina
LQ2D,-33.7,-61.0,100,ARG,Argentina
LQ2F,-33.72,-62.23,100,ARG,Argentina
LQ2G,-26.95,-58.72,100,ARG,Argentina
LQ2H,-31.42,-64.18,100,ARG,Argentina
LQ2I,-26.92,-54.52,100,ARG,Argentina
LQ2J,-32.05,-60.28,100,ARG,Argentina
LQ2K,-26.93,-65.33,100,ARG,Argentina
LQ2L,-28.67,-57.63,100,ARG,Argentina
LQ2M,-32.88,-68.85,100,ARG,Argentina
LQ2N,-27.78,-64.27,100,ARG,Argentina
LQ2O,-24.78,-65.42,100,ARG,Argentina
LQ2P,-30.87,-68.98,100,ARG,Argentina
LQ2Q,-33.3,-66.35,100,ARG,Argentina
LQ2R,-28.43,-65.78,100,ARG,Argentina
LQ2S,-29.43,-66.85,100,ARG,Argentina
LQ2T,-23.75,-65.5,100,ARG,Argentina
LQ2U,-36.62,-64.28,100,ARG,Argentina
LQ2V,-40.8,-63.0,100,ARG,Argentina
LQ2W,-43.3,-65.1,100,ARG,Argentina
LQ2X,-50.43,-69.25,100,ARG,Argentina
LQ2Y,-38.95,-68.07,100,ARG,Argentina
LQ3A,-34.6,-58.38,100,ARG,Argentina
LQ3D,-33.7,-61.0,100,ARG,Argentina
LQ3F,-33.72,-62.23,100,ARG,Argentina
LQ3G,-26.95,-58.72,100,ARG,Argentina
LQ3H,-31.42,-64.18,100,ARG,Argentina
LQ3I,-26.92,-54.52,100,ARG,Argentina
LQ3J,-32.05,-60.28,100,ARG,Argentina
LQ3K,-26.93,-65.33,100,ARG,Argentina
LQ3L,-28.67,-57.63,100,ARG,Argentina
LQ3M,-32.88,-68.85,100,ARG,Argentina
LQ3N,-27.78,-64.27,100,ARG,Argentina
LQ3O,-24.78,-65.42,100,ARG,Argentina
LQ3P,-30.87,-68.98,100,ARG,Argentina
LQ3Q,-33.3,-66.35,100,ARG,Argentina
LQ3R,-28.43,-65.78,100,ARG,Argentina
LQ3S,-29.43,-66.85,100,ARG,Argentina
LQ3T,-23.75,-65.5,100,ARG,Argentina
LQ3U,-36.62,-64.28,100,ARG,Argentina
LQ3V,-40.8,-63.0,100,ARG,Argentina
LQ3W,-43.3,-65.1,100,ARG,Argentina
LQ3X,-50.43,-69.25,100,ARG,Argentina
LQ3Y,-38.95,-68.07,100,ARG,Argentina
LQ4A,-34.6,-58.38,100,ARG,Argentina
LQ4D,-33.7,-61.0,100,ARG,Argentina
LQ4F,-33.72,-62.23,100,ARG,Argentina
LQ4G,-26.95,-58.72,100,ARG,Argentina
LQ4H,-31.42,-64.18,100,ARG,Argentina
LQ4I,-26.92,-54.52,100,ARG,Argentina
LQ4J,-32.05,-60.28,100,ARG,Argentina
LQ4K,-26.93,-65.33,100,ARG,Argentina
LQ4L,-28.67,-57.63,100,ARG,Argentina
LQ4M,-32.88,-68.85,100,ARG,Argentina
LQ4N,-27.78,-64.27,100,ARG,Argentina
LQ4O,-24.78,-65.42,100,ARG,Argentina
LQ4P,-30.87,-68.98,100,ARG,Argentina
LQ4Q,-33.3,-66.35,100,ARG,Argentina
LQ4R,-28.43,-65.78,100,ARG,Argentina
LQ4S,-29.43,-66.85,100,ARG,Argentina
LQ4T,-23.75,-65.5,100,ARG,Argentina
LQ4U,-36.62,-64.28,100,ARG,Argentina
LQ4V,-40.8,-63.0,100,ARG,Argentina
LQ4W,-43.3,-65.1,100,ARG,Argentina
LQ4X,-50.43,-69.25,100,ARG,Argentina
LQ4Y,-38.95,-68.07,100,ARG,Argentina
LQ5A,-34.6,-58.38,100,ARG,Argentina
LQ5D,-33.7,-61.0,100,ARG,Argentina
LQ5F,-33.72,-62.23,100,ARG,Argentina
LQ5G,-26.95,-58.72,100,ARG,Argentina
LQ5H,-31.42,-64.18,100,ARG,Argentina
LQ5I,-26.92,-54.52,100,ARG,Argentina
LQ5J,-32.05,-60.28,100,ARG,Argentina
LQ5K,-26.93,-65.33,100,ARG,Argentina
LQ5L,-28.67,-57.63,100,ARG,Argentina
LQ5M,-32.88,-68.85,100,ARG,Argentina
LQ5N,-27.78,-64.27,100,ARG,Argentina
LQ5O,-24.78,-65.42,100,ARG,Argentina
LQ5P,-30.87,-68.98,100,ARG,Argentina
LQ5Q,-33.3,-66.35,100,ARG,Argentina
LQ5R,-28.43,-65.78,100,ARG,Argentina
LQ5S,-29.43,-66.85,100,ARG,Argentina
LQ5T,-23.75,-65.5,100,ARG,Argentina
LQ5U,-36.62,-64.28,100,ARG,Argentina
LQ5V,-40.8,-63.0,100,ARG,Argentina
LQ5W,-43.3,-65.1,100,ARG,Argentina
LQ5X,-50.43,-69.25,100,ARG,Argentina
LQ5Y,-38.95,-68.07,100,ARG,Argentina
LQ6A,-34.6,-58.38,100,ARG,Argentina
LQ6D,-33.7,-61.0,100,ARG,Argentina
LQ6F,-33.72,-62.23,100,ARG,Argentina
LQ6G,-26.95,-58.72,100,ARG,Argentina
LQ6H,-31.42,-64.18,100,ARG,Argentina
LQ6I,-26.92,-54.52,100,ARG,Argentina
LQ6J,-32.05,-60.28,100,ARG,Argentina
LQ6K,-26.93,-65.33,100,ARG,Argentina
LQ6L,-28.67,-57.63,100,ARG,Argentina
LQ6M,-32.88,-68.85,100,ARG,Argentina
LQ6N,-27.78,-64.27,100,ARG,Argentina
LQ6O,-24.78,-65.42,100,ARG,Argentina
LQ6P,-30.87,-68.98,100,ARG,Argentina
LQ6Q,-33.3,-66.35,100,ARG,Argentina
LQ6R,-28.43,-65.78,100,ARG,Argentina
LQ6S,-29.43,-66.85,100,ARG,Argentina
LQ6T,-23.75,-65.5,100,ARG,Argentina
LQ6U,-36.62,-64.28,100,ARG,Argentina
LQ6V,-40.8,-63.0,100,ARG,Argentina
LQ6W,-43.3,-65.1,100,ARG,Argentina
LQ6X,-50.43,-69.25,100,ARG,Argentina
LQ6Y,-38.95,-68.07,100,ARG,Argentina
LQ7A,-34.6,-58.38,100,ARG,Argentina
LQ7D,-33.7,-61.0,100,ARG,Argentina
LQ7F,-33.72,-62.23,100,ARG,Argentina
LQ7G,-26.95,-58.72,100,ARG,Argentina
LQ7H,-31.42,-64.18,100,ARG,Argentina
LQ7I,-26.92,-54.52,100,ARG,Argentina
LQ7J,-32.05,-60.28,100,ARG,Argentina
LQ7K,-26.93,-65.33,100,ARG,Argentina
LQ7L,-28.67,-57.63,100,ARG,Argentina
LQ7M,-32.88,-68.85,100,ARG,Argentina
LQ7N,-27.78,-64.27,100,ARG,Argentina
LQ7O,-24.78,-65.42,100,ARG,Argentina
LQ7P,-30.87,-68.98,100,ARG,Argentina
LQ7Q,-33.3,-66.35,100,ARG,Argentina
LQ7R,-28.43,-65.78,100,ARG,Argentina
LQ7S,-29.43,-66.85,100,ARG,Argentina
LQ7T,-23.75,-65.5,100,ARG,Argentina
LQ7U,-36.62,-64.28,100,ARG,Argentina
LQ7V,-40.8,-63.0,100,ARG,Argentina
LQ7W,-43.3,-65.1,100,ARG,Argentina
LQ7X,-50.43,-69.25,100,ARG,Argentina
LQ7Y,-38.95,-68.07,100,ARG,Argentina
LQ8A,-34.6,-58.38,100,ARG,Argentina
LQ8D,-33.7,-61.0,100,ARG,Argentina
LQ8F,-33.72,-62.23,100,ARG,Argentina
LQ8G,-26.95,-58.72,100,ARG,Argentina
LQ8H,-31.42,-64.18,100,ARG,Argentina
LQ8I,-26.92,-54.52,100,ARG,Argentina
LQ8J,-32.05,-60.28,100,ARG,Argentina
LQ8K,-26.93,-65.33,100,ARG,Argentina
LQ8L,-28.67,-57.63,100,ARG,Argentina
LQ8M,-32.88,-68.85,100,ARG,Argentina
LQ8N,-27.78,-64.27,100,ARG,Argentina
LQ8O,-24.78,-65.42,100,ARG,Argentina
LQ8P,-30.87,-68.98,100,ARG,Argentina
LQ8Q,-33.3,-66.35,100,ARG,Argentina
LQ8R,-28.43,-65.78,100,ARG,Argentina
LQ8S,-29.43,-66.85,100,ARG,Argentina
LQ8T,-23.75,-65.5,100,ARG,Argentina
LQ8U,-36.62,-64.28,100,ARG,Argentina
LQ8V,-40.8,-63.0,100,ARG,Argentina
LQ8W,-43.3,-65.1,100,ARG,Argentina
LQ8X,-50.43,-69.25,100,ARG,Argentina
LQ8Y,-38.95,-68.07,100,ARG,Argentina
LQ9A,-34.6,-58.38,100,ARG,Argentina
LQ9D,-33.7,-61.0,100,ARG,Argentina
LQ9F,-33.72,-62.23,100,ARG,Argentina
LQ9G,-26.95,-58.72,100,ARG,Argentina
LQ9H,-31.42,-64.18,100,ARG,Argentina
LQ9I,-26.92,-54.52,100,ARG,Argentina
LQ9J,-32.05,-60.28,100,ARG,Argentina
LQ9K,-26.93,-65.33,100,ARG,Argentina
LQ9L,-28.67,-57.63,100,ARG,Argentina
LQ9M,-32.88,-68.85,100,ARG,Argentina
LQ9N,-27.78,-64.27,100,ARG,Argentina
LQ9O,-24.78,-65.42,100,ARG,Argentina
LQ9P,-30.87,-68.98,100,ARG,Argentina
LQ9Q,-33.3,-66.35,100,ARG,Argentina
LQ9R,-28.43,-65.78,100,ARG,Argentina
LQ9S,-29.43,-66.85,100,ARG,Argentina
LQ9T,-23.75,-65.5,100,ARG,Argentina
LQ9U,-36.62,-64.28,100,ARG,Argentina
LQ9V,-40.8,-63.0,100,ARG,Argentina
LQ9W,-43.3,-65.1,100,ARG,Argentina
LQ9X,-50.43,-69.25,100,ARG,Argentina
LQ9Y,-38.95,-68.07,100,ARG,Argentina
LR,-32.5,-62.13,100,ARG,Argentina
LR0A,-34.6,-58.38,100,ARG,Argentina
LR0D,-33.7,-61.0,100,ARG,Argentina
LR0F,-33.72,-62.23,100,ARG,Argentina
LR0G,-26.95,-58.72,100,ARG,Argentina
LR0H,-31.42,-64.18,100,ARG,Argentina
LR0I,-26.92,-54.52,100,ARG,Argentina
LR0J,-32.05,-60.28,100,ARG,Argentina
LR0K,-26.93,-65.33,100,ARG,Argentina
LR0L,-28.67,-57.63,100,ARG,Argentina
LR0M,-32.88,-68.85,100,ARG,Argentina
LR0N,-27.78,-64.27,100,ARG,Argentina
LR0O,-24.78,-65.42,100,ARG,Argentina
LR0P,-30.87,-68.98,100,ARG,Argentina
LR0Q,-33.3,-66.35,100,ARG,Argentina
LR0R,-28.43,-65.78,100,ARG,Argentina
LR0S,-29.43,-66.85,100,ARG,Argentina
LR0T,-23.75,-65.5,100,ARG,Argentina
LR0U,-36.62,-64.28,100,ARG,Argentina
LR0V,-40.8,-63.0,100,ARG,Argentina
LR0W,-43.3,-65.1,100,ARG,Argentina
LR0X,-50.43,-69.25,100,ARG,Argentina
LR0Y,-38.95,-68.07,100,ARG,Argentina
LR1A,-34.6,-58.38,100,ARG,Argentina
LR1D,-33.7,-61.0,100,ARG,Argentina
LR1F,-33.72,-62.23,100,ARG,Argentina
LR1G,-26.95,-58.72,100,ARG,Argentina
LR1H,-31.42,-64.18,100,ARG,Argentina
LR1I,-26.92,-54.52,100,ARG,Argentina
LR1J,-32.05,-60.28,100,ARG,Argentina
LR1K,-26.93,-65.33,100,ARG,Argentina
LR1L,-28.67,-57.63,100,ARG,Argentina
LR1M,-32.88,-68.85,100,ARG,Argentina
LR1N,-27.78,-64.27,100,ARG,Argentina
LR1O,-24.78,-65.42,100,ARG,Argentina
LR1P,-30.87,-68.98,100,ARG,Argentina
LR1Q,-33.3,-66.35,100,ARG,Argentina
LR1R,-28.43,-65.78,100,ARG,Argentina
LR1S,-29.43,-66.85,100,ARG,Argentina
LR1T,-23.75,-65.5,100,ARG,Argentina
LR1U,-36.62,-64.28,100,ARG,Argentina
LR1V,-40.8,-63.0,100,ARG,Argentina
LR1W,-43.3,-65.1,100,ARG,Argentina
LR1X,-50.43,-69.25,100,ARG,Argentina
LR1Y,-38.95,-68.07,100,ARG,Argentina
LR2A,-34.6,-58.38,100,ARG,Argentina
LR2D,-33.7,-61.0,100,ARG,Argentina
LR2F,-33.72,-62.23,100,ARG,Argentina
LR2G,-26.95,-58.72,100,ARG,Argentina
LR2H,-31.42,-64.18,100,ARG,Argentina
LR2I,-26.92,-54.52,100,ARG,Argentina
LR2J,-32.05,-60.28,100,ARG,Argentina
LR2K,-26.93,-65.33,100,ARG,Argentina
LR2L,-28.67,-57.63,100,ARG,Argentina
LR2M,-32.88,-68.85,100,ARG,Argentina
LR2N,-27.78,-64.27,100,ARG,Argentina
LR2O,-24.78,-65.42,100,ARG,Argentina
LR2P,-30.87,-68.98,100,ARG,Argentina
LR2Q,-33.3,-66.35,100,ARG,Argentina
LR2R,-28.43,-65.78,100,ARG,Argentina
LR2S,-29.43,-66.85,100,ARG,Argentina
LR2T,-23.75,-65.5,100,ARG,Argentina
LR2U,-36.62,-64.28,100,ARG,Argentina
LR2V,-40.8,-63.0,100,ARG,Argentina
LR2W,-43.3,-65.1,100,ARG,Argentina
LR2X,-50.43,-69.25,100,ARG,Argentina
LR2Y,-38.95,-68.07,100,ARG,Argentina
LR3A,-34.6,-58.38,100,ARG,Argentina
LR3D,-33.7,-61.0,100,ARG,Argentina
LR3F,-33.72,-62.23,100,ARG,Argentina
LR3G,-26.95,-58.72,100,ARG,Argentina
LR3H,-31.42,-64.18,100,ARG,Argentina
LR3I,-26.92,-54.52,100,ARG,Argentina
LR3J,-32.05,-60.28,100,ARG,Argentina
LR3K,-26.93,-65.33,100,ARG,Argentina
LR3L,-28.67,-57.63,100,ARG,Argentina
LR3M,-32.88,-68.85,100,ARG,Argentina
LR3N,-27.78,-64.27,100,ARG,Argentina
LR3O,-24.78,-65.42,100,ARG,Argentina
LR3P,-30.87,-68.98,100,ARG,Argentina
LR3Q,-33.3,-66.35,100,ARG,Argentina
LR3R,-28.43,-65.78,100,ARG,Argentina
LR3S,-29.43,-66.85,100,ARG,Argentina
LR3T,-23.75,-65.5,100,ARG,Argentina
LR3U,-36.62,-64.28,100,ARG,Argentina
LR3V,-40.8,-63.0,100,ARG,Argentina
LR3W,-43.3,-65.1,100,ARG,Argentina
LR3X,-50.43,-69.25,100,ARG,Argentina
LR3Y,-38.95,-68.07,100,ARG,Argentina
LR4A,-34.6,-58.38,100,ARG,Argentina
LR4D,-33.7,-61.0,100,ARG,Argentina
LR4F,-33.72,-62.23,100,ARG,Argentina
LR4G,-26.95,-58.72,100,ARG,Argentina
LR4H,-31.42,-64.18,100,ARG,Argentina
LR4I,-26.92,-54.52,100,ARG,Argentina
LR4J,-32.05,-60.28,100,ARG,Argentina
LR4K,-26.93,-65.33,100,ARG,Argentina
LR4L,-28.67,-57.63,100,ARG,Argentina
LR4M,-32.88,-68.85,100,ARG,Argentina
LR4N,-27.78,-64.27,100,ARG,Argentina
LR4O,-24.78,-65.42,100,ARG,Argentina
LR4P,-30.87,-68.98,100,ARG,Argentina
LR4Q,-33.3,-66.35,100,ARG,Argentina
LR4R,-28.43,-65.78,100,ARG,Argentina
LR4S,-29.43,-66.85,100,ARG,Argentina
LR4T,-23.75,-65.5,100,ARG,Argentina
LR4U,-36.62,-64.28,100,ARG,Argentina
LR4V,-40.8,-63.0,100,ARG,Argentina
LR4W,-43.3,-65.1,100,ARG,Argentina
LR4X,-50.43,-69.25,100,ARG,Argentina
LR4Y,-38.95,-68.07,100,ARG,Argentina
LR5A,-34.6,-58.38,100,ARG,Argentina
LR5D,-33.7,-61.0,100,ARG,Argentina
LR5F,-33.72,-62.23,100,ARG,Argentina
LR5G,-26.95,-58.72,100,ARG,Argentina
LR5H,-31.42,-64.18,100,ARG,Argentina
LR5I,-26.92,-54.52,100,ARG,Argentina
LR5J,-32.05,-60.28,100,ARG,Argentina
LR5K,-26.93,-65.33,100,ARG,Argentina
LR5L,-28.67,-57.63,100,ARG,Argentina
LR5M,-32.88,-68.85,100,ARG,Argentina
LR5N,-27.78,-64.27,100,ARG,Argentina
LR5O,-24.78,-65.42,100,ARG,Argentina
LR5P,-30.87,-68.98,100,ARG,Argentina
LR5Q,-33.3,-66.35,100,ARG,Argentina
LR5R,-28.43,-65.78,100,ARG,Argentina
LR5S,-29.43,-66.85,100,ARG,Argentina
LR5T,-23.75,-65.5,100,ARG,Argentina
LR5U,-36.62,-64.28,100,ARG,Argentina
LR5V,-40.8,-63.0,100,ARG,Argentina
LR5W,-43.3,-65.1,100,ARG,Argentina
LR5X,-50.43,-69.25,100,ARG,Argentina
LR5Y,-38.95,-68.07,100,ARG,Argentina
LR6A,-34.6,-58.38,100,ARG,Argentina
LR6D,-33.7,-61.0,100,ARG,Argentina
LR6F,-33.72,-62.23,100,ARG,Argentina
LR6G,-26.95,-58.72,100,ARG,Argentina
LR6H,-31.42,-64.18,100,ARG,Argentina
LR6I,-26.92,-54.52,100,ARG,Argentina
LR6J,-32.05,-60.28,100,ARG,Argentina
LR6K,-26.93,-65.33,100,ARG,Argentina
LR6L,-28.67,-57.63,100,ARG,Argentina
LR6M,-32.88,-68.85,100,ARG,Argentina
LR6N,-27.78,-64.27,100,ARG,Argentina
LR6O,-24.78,-65.42,100,ARG,Argentina
LR6P,-30.87,-68.98,100,ARG,Argentina
LR6Q,-33.3,-66.35,100,ARG,Argentina
LR6R,-28.43,-65.78,100,ARG,Argentina
LR6S,-29.43,-66.85,100,ARG,Argentina
LR6T,-23.75,-65.5,100,ARG,Argentina
LR6U,-36.62,-64.28,100,ARG,Argentina
LR6V,-40.8,-63.0,100,ARG,Argentina
LR6W,-43.3,-65.1,100,ARG,Argentina
LR6X,-50.43,-69.25,100,ARG,Argentina
LR6Y,-38.95,-68.07,100,ARG,Argentina
LR7A,-34.6,-58.38,100,ARG,Argentina
LR7D,-33.7,-61.0,100,ARG,Argentina
LR7F,-33.72,-62.23,100,ARG,Argentina
LR7G,-26.95,-58.72,100,ARG,Argentina
LR7H,-31.42,-64.18,100,ARG,Argentina
LR7I,-26.92,-54.52,100,ARG,Argentina
LR7J,-32.05,-60.28,100,ARG,Argentina
LR7K,-26.93,-65.33,100,ARG,Argentina
LR7L,-28.67,-57.63,100,ARG,Argentina
LR7M,-32.88,-68.85,100,ARG,Argentina
LR7N,-27.78,-64.27,100,ARG,Argentina
LR7O,-24.78,-65.42,100,ARG,Argentina
LR7P,-30.87,-68.98,100,ARG,Argentina
LR7Q,-33.3,-66.35,100,ARG,Argentina
LR7R,-28.43,-65.78,100,ARG,Argentina
LR7S,-29.43,-66.85,100,ARG,Argentina
LR7T,-23.75,-65.5,100,ARG,Argentina
LR7U,-36.62,-64.28,100,ARG,Argentina
LR7V,-40.8,-63.0,100,ARG,Argentina
LR7W,-43.3,-65.1,100,ARG,Argentina
LR7X,-50.43,-69.25,100,ARG,Argentina
LR7Y,-38.95,-68.07,100,ARG,Argentina
LR8A,-34.6,-58.38,100,ARG,Argentina
LR8D,-33.7,-61.0,100,ARG,Argentina
LR8F,-33.72,-62.23,100,ARG,Argentina
LR8G,-26.95,-58.72,100,ARG,Argentina
LR8H,-31.42,-64.18,100,ARG,Argentina
LR8I,-26.92,-54.52,100,ARG,Argentina
LR8J,-32.05,-60.28,100,ARG,Argentina
LR8K,-26.93,-65.33,100,ARG,Argentina
LR8L,-28.67,-57.63,100,ARG,Argentina
LR8M,-32.88,-68.85,100,ARG,Argentina
LR8N,-27.78,-64.27,100,ARG,Argentina
LR8O,-24.78,-65.42,100,ARG,Argentina
LR8P,-30.87,-68.98,100,ARG,Argentina
LR8Q,-33.3,-66.35,100,ARG,Argentina
LR8R,-28.43,-65.78,100,ARG,Argentina
LR8S,-29.43,-66.85,100,ARG,Argentina
LR8T,-23.75,-65.5,100,ARG,Argentina
LR8U,-36.62,-64.28,100,ARG,Argentina
LR8V,-40.8,-63.0,100,ARG,Argentina
LR8W,-43.3,-65.1,100,ARG,Argentina
LR8X,-50.43,-69.25,100,ARG,Argentina
LR8Y,-38.95,-68.07,100,ARG,Argentina
LR9A,-34.6,-58.38,100,ARG,Argentina
LR9D,-33.7,-61.0,100,ARG,Argentina
LR9F,-33.72,-62.23,100,ARG,Argentina
LR9G,-26.95,-58.72,100,ARG,Argentina
LR9H,-31.42,-64.18,100,ARG,Argentina
LR9I,-26.92,-54.52,100,ARG,Argentina
LR9J,-32.05,-60.28,100,ARG,Argentina
LR9K,-26.93,-65.33,100,ARG,Argentina
LR9L,-28.67,-57.63,100,ARG,Argentina
LR9M,-32.88,-68.85,100,ARG,Argentina
LR9N,-27.78,-64.27,100,ARG,Argentina
LR9O,-24.78,-65.42,100,ARG,Argentina
LR9P,-30.87,-68.98,100,ARG,Argentina
LR9Q,-33.3,-66.35,100,ARG,Argentina
LR9R,-28.43,-65.78,100,ARG,Argentina
LR9S,-29.43,-66.85,100,ARG,Argentina
LR9T,-23.75,-65.5,100,ARG,Argentina
LR9U,-36.62,-64.28,100,ARG,Argentina
LR9V,-40.8,-63.0,100,ARG,Argentina
LR9W,-43.3,-65.1,100,ARG,Argentina
LR9X,-50.43,-69.25,100,ARG,Argentina
LR9Y,-38.95,-68.07,100,ARG,Argentina
LS,-32.5,-62.13,100,ARG,Argentina
LS0A,-34.6,-58.38,100,ARG,Argentina
LS0D,-33.7,-61.0,100,ARG,Argentina
LS0F,-33.72,-62.23,100,ARG,Argentina
LS0G,-26.95,-58.72,100,ARG,Argentina
LS0H,-31.42,-64.18,100,ARG,Argentina
LS0I,-26.92,-54.52,100,ARG,Argentina
LS0J,-32.05,-60.28,100,ARG,Argentina
LS0K,-26.93,-65.33,100,ARG,Argentina
LS0L,-28.67,-57.63,100,ARG,Argentina
LS0M,-32.88,-68.85,100,ARG,Argentina
LS0N,-27.78,-64.27,100,ARG,Argentina
LS0O,-24.78,-65.42,100,ARG,Argentina
LS0P,-30.87,-68.98,100,ARG,Argentina
LS0Q,-33.3,-66.35,100,ARG,Argentina
LS0R,-28.43,-65.78,100,ARG,Argentina
LS0S,-29.43,-66.85,100,ARG,Argentina
LS0T,-23.75,-65.5,100,ARG,Argentina
LS0U,-36.62,-64.28,100,ARG,Argentina
LS0V,-40.8,-63.0,100,ARG,Argentina
LS0W,-43.3,-65.1,100,ARG,Argentina
LS0X,-50.43,-69.25,100,ARG,Argentina
LS0Y,-38.95,-68.07,100,ARG,Argentina
LS1A,-34.6,-58.38,100,ARG,Argentina
LS1D,-33.7,-61.0,100,ARG,Argentina
LS1F,-33.72,-62.23,100,ARG,Argentina
LS1G,-26.95,-58.72,100,ARG,Argentina
LS1H,-31.42,-64.18,100,ARG,Argentina
LS1I,-26.92,-54.52,100,ARG,Argentina
LS1J,-32.05,-60.28,100,ARG,Argentina
LS1K,-26.93,-65.33,100,ARG,Argentina
LS1L,-28.67,-57.63,100,ARG,Argentina
LS1M,-32.88,-68.85,100,ARG,Argentina
LS1N,-27.78,-64.27,100,ARG,Argentina
LS1O,-24.78,-65.42,100,ARG,Argentina
LS1P,-30.87,-68.98,100,ARG,Argentina
LS1Q,-33.3,-66.35,100,ARG,Argentina
LS1R,-28.43,-65.78,100,ARG,Argentina
LS1S,-29.43,-66.85,100,ARG,Argentina
LS1T,-23.75,-65.5,100,ARG,Argentina
LS1U,-36.62,-64.28,100,ARG,Argentina
LS1V,-40.8,-63.0,100,ARG,Argentina
LS1W,-43.3,-65.1,100,ARG,Argentina
LS1X,-50.43,-69.25,100,ARG,Argentina
LS1Y,-38.95,-68.07,100,ARG,Argentina
LS2A,-34.6,-58.38,100,ARG,Argentina
LS2D,-33.7,-61.0,100,ARG,Argentina
LS2F,-33.72,-62.23,100,ARG,Argentina
LS2G,-26.95,-58.72,100,ARG,Argentina
LS2H,-31.42,-64.18,100,ARG,Argentina
LS2I,-26.92,-54.52,100,ARG,Argentina
LS2J,-32.05,-60.28,100,ARG,Argentina
LS2K,-26.93,-65.33,100,ARG,Argentina
LS2L,-28.67,-57.63,100,ARG,Argentina
LS2M,-32.88,-68.85,100,ARG,Argentina
LS2N,-27.78,-64.27,100,ARG,Argentina
LS2O,-24.78,-65.42,100,ARG,Argentina
LS2P,-30.87,-68.98,100,ARG,Argentina
LS2Q,-33.3,-66.35,100,ARG,Argentina
LS2R,-28.43,-65.78,100,ARG,Argentina
LS2S,-29.43,-66.85,100,ARG,Argentina
LS2T,-23.75,-65.5,100,ARG,Argentina
LS2U,-36.62,-64.28,100,ARG,Argentina
LS2V,-40.8,-63.0,100,ARG,Argentina
LS2W,-43.3,-65.1,100,ARG,Argentina
LS2X,-50.43,-69.25,100,ARG,Argentina
LS2Y,-38.95,-68.07,100,ARG,Argentina
LS3A,-34.6,-58.38,100,ARG,Argentina
LS3D,-33.7,-61.0,100,ARG,Argentina
LS3F,-33.72,-62.23,100,ARG,Argentina
LS3G,-26.95,-58.72,100,ARG,Argentina
LS3H,-31.42,-64.18,100,ARG,Argentina
LS3I,-26.92,-54.52,100,ARG,Argentina
LS3J,-32.05,-60.28,100,ARG,Argentina
LS3K,-26.93,-65.33,100,ARG,Argentina
LS3L,-28.67,-57.63,100,ARG,Argentina
LS3M,-32.88,-68.85,100,ARG,Argentina
LS3N,-27.78,-64.27,100,ARG,Argentina
LS3O,-24.78,-65.42,100,ARG,Argentina
LS3P,-30.87,-68.98,100,ARG,Argentina
LS3Q,-33.3,-66.35,100,ARG,Argentina
LS3R,-28.43,-65.78,100,ARG,Argentina
LS3S,-29.43,-66.85,100,ARG,Argentina
LS3T,-23.75,-65.5,100,ARG,Argentina
LS3U,-36.62,-64.28,100,ARG,Argentina
LS3V,-40.8,-63.0,100,ARG,Argentina
LS3W,-43.3,-65.1,100,ARG,Argentina
LS3X,-50.43,-69.25,100,ARG,Argentina
LS3Y,-38.95,-68.07,100,ARG,Argentina
LS4A,-34.6,-58.38,100,ARG,Argentina
LS4D,-33.7,-61.0,100,ARG,Argentina
LS4F,-33.72,-62.23,100,ARG,Argentina
LS4G,-26.95,-58.72,100,ARG,Argentina
LS4H,-31.42,-64.18,100,ARG,Argentina
LS4I,-26.92,-54.52,100,ARG,Argentina
LS4J,-32.05,-60.28,100,ARG,Argentina
LS4K,-26.93,-65.33,100,ARG,Argentina
LS4L,-28.67,-57.63,100,ARG,Argentina
LS4M,-32.88,-68.85,100,ARG,Argentina
LS4N,-27.78,-64.27,100,ARG,Argentina
LS4O,-24.78,-65.42,100,ARG,Argentina
LS4P,-30.87,-68.98,100,ARG,Argentina
LS4Q,-33.3,-66.35,100,ARG,Argentina
LS4R,-28.43,-65.78,100,ARG,Argentina
LS4S,-29.43,-66.85,100,ARG,Argentina
LS4T,-23.75,-65.5,100,ARG,Argentina
LS4U,-36.62,-64.28,100,ARG,Argentina
LS4V,-40.8,-63.0,100,ARG,Argentina
LS4W,-43.3,-65.1,100,ARG,Argentina
LS4X,-50.43,-69.25,100,ARG,Argentina
LS4Y,-38.95,-68.07,100,ARG,Argentina
LS5A,-34.6,-58.38,100,ARG,Argentina
LS5D,-33.7,-61.0,100,ARG,Argentina
LS5F,-33.72,-62.23,100,ARG,Argentina
LS5G,-26.95,-58.72,100,ARG,Argentina
LS5H,-31.42,-64.18,100,ARG,Argentina
LS5I,-26.92,-54.52,100,ARG,Argentina
LS5J,-32.05,-60.28,100,ARG,Argentina
LS5K,-26.93,-65.33,100,ARG,Argentina
LS5L,-28.67,-57.63,100,ARG,Argentina
LS5M,-32.88,-68.85,100,ARG,Argentina
LS5N,-27.78,-64.27,100,ARG,Argentina
LS5O,-24.78,-65.42,100,ARG,Argentina
LS5P,-30.87,-68.98,100,ARG,Argentina
LS5Q,-33.3,-66.35,100,ARG,Argentina
LS5R,-28.43,-65.78,100,ARG,Argentina
LS5S,-29.43,-66.85,100,ARG,Argentina
LS5T,-23.75,-65.5,100,ARG,Argentina
LS5U,-36.62,-64.28,100,ARG,Argentina
LS5V,-40.8,-63.0,100,ARG,Argentina
LS5W,-43.3,-65.1,100,ARG,Argentina
LS5X,-50.43,-69.25,100,ARG,Argentina
LS5Y,-38.95,-68.07,100,ARG,Argentina
LS6A,-34.6,-58.38,100,ARG,Argentina
LS6D,-33.7,-61.0,100,ARG,Argentina
LS6F,-33.72,-62.23,100,ARG,Argentina
LS6G,-26.95,-58.72,100,ARG,Argentina
LS6H,-31.42,-64.18,100,ARG,Argentina
LS6I,-26.92,-54.52,100,ARG,Argentina
LS6J,-32.05,-60.28,100,ARG,Argentina
LS6K,-26.93,-65.33,100,ARG,Argentina
LS6L,-28.67,-57.63,100,ARG,Argentina
LS6M,-32.88,-68.85,100,ARG,Argentina
LS6N,-27.78,-64.27,100,ARG,Argentina
LS6O,-24.78,-65.42,100,ARG,Argentina
LS6P,-30.87,-68.98,100,ARG,Argentina
LS6Q,-33.3,-66.35,100,ARG,Argentina
LS6R,-28.43,-65.78,100,ARG,Argentina
LS6S,-29.43,-66.85,100,ARG,Argentina
LS6T,-23.75,-65.5,100,ARG,Argentina
LS6U,-36.62,-64.28,100,ARG,Argentina
LS6V,-40.8,-63.0,100,ARG,Argentina
LS6W,-43.3,-65.1,100,ARG,Argentina
LS6X,-50.43,-69.25,100,ARG,Argentina
LS6Y,-38.95,-68.07,100,ARG,Argentina
LS7A,-34.6,-58.38,100,ARG,Argentina
LS7D,-33.7,-61.0,100,ARG,Argentina
LS7F,-33.72,-62.23,100,ARG,Argentina
LS7G,-26.95,-58.72,100,ARG,Argentina
LS7H,-31.42,-64.18,100,ARG,Argentina
LS7I,-26.92,-54.52,100,ARG,Argentina
LS7J,-32.05,-60.28,100,ARG,Argentina
LS7K,-26.93,-65.33,100,ARG,Argentina
LS7L,-28.67,-57.63,100,ARG,Argentina
LS7M,-32.88,-68.85,100,ARG,Argentina
LS7N,-27.78,-64.27,100,ARG,Argentina
LS7O,-24.78,-65.42,100,ARG,Argentina
LS7P,-30.87,-68.98,100,ARG,Argentina
LS7Q,-33.3,-66.35,100,ARG,Argentina
LS7R,-28.43,-65.78,100,ARG,Argentina
LS7S,-29.43,-66.85,100,ARG,Argentina
LS7T,-23.75,-65.5,100,ARG,Argentina
LS7U,-36.62,-64.28,100,ARG,Argentina
LS7V,-40.8,-63.0,100,ARG,Argentina
LS7W,-43.3,-65.1,100,ARG,Argentina
LS7X,-50.43,-69.25,100,ARG,Argentina
LS7Y,-38.95,-68.07,100,ARG,Argentina
LS8A,-34.6,-58.38,100,ARG,Argentina
LS8D,-33.7,-61.0,100,ARG,Argentina
LS8F,-33.72,-62.23,100,ARG,Argentina
LS8G,-26.95,-58.72,100,ARG,Argentina
LS8H,-31.42,-64.18,100,ARG,Argentina
LS8I,-26.92,-54.52,100,ARG,Argentina
LS8J,-32.05,-60.28,100,ARG,Argentina
LS8K,-26.93,-65.33,100,ARG,Argentina
LS8L,-28.67,-57.63,100,ARG,Argentina
LS8M,-32.88,-68.85,100,ARG,Argentina
LS8N,-27.78,-64.27,100,ARG,Argentina
LS8O,-24.78,-65.42,100,ARG,Argentina
LS8P,-30.87,-68.98,100,ARG,Argentina
LS8Q,-33.3,-66.35,100,ARG,Argentina
LS8R,-28.43,-65.78,100,ARG,Argentina
LS8S,-29.43,-66.85,100,ARG,Argentina
LS8T,-23.75,-65.5,100,ARG,Argentina
LS8U,-36.62,-64.28,100,ARG,Argentina
LS8V,-40.8,-63.0,100,ARG,Argentina
LS8W,-43.3,-65.1,100,ARG,Argentina
LS8X,-50.43,-69.25,100,ARG,Argentina
LS8Y,-38.95,-68.07,100,ARG,Argentina
LS9A,-34.6,-58.38,100,ARG,Argentina
LS9D,-33.7,-61.0,100,ARG,Argentina
LS9F,-33.72,-62.23,100,ARG,Argentina
LS9G,-26.95,-58.72,100,ARG,Argentina
LS9H,-31.42,-64.18,100,ARG,Argentina
LS9I,-26.92,-54.52,100,ARG,Argentina
LS9J,-32.05,-60.28,100,ARG,Argentina
LS9K,-26.93,-65.33,100,ARG,Argentina
LS9L,-28.67,-57.63,100,ARG,Argentina
LS9M,-32.88,-68.85,100,ARG,Argentina
LS9N,-27.78,-64.27,100,ARG,Argentina
LS9O,-24.78,-65.42,100,ARG,Argentina
LS9P,-30.87,-68.98,100,ARG,Argentina
LS9Q,-33.3,-66.35,100,ARG,Argentina
LS9R,-28.43,-65.78,100,ARG,Argentina
LS9S,-29.43,-66.85,100,ARG,Argentina
LS9T,-23.75,-65.5,100,ARG,Argentina
LS9U,-36.62,-64.28,100,ARG,Argentina
LS9V,-40.8,-63.0,100,ARG,Argentina
LS9W,-43.3,-65.1,100,ARG,Argentina
LS9X,-50.43,-69.25,100,ARG,Argentina
LS9Y,-38.95,-68.07,100,ARG,Argentina
LT,-32.5,-62.13,100,ARG,Argentina
LT0A,-34.6,-58.38,100,ARG,Argentina
LT0D,-33.7,-61.0,100,ARG,Argentina
LT0F,-33.72,-62.23,100,ARG,Argentina
LT0G,-26.95,-58.72,100,ARG,Argentina
LT0H,-31.42,-64.18,100,ARG,Argentina
LT0I,-26.92,-54.52,100,ARG,Argentina
LT0J,-32.05,-60.28,100,ARG,Argentina
LT0K,-26.93,-65.33,100,ARG,Argentina
LT0L,-28.67,-57.63,100,ARG,Argentina
LT0M,-32.88,-68.85,100,ARG,Argentina
LT0N,-27.78,-64.27,100,ARG,Argentina
LT0O,-24.78,-65.42,100,ARG,Argentina
LT0P,-30.87,-68.98,100,ARG,Argentina
LT0Q,-33.3,-66.35,100,ARG,Argentina
LT0R,-28.43,-65.78,100,ARG,Argentina
LT0S,-29.43,-66.85,100,ARG,Argentina
LT0T,-23.75,-65.5,100,ARG,Argentina
LT0U,-36.62,-64.28,100,ARG,Argentina
LT0V,-40.8,-63.0,100,ARG,Argentina
LT0W,-43.3,-65.1,100,ARG,Argentina
LT0X,-50.43,-69.25,100,ARG,Argentina
LT0Y,-38.95,-68.07,100,ARG,Argentina
LT1A,-34.6,-58.38,100,ARG,Argentina
LT1D,-33.7,-61.0,100,ARG,Argentina
LT1F,-33.72,-62.23,100,ARG,Argentina
LT1G,-26.95,-58.72,100,ARG,Argentina
LT1H,-31.42,-64.18,100,ARG,Argentina
LT1I,-26.92,-54.52,100,ARG,Argentina
LT1J,-32.05,-60.28,100,ARG,Argentina
LT1K,-26.93,-65.33,100,ARG,Argentina
LT1L,-28.67,-57.63,100,ARG,Argentina
LT1M,-32.88,-68.85,100,ARG,Argentina
LT1N,-27.78,-64.27,100,ARG,Argentina
LT1O,-24.78,-65.42,100,ARG,Argentina
LT1P,-30.87,-68.98,100,ARG,Argentina
LT1Q,-33.3,-66.35,100,ARG,Argentina
LT1R,-28.43,-65.78,100,ARG,Argentina
LT1S,-29.43,-66.85,100,ARG,Argentina
LT1T,-23.75,-65.5,100,ARG,Argentina
LT1U,-36.62,-64.28,100,ARG,Argentina
LT1V,-40.8,-63.0,100,ARG,Argentina
LT1W,-43.3,-65.1,100,ARG,Argentina
LT1X,-50.43,-69.25,100,ARG,Argentina
LT1Y,-38.95,-68.07,100,ARG,Argentina
LT2A,-34.6,-58.38,100,ARG,Argentina
LT2D,-33.7,-61.0,100,ARG,Argentina
LT2F,-33.72,-62.23,100,ARG,Argentina
LT2G,-26.95,-58.72,100,ARG,Argentina
LT2H,-31.42,-64.18,100,ARG,Argentina
LT2I,-26.92,-54.52,100,ARG,Argentina
LT2J,-32.05,-60.28,100,ARG,Argentina
LT2K,-26.93,-65.33,100,ARG,Argentina
LT2L,-28.67,-57.63,100,ARG,Argentina
LT2M,-32.88,-68.85,100,ARG,Argentina
LT2N,-27.78,-64.27,100,ARG,Argentina
LT2O,-24.78,-65.42,100,ARG,Argentina
LT2P,-30.87,-68.98,100,ARG,Argentina
LT2Q,-33.3,-66.35,100,ARG,Argentina
LT2R,-28.43,-65.78,100,ARG,Argentina
LT2S,-29.43,-66.85,100,ARG,Argentina
LT2T,-23.75,-65.5,100,ARG,Argentina
LT2U,-36.62,-64.28,100,ARG,Argentina
LT2V,-40.8,-63.0,100,ARG,Argentina
LT2W,-43.3,-65.1,100,ARG,Argentina
LT2X,-50.43,-69.25,100,ARG,Argentina
LT2Y,-38.95,-68.07,100,ARG,Argentina
LT3A,-34.6,-58.38,100,ARG,Argentina
LT3D,-33.7,-61.0,100,ARG,Argentina
LT3F,-33.72,-62.23,100,ARG,Argentina
LT3G,-26.95,-58.72,100,ARG,Argentina
LT3H,-31.42,-64.18,100,ARG,Argentina
LT3I,-26.92,-54.52,100,ARG,Argentina
LT3J,-32.05,-60.28,100,ARG,Argentina
LT3K,-26.93,-65.33,100,ARG,Argentina
LT3L,-28.67,-57.63,100,ARG,Argentina
LT3M,-32.88,-68.85,100,ARG,Argentina
LT3N,-27.78,-64.27,100,ARG,Argentina
LT3O,-24.78,-65.42,100,ARG,Argentina
LT3P,-30.87,-68.98,100,ARG,Argentina
LT3Q,-33.3,-66.35,100,ARG,Argentina
LT3R,-28.43,-65.78,100,ARG,Argentina
LT3S,-29.43,-66.85,100,ARG,Argentina
LT3T,-23.75,-65.5,100,ARG,Argentina
LT3U,-36.62,-64.28,100,ARG,Argentina
LT3V,-40.8,-63.0,100,ARG,Argentina
LT3W,-43.3,-65.1,100,ARG,Argentina
LT3X,-50.43,-69.25,100,ARG,Argentina
LT3Y,-38.95,-68.07,100,ARG,Argentina
LT4A,-34.6,-58.38,100,ARG,Argentina
LT4D,-33.7,-61.0,100,ARG,Argentina
LT4F,-33.72,-62.23,100,ARG,Argentina
LT4G,-26.95,-58.72,100,ARG,Argentina
LT4H,-31.42,-64.18,100,ARG,Argentina
LT4I,-26.92,-54.52,100,ARG,Argentina
LT4J,-32.05,-60.28,100,ARG,Argentina
LT4K,-26.93,-65.33,100,ARG,Argentina
LT4L,-28.67,-57.63,100,ARG,Argentina
LT4M,-32.88,-68.85,100,ARG,Argentina
LT4N,-27.78,-64.27,100,ARG,Argentina
LT4O,-24.78,-65.42,100,ARG,Argentina
LT4P,-30.87,-68.98,100,ARG,Argentina
LT4Q,-33.3,-66.35,100,ARG,Argentina
LT4R,-28.43,-65.78,100,ARG,Argentina
LT4S,-29.43,-66.85,100,ARG,Argentina
LT4T,-23.75,-65.5,100,ARG,Argentina
LT4U,-36.62,-64.28,100,ARG,Argentina
LT4V,-40.8,-63.0,100,ARG,Argentina
LT4W,-43.3,-65.1,100,ARG,Argentina
LT4X,-50.43,-69.25,100,ARG,Argentina
LT4Y,-38.95,-68.07,100,ARG,Argentina
LT5A,-34.6,-58.38,100,ARG,Argentina
LT5D,-33.7,-61.0,100,ARG,Argentina
LT5F,-33.72,-62.23,100,ARG,Argentina
LT5G,-26.95,-58.72,100,ARG,Argentina
LT5H,-31.42,-64.18,100,ARG,Argentina
LT5I,-26.92,-54.52,100,ARG,Argentina
LT5J,-32.05,-60.28,100,ARG,Argentina
LT5K,-26.93,-65.33,100,ARG,Argentina
LT5L,-28.67,-57.63,100,ARG,Argentina
LT5M,-32.88,-68.85,100,ARG,Argentina
LT5N,-27.78,-64.27,100,ARG,Argentina
LT5O,-24.78,-65.42,100,ARG,Argentina
LT5P,-30.87,-68.98,100,ARG,Argentina
LT5Q,-33.3,-66.35,100,ARG,Argentina
LT5R,-28.43,-65.78,100,ARG,Argentina
LT5S,-29.43,-66.85,100,ARG,Argentina
LT5T,-23.75,-65.5,100,ARG,Argentina
LT5U,-36.62,-64.28,100,ARG,Argentina
LT5V,-40.8,-63.0,100,ARG,Argentina
LT5W,-43.3,-65.1,100,ARG,Argentina
LT5X,-50.43,-69.25,100,ARG,Argentina
LT5Y,-38.95,-68.07,100,ARG,Argentina
LT6A,-34.6,-58.38,100,ARG,Argentina
LT6D,-33.7,-61.0,100,ARG,Argentina
LT6F,-33.72,-62.23,100,ARG,Argentina
LT6G,-26.95,-58.72,100,ARG,Argentina
LT6H,-31.42,-64.18,100,ARG,Argentina
LT6I,-26.92,-54.52,100,ARG,Argentina
LT6J,-32.05,-60.28,100,ARG,Argentina
LT6K,-26.93,-65.33,100,ARG,Argentina
LT6L,-28.67,-57.63,100,ARG,Argentina
LT6M,-32.88,-68.85,100,ARG,Argentina
LT6N,-27.78,-64.27,100,ARG,Argentina
LT6O,-24.78,-65.42,100,ARG,Argentina
LT6P,-30.87,-68.98,100,ARG,Argentina
LT6Q,-33.3,-66.35,100,ARG,Argentina
LT6R,-28.43,-65.78,100,ARG,Argentina
LT6S,-29.43,-66.85,100,ARG,Argentina
LT6T,-23.75,-65.5,100,ARG,Argentina
LT6U,-36.62,-64.28,100,ARG,Argentina
LT6V,-40.8,-63.0,100,ARG,Argentina
LT6W,-43.3,-65.1,100,ARG,Argentina
LT6X,-50.43,-69.25,100,ARG,Argentina
LT6Y,-38.95,-68.07,100,ARG,Argentina
LT7A,-34.6,-58.38,100,ARG,Argentina
LT7D,-33.7,-61.0,100,ARG,Argentina
LT7F,-33.72,-62.23,100,ARG,Argentina
LT7G,-26.95,-58.72,100,ARG,Argentina
LT7H,-31.42,-64.18,100,ARG,Argentina
LT7I,-26.92,-54.52,100,ARG,Argentina
LT7J,-32.05,-60.28,100,ARG,Argentina
LT7K,-26.93,-65.33,100,ARG,Argentina
LT7L,-28.67,-57.63,100,ARG,Argentina
LT7M,-32.88,-68.85,100,ARG,Argentina
LT7N,-27.78,-64.27,100,ARG,Argentina
LT7O,-24.78,-65.42,100,ARG,Argentina
LT7P,-30.87,-68.98,100,ARG,Argentina
LT7Q,-33.3,-66.35,100,ARG,Argentina
LT7R,-28.43,-65.78,100,ARG,Argentina
LT7S,-29.43,-66.85,100,ARG,Argentina
LT7T,-23.75,-65.5,100,ARG,Argentina
LT7U,-36.62,-64.28,100,ARG,Argentina
LT7V,-40.8,-63.0,100,ARG,Argentina
LT7W,-43.3,-65.1,100,ARG,Argentina
LT7X,-50.43,-69.25,100,ARG,Argentina
LT7Y,-38.95,-68.07,100,ARG,Argentina
LT8A,-34.6,-58.38,100,ARG,Argentina
LT8D,-33.7,-61.0,100,ARG,Argentina
LT8F,-33.72,-62.23,100,ARG,Argentina
LT8G,-26.95,-58.72,100,ARG,Argentina
LT8H,-31.42,-64.18,100,ARG,Argentina
LT8I,-26.92,-54.52,100,ARG,Argentina
LT8J,-32.05,-60.28,100,ARG,Argentina
LT8K,-26.93,-65.33,100,ARG,Argentina
LT8L,-28.67,-57.63,100,ARG,Argentina
LT8M,-32.88,-68.85,100,ARG,Argentina
LT8N,-27.78,-64.27,100,ARG,Argentina
LT8O,-24.78,-65.42,100,ARG,Argentina
LT8P,-30.87,-68.98,100,ARG,Argentina
LT8Q,-33.3,-66.35,100,ARG,Argentina
LT8R,-28.43,-65.78,100,ARG,Argentina
LT8S,-29.43,-66.85,100,ARG,Argentina
LT8T,-23.75,-65.5,100,ARG,Argentina
LT8U,-36.62,-64.28,100,ARG,Argentina
LT8V,-40.8,-63.0,100,ARG,Argentina
LT8W,-43.3,-65.1,100,ARG,Argentina
LT8X,-50.43,-69.25,100,ARG,Argentina
LT8Y,-38.95,-68.07,100,ARG,Argentina
LT9A,-34.6,-58.38,100,ARG,Argentina
LT9D,-33.7,-61.0,100,ARG,Argentina
LT9F,-33.72,-62.23,100,ARG,Argentina
LT9G,-26.95,-58.72,100,ARG,Argentina
LT9H,-31.42,-64.18,100,ARG,Argentina
LT9I,-26.92,-54.52,100,ARG,Argentina
LT9J,-32.05,-60.28,100,ARG,Argentina
LT9K,-26.93,-65.33,100,ARG,Argentina
LT9L,-28.67,-57.63,100,ARG,Argentina
LT9M,-32.88,-68.85,100,ARG,Argentina
LT9N,-27.78,-64.27,100,ARG,Argentina
LT9O,-24.78,-65.42,100,ARG,Argentina
LT9P,-30.87,-68.98,100,ARG,Argentina
LT9Q,-33.3,-66.35,100,ARG,Argentina
LT9R,-28.43,-65.78,100,ARG,Argentina
LT9S,-29.43,-66.85,100,ARG,Argentina
LT9T,-23.75,-65.5,100,ARG,Argentina
LT9U,-36.62,-64.28,100,ARG,Argentina
LT9V,-40.8,-63.0,100,ARG,Argentina
LT9W,-43.3,-65.1,100,ARG,Argentina
LT9X,-50.43,-69.25,100,ARG,Argentina
LT9Y,-38.95,-68.07,100,ARG,Argentina
LU,-32.5,-62.13,100,ARG,Argentina
LU0A,-34.6,-58.38,100,ARG,Argentina
LU0D,-33.7,-61.0,100,ARG,Argentina
LU0F,-33.72,-62.23,100,ARG,Argentina
LU0G,-26.95,-58.72,100,ARG,Argentina
LU0H,-31.42,-64.18,100,ARG,Argentina
LU0I,-26.92,-54.52,100,ARG,Argentina
LU0J,-32.05,-60.28,100,ARG,Argentina
LU0K,-26.93,-65.33,100,ARG,Argentina
LU0L,-28.67,-57.63,100,ARG,Argentina
LU0M,-32.88,-68.85,100,ARG,Argentina
LU0N,-27.78,-64.27,100,ARG,Argentina
LU0O,-24.78,-65.42,100,ARG,Argentina
LU0P,-30.87,-68.98,100,ARG,Argentina
LU0Q,-33.3,-66.35,100,ARG,Argentina
LU0R,-28.43,-65.78,100,ARG,Argentina
LU0S,-29.43,-66.85,100,ARG,Argentina
LU0T,-23.75,-65.5,100,ARG,Argentina
LU0U,-36.62,-64.28,100,ARG,Argentina
LU0V,-40.8,-63.0,100,ARG,Argentina
LU0W,-43.3,-65.1,100,ARG,Argentina
LU0X,-50.43,-69.25,100,ARG,Argentina
LU0Y,-38.95,-68.07,100,ARG,Argentina
LU1A,-34.6,-58.38,100,ARG,Argentina
LU1D,-33.7,-61.0,100,ARG,Argentina
LU1F,-33.72,-62.23,100,ARG,Argentina
LU1G,-26.95,-58.72,100,ARG,Argentina
LU1H,-31.42,-64.18,100,ARG,Argentina
LU1I,-26.92,-54.52,100,ARG,Argentina
LU1J,-32.05,-60.28,100,ARG,Argentina
LU1K,-26.93,-65.33,100,ARG,Argentina
LU1L,-28.67,-57.63,100,ARG,Argentina
LU1M,-32.88,-68.85,100,ARG,Argentina
LU1N,-27.78,-64.27,100,ARG,Argentina
LU1O,-24.78,-65.42,100,ARG,Argentina
LU1P,-30.87,-68.98,100,ARG,Argentina
LU1Q,-33.3,-66.35,100,ARG,Argentina
LU1R,-28.43,-65.78,100,ARG,Argentina
LU1S,-29.43,-66.85,100,ARG,Argentina
LU1T,-23.75,-65.5,100,ARG,Argentina
LU1U,-36.62,-64.28,100,ARG,Argentina
LU1V,-40.8,-63.0,100,ARG,Argentina
LU1W,-43.3,-65.1,100,ARG,Argentina
LU1WGB/Z,-60.6,-45.55,238,SGS,South Orkney Is.
LU1X,-50.43,-69.25,100,ARG,Argentina
LU1Y,-38.95,-68.07,100,ARG,Argentina
LU1Z,-64.97,-60.07,13,ATA,Antarctica
LU2A,-34.6,-58.38,100,ARG,Argentina
LU2D,-33.7,-61.0,100,ARG,Argentina
LU2F,-33.72,-62.23,100,ARG,Argentina
LU2G,-26.95,-58.72,100,ARG,Argentina
LU2H,-31.42,-64.18,100,ARG,Argentina
LU2I,-26.92,-54.52,100,ARG,Argentina
LU2J,-32.05,-60.28,100,ARG,Argentina
LU2K,-26.93,-65.33,100,ARG,Argentina
LU2L,-28.67,-57.63,100,ARG,Argentina
LU2M,-32.88,-68.85,100,ARG,Argentina
LU2N,-27.78,-64.27,100,ARG,Argentina
LU2O,-24.78,-65.42,100,ARG,Argentina
LU2P,-30.87,-68.98,100,ARG,Argentina
LU2Q,-33.3,-66.35,100,ARG,Argentina
LU2R,-28.43,-65.78,100,ARG,Argentina
LU2S,-29.43,-66.85,100,ARG,Argentina
LU2T,-23.75,-65.5,100,ARG,Argentina
LU2U,-36.62,-64.28,100,ARG,Argentina
LU2V,-40.8,-63.0,100,ARG,Argentina
LU2W,-43.3,-65.1,100,ARG,Argentina
LU2X,-50.43,-69.25,100,ARG,Argentina
LU2Y,-38.95,-68.07,100,ARG,Argentina
LU2Z,-64.97,-60.07,13,ATA,Antarctica
LU3A,-34.6,-58.38,100,ARG,Argentina
LU3D,-33.7,-61.0,100,ARG,Argentina
LU3F,-33.72,-62.23,100,ARG,Argentina
LU3G,-26.95,-58.72,100,ARG,Argentina
LU3H,-31.42,-64.18,100,ARG,Argentina
LU3I,-26.92,-54.52,100,ARG,Argentina
LU3J,-32.05,-60.28,100,ARG,Argentina
LU3K,-26.93,-65.33,100,ARG,Argentina
LU3L,-28.67,-57.63,100,ARG,Argentina
LU3M,-32.88,-68.85,100,ARG,Argentina
LU3N,-27.78,-64.27,100,ARG,Argentina
LU3O,-24.78,-65.42,100,ARG,Argentina
LU3P,-30.87,-68.98,100,ARG,Argentina
LU3Q,-33.3,-66.35,100,ARG,Argentina
LU3R,-28.43,-65.78,100,ARG,Argentina
LU3S,-29.43,-66.85,100,ARG,Argentina
LU3T,-23.75,-65.5,100,ARG,Argentina
LU3U,-36.62,-64.28,100,ARG,Argentina
LU3V,-40.8,-63.0,100,ARG,Argentina
LU3W,-43.3,-65.1,100,ARG,Argentina
LU3X,-50.43,-69.25,100,ARG,Argentina
LU3Y,-38.95,-68.07,100,ARG,Argentina
LU3Z,-64.97,-60.07,13,ATA,Antarctica
LU4A,-34.6,-58.38,100,ARG,Argentina
LU4D,-33.7,-61.0,100,ARG,Argentina
LU4F,-33.72,-62.23,100,ARG,Argentina
LU4G,-26.95,-58.72,100,ARG,Argentina
LU4H,-31.42,-64.18,100,ARG,Argentina
LU4I,-26.92,-54.52,100,ARG,Argentina
LU4J,-32.05,-60.28,100,ARG,Argentina
LU4K,-26.93,-65.33,100,ARG,Argentina
LU4L,-28.67,-57.63,100,ARG,Argentina
LU4M,-32.88,-68.85,100,ARG,Argentina
LU4N,-27.78,-64.27,100,ARG,Argentina
LU4O,-24.78,-65.42,100,ARG,Argentina
LU4P,-30.87,-68.98,100,ARG,Argentina
LU4Q,-33.3,-66.35,100,ARG,Argentina
LU4R,-28.43,-65.78,100,ARG,Argentina
LU4S,-29.43,-66.85,100,ARG,Argentina
LU4T,-23.75,-65.5,100,ARG,Argentina
LU4U,-36.62,-64.28,100,ARG,Argentina
LU4V,-40.8,-63.0,100,ARG,Argentina
LU4W,-43.3,-65.1,100,ARG,Argentina
LU4X,-50.43,-69.25,100,ARG,Argentina
LU4Y,-38.95,-68.07,100,ARG,Argentina
LU4Z,-64.97,-60.07,13,ATA,Antarctica
LU5A,-34.6,-58.38,100,ARG,Argentina
LU5D,-33.7,-61.0,100,ARG,Argentina
LU5F,-33.72,-62.23,100,ARG,Argentina
LU5G,-26.95,-58.72,100,ARG,Argentina
LU5H,-31.42,-64.18,100,ARG,Argentina
LU5I,-26.92,-54.52,100,ARG,Argentina
LU5J,-32.05,-60.28,100,ARG,Argentina
LU5K,-26.93,-65.33,100,ARG,Argentina
LU5L,-28.67,-57.63,100,ARG,Argentina
LU5M,-32.88,-68.85,100,ARG,Argentina
LU5N,-27.78,-64.27,100,ARG,Argentina
LU5O,-24.78,-65.42,100,ARG,Argentina
LU5P,-30.87,-68.98,100,ARG,Argentina
LU5Q,-33.3,-66.35,100,ARG,Argentina
LU5R,-28.43,-65.78,100,ARG,Argentina
LU5S,-29.43,-66.85,100,ARG,Argentina
LU5T,-23.75,-65.5,100,ARG,Argentina
LU5U,-36.62,-64.28,100,ARG,Argentina
LU5V,-40.8,-63.0,100,ARG,Argentina
LU5W,-43.3,-65.1,100,ARG,Argentina
LU5X,-50.43,-69.25,100,ARG,Argentina
LU5Y,-38.95,-68.07,100,ARG,Argentina
LU5Z,-64.97,-60.07,13,ATA,Antarctica
LU6A,-34.6,-58.38,100,ARG,Argentina
LU6D,-33.7,-61.0,100,ARG,Argentina
LU6F,-33.72,-62.23,100,ARG,Argentina
LU6G,-26.95,-58.72,100,ARG,Argentina
LU6H,-31.42,-64.18,100,ARG,Argentina
LU6I,-26.92,-54.52,100,ARG,Argentina
LU6J,-32.05,-60.28,100,ARG,Argentina
LU6K,-26.93,-65.33,100,ARG,Argentina
LU6L,-28.67,-57.63,100,ARG,Argentina
LU6M,-32.88,-68.85,100,ARG,Argentina
LU6N,-27.78,-64.27,100,ARG,Argentina
LU6O,-24.78,-65.42,100,ARG,Argentina
LU6P,-30.87,-68.98,100,ARG,Argentina
LU6Q,-33.3,-66.35,100,ARG,Argentina
LU6R,-28.43,-65.78,100,ARG,Argentina
LU6S,-29.43,-66.85,100,ARG,Argentina
LU6T,-23.75,-65.5,100,ARG,Argentina
LU6U,-36.62,-64.28,100,ARG,Argentina
LU6V,-40.8,-63.0,100,ARG,Argentina
LU6W,-43.3,-65.1,100,ARG,Argentina
LU6X,-50.43,-69.25,100,ARG,Argentina
LU6Y,-38.95,-68.07,100,ARG,Argentina
LU6Z,-64.97,-60.07,13,ATA,Antarctica
LU7A,-34.6,-58.38,100,ARG,Argentina
LU7D,-33.7,-61.0,100,ARG,Argentina
LU7F,-33.72,-62.23,100,ARG,Argentina
LU7G,-26.95,-58.72,100,ARG,Argentina
LU7H,-31.42,-64.18,100,ARG,Argentina
LU7I,-26.92,-54.52,100,ARG,Argentina
LU7J,-32.05,-60.28,100,ARG,Argentina
LU7K,-26.93,-65.33,100,ARG,Argentina
LU7L,-28.67,-57.63,100,ARG,Argentina
LU7M,-32.88,-68.85,100,ARG,Argentina
LU7N,-27.78,-64.27,100,ARG,Argentina
LU7O,-24.78,-65.42,100,ARG,Argentina
LU7P,-30.87,-68.98,100,ARG,Argentina
LU7Q,-33.3,-66.35,100,ARG,Argentina
LU7R,-28.43,-65.78,100,ARG,Argentina
LU7S,-29.43,-66.85,100,ARG,Argentina
LU7T,-23.75,-65.5,100,ARG,Argentina
LU7U,-36.62,-64.28,100,ARG,Argentina
LU7V,-40.8,-63.0,100,ARG,Argentina
LU7W,-43.3,-65.1,100,ARG,Argentina
LU7X,-50.43,-69.25,100,ARG,Argentina
LU7Y,-38.95,-68.07,100,ARG,Argentina
LU7Z,-64.97,-60.07,13,ATA,Antarctica
LU8A,-34.6,-58.38,100,ARG,Argentina
LU8D,-33.7,-61.0,100,ARG,Argentina
LU8F,-33.72,-62.23,100,ARG,Argentina
LU8G,-26.95,-58.72,100,ARG,Argentina
LU8H,-31.42,-64.18,100,ARG,Argentina
LU8I,-26.92,-54.52,100,ARG,Argentina
LU8J,-32.05,-60.28,100,ARG,Argentina
LU8K,-26.93,-65.33,100,ARG,Argentina
LU8L,-28.67,-57.63,100,ARG,Argentina
LU8M,-32.88,-68.85,100,ARG,Argentina
LU8N,-27.78,-64.27,100,ARG,Argentina
LU8O,-24.78,-65.42,100,ARG,Argentina
LU8P,-30.87,-68.98,100,ARG,Argentina
LU8Q,-33.3,-66.35,100,ARG,Argentina
LU8R,-28.43,-65.78,100,ARG,Argentina
LU8S,-29.43,-66.85,100,ARG,Argentina
LU8T,-23.75,-65.5,100,ARG,Argentina
LU8U,-36.62,-64.28,100,ARG,Argentina
LU8V,-40.8,-63.0,100,ARG,Argentina
LU8W,-43.3,-65.1,100,ARG,Argentina
LU8X,-50.43,-69.25,100,ARG,Argentina
LU8Y,-38.95,-68.07,100,ARG,Argentina
LU8Z,-64.97,-60.07,13,ATA,Antarctica
LU9A,-34.6,-58.38,100,ARG,Argentina
LU9D,-33.7,-61.0,100,ARG,Argentina
LU9F,-33.72,-62.23,100,ARG,Argentina
LU9G,-26.95,-58.72,100,ARG,Argentina
LU9H,-31.42,-64.18,100,ARG,Argentina
LU9I,-26.92,-54.52,100,ARG,Argentina
LU9J,-32.05,-60.28,100,ARG,Argentina
LU9K,-26.93,-65.33,100,ARG,Argentina
LU9L,-28.67,-57.63,100,ARG,Argentina
LU9M,-32.88,-68.85,100,ARG,Argentina
LU9N,-27.78,-64.27,100,ARG,Argentina
LU9O,-24.78,-65.42,100,ARG,Argentina
LU9P,-30.87,-68.98,100,ARG,Argentina
LU9Q,-33.3,-66.35,100,ARG,Argentina
LU9R,-28.43,-65.78,100,ARG,Argentina
LU9S,-29.43,-66.85,100,ARG,Argentina
LU9T,-23.75,-65.5,100,ARG,Argentina
LU9U,-36.62,-64.28,100,ARG,Argentina
LU9V,-40.8,-63.0,100,ARG,Argentina
LU9W,-43.3,-65.1,100,ARG,Argentina
LU9X,-50.43,-69.25,100,ARG,Argentina
LU9Y,-38.95,-68.07,100,ARG,Argentina
LU9Z,-64.97,-60.07,13,ATA,Antarctica
LV,-32.5,-62.13,100,ARG,Argentina
LV0A,-34.6,-58.38,100,ARG,Argentina
LV0D,-33.7,-61.0,100,ARG,Argentina
LV0F,-33.72,-62.23,100,ARG,Argentina
LV0G,-26.95,-58.72,100,ARG,Argentina
LV0H,-31.42,-64.18,100,ARG,Argentina
LV0I,-26.92,-54.52,100,ARG,Argentina
LV0J,-32.05,-60.28,100,ARG,Argentina
LV0K,-26.93,-65.33,100,ARG,Argentina
LV0L,-28.67,-57.63,100,ARG,Argentina
LV0M,-32.88,-68.85,100,ARG,Argentina
LV0N,-27.78,-64.27,100,ARG,Argentina
LV0O,-24.78,-65.42,100,ARG,Argentina
LV0P,-30.87,-68.98,100,ARG,Argentina
LV0Q,-33.3,-66.35,100,ARG,Argentina
LV0R,-28.43,-65.78,100,ARG,Argentina
LV0S,-29.43,-66.85,100,ARG,Argentina
LV0T,-23.75,-65.5,100,ARG,Argentina
LV0U,-36.62,-64.28,100,ARG,Argentina
LV0V,-40.8,-63.0,100,ARG,Argentina
LV0W,-43.3,-65.1,100,ARG,Argentina
LV0X,-50.43,-69.25,100,ARG,Argentina
LV0Y,-38.95,-68.07,100,ARG,Argentina
LV1A,-34.6,-58.38,100,ARG,Argentina
LV1D,-33.7,-61.0,100,ARG,Argentina
LV1F,-33.72,-62.23,100,ARG,Argentina
LV1G,-26.95,-58.72,100,ARG,Argentina
LV1H,-31.42,-64.18,100,ARG,Argentina
LV1I,-26.92,-54.52,100,ARG,Argentina
LV1J,-32.05,-60.28,100,ARG,Argentina
LV1K,-26.93,-65.33,100,ARG,Argentina
LV1L,-28.67,-57.63,100,ARG,Argentina
LV1M,-32.88,-68.85,100,ARG,Argentina
LV1N,-27.78,-64.27,100,ARG,Argentina
LV1O,-24.78,-65.42,100,ARG,Argentina
LV1P,-30.87,-68.98,100,ARG,Argentina
LV1Q,-33.3,-66.35,100,ARG,Argentina
LV1R,-28.43,-65.78,100,ARG,Argentina
LV1S,-29.43,-66.85,100,ARG,Argentina
LV1T,-23.75,-65.5,100,ARG,Argentina
LV1U,-36.62,-64.28,100,ARG,Argentina
LV1V,-40.8,-63.0,100,ARG,Argentina
LV1W,-43.3,-65.1,100,ARG,Argentina
LV1X,-50.43,-69.25,100,ARG,Argentina
LV1Y,-38.95,-68.07,100,ARG,Argentina
LV2A,-34.6,-58.38,100,ARG,Argentina
LV2D,-33.7,-61.0,100,ARG,Argentina
LV2F,-33.72,-62.23,100,ARG,Argentina
LV2G,-26.95,-58.72,100,ARG,Argentina
LV2H,-31.42,-64.18,100,ARG,Argentina
LV2I,-26.92,-54.52,100,ARG,Argentina
LV2J,-32.05,-60.28,100,ARG,Argentina
LV2K,-26.93,-65.33,100,ARG,Argentina
LV2L,-28.67,-57.63,100,ARG,Argentina
LV2M,-32.88,-68.85,100,ARG,Argentina
LV2N,-27.78,-64.27,100,ARG,Argentina
LV2O,-24.78,-65.42,100,ARG,Argentina
LV2P,-30.87,-68.98,100,ARG,Argentina
LV2Q,-33.3,-66.35,100,ARG,Argentina
LV2R,-28.43,-65.78,100,ARG,Argentina
LV2S,-29.43,-66.85,100,ARG,Argentina
LV2T,-23.75,-65.5,100,ARG,Argentina
LV2U,-36.62,-64.28,100,ARG,Argentina
LV2V,-40.8,-63.0,100,ARG,Argentina
LV2W,-43.3,-65.1,100,ARG,Argentina
LV2X,-50.43,-69.25,100,ARG,Argentina
LV2Y,-38.95,-68.07,100,ARG,Argentina
LV3A,-34.6,-58.38,100,ARG,Argentina
LV3D,-33.7,-61.0,100,ARG,Argentina
LV3F,-33.72,-62.23,100,ARG,Argentina
LV3G,-26.95,-58.72,100,ARG,Argentina
LV3H,-31.42,-64.18,100,ARG,Argentina
LV3I,-26.92,-54.52,100,ARG,Argentina
LV3J,-32.05,-60.28,100,ARG,Argentina
LV3K,-26.93,-65.33,100,ARG,Argentina
LV3L,-28.67,-57.63,100,ARG,Argentina
LV3M,-32.88,-68.85,100,ARG,Argentina
LV3N,-27.78,-64.27,100,ARG,Argentina
LV3O,-24.78,-65.42,100,ARG,Argentina
LV3P,-30.87,-68.98,100,ARG,Argentina
LV3Q,-33.3,-66.35,100,ARG,Argentina
LV3R,-28.43,-65.78,100,ARG,Argentina
LV3S,-29.43,-66.85,100,ARG,Argentina
LV3T,-23.75,-65.5,100,ARG,Argentina
LV3U,-36.62,-64.28,100,ARG,Argentina
LV3V,-40.8,-63.0,100,ARG,Argentina
LV3W,-43.3,-65.1,100,ARG,Argentina
LV3X,-50.43,-69.25,100,ARG,Argentina
LV3Y,-38.95,-68.07,100,ARG,Argentina
LV4A,-34.6,-58.38,100,ARG,Argentina
LV4D,-33.7,-61.0,100,ARG,Argentina
LV4F,-33.72,-62.23,100,ARG,Argentina
LV4G,-26.95,-58.72,100,ARG,Argentina
LV4H,-31.42,-64.18,100,ARG,Argentina
LV4I,-26.92,-54.52,100,ARG,Argentina
LV4J,-32.05,-60.28,100,ARG,Argentina
LV4K,-26.93,-65.33,100,ARG,Argentina
LV4L,-28.67,-57.63,100,ARG,Argentina
LV4M,-32.88,-68.85,100,ARG,Argentina
LV4N,-27.78,-64.27,100,ARG,Argentina
LV4O,-24.78,-65.42,100,ARG,Argentina
LV4P,-30.87,-68.98,100,ARG,Argentina
LV4Q,-33.3,-66.35,100,ARG,Argentina
LV4R,-28.43,-65.78,100,ARG,Argentina
LV4S,-29.43,-66.85,100,ARG,Argentina
LV4T,-23.75,-65.5,100,ARG,Argentina
LV4U,-36.62,-64.28,100,ARG,Argentina
LV4V,-40.8,-63.0,100,ARG,Argentina
LV4W,-43.3,-65.1,100,ARG,Argentina
LV4X,-50.43,-69.25,100,ARG,Argentina
LV4Y,-38.95,-68.07,100,ARG,Argentina
LV5A,-34.6,-58.38,100,ARG,Argentina
LV5D,-33.7,-61.0,100,ARG,Argentina
LV5F,-33.72,-62.23,100,ARG,Argentina
LV5G,-26.95,-58.72,100,ARG,Argentina
LV5H,-31.42,-64.18,100,ARG,Argentina
LV5I,-26.92,-54.52,100,ARG,Argentina
LV5J,-32.05,-60.28,100,ARG,Argentina
LV5K,-26.93,-65.33,100,ARG,Argentina
LV5L,-28.67,-57.63,100,ARG,Argentina
LV5M,-32.88,-68.85,100,ARG,Argentina
LV5N,-27.78,-64.27,100,ARG,Argentina
LV5O,-24.78,-65.42,100,ARG,Argentina
LV5P,-30.87,-68.98,100,ARG,Argentina
LV5Q,-33.3,-66.35,100,ARG,Argentina
LV5R,-28.43,-65.78,100,ARG,Argentina
LV5S,-29.43,-66.85,100,ARG,Argentina
LV5T,-23.75,-65.5,100,ARG,Argentina
LV5U,-36.62,-64.28,100,ARG,Argentina
LV5V,-40.8,-63.0,100,ARG,Argentina
LV5W,-43.3,-65.1,100,ARG,Argentina
LV5X,-50.43,-69.25,100,ARG,Argentina
LV5Y,-38.95,-68.07,100,ARG,Argentina
LV6A,-34.6,-58.38,100,ARG,Argentina
LV6D,-33.7,-61.0,100,ARG,Argentina
LV6F,-33.72,-62.23,100,ARG,Argentina
LV6G,-26.95,-58.72,100,ARG,Argentina
LV6H,-31.42,-64.18,100,ARG,Argentina
LV6I,-26.92,-54.52,100,ARG,Argentina
LV6J,-32.05,-60.28,100,ARG,Argentina
LV6K,-26.93,-65.33,100,ARG,Argentina
LV6L,-28.67,-57.63,100,ARG,Argentina
LV6M,-32.88,-68.85,100,ARG,Argentina
LV6N,-27.78,-64.27,100,ARG,Argentina
LV6O,-24.78,-65.42,100,ARG,Argentina
LV6P,-30.87,-68.98,100,ARG,Argentina
LV6Q,-33.3,-66.35,100,ARG,Argentina
LV6R,-28.43,-65.78,100,ARG,Argentina
LV6S,-29.43,-66.85,100,ARG,Argentina
LV6T,-23.75,-65.5,100,ARG,Argentina
LV6U,-36.62,-64.28,100,ARG,Argentina
LV6V,-40.8,-63.0,100,ARG,Argentina
LV6W,-43.3,-65.1,100,ARG,Argentina
LV6X,-50.43,-69.25,100,ARG,Argentina
LV6Y,-38.95,-68.07,100,ARG,Argentina
LV7A,-34.6,-58.38,100,ARG,Argentina
LV7D,-33.7,-61.0,100,ARG,Argentina
LV7F,-33.72,-62.23,100,ARG,Argentina
LV7G,-26.95,-58.72,100,ARG,Argentina
LV7H,-31.42,-64.18,100,ARG,Argentina
LV7I,-26.92,-54.52,100,ARG,Argentina
LV7J,-32.05,-60.28,100,ARG,Argentina
LV7K,-26.93,-65.33,100,ARG,Argentina
LV7L,-28.67,-57.63,100,ARG,Argentina
LV7M,-32.88,-68.85,100,ARG,Argentina
LV7N,-27.78,-64.27,100,ARG,Argentina
LV7O,-24.78,-65.42,100,ARG,Argentina
LV7P,-30.87,-68.98,100,ARG,Argentina
LV7Q,-33.3,-66.35,100,ARG,Argentina
LV7R,-28.43,-65.78,100,ARG,Argentina
LV7S,-29.43,-66.85,100,ARG,Argentina
LV7T,-23.75,-65.5,100,ARG,Argentina
LV7U,-36.62,-64.28,100,ARG,Argentina
LV7V,-40.8,-63.0,100,ARG,Argentina
LV7W,-43.3,-65.1,100,ARG,Argentina
LV7X,-50.43,-69.25,100,ARG,Argentina
LV7Y,-38.95,-68.07,100,ARG,Argentina
LV8A,-34.6,-58.38,100,ARG,Argentina
LV8D,-33.7,-61.0,100,ARG,Argentina
LV8F,-33.72,-62.23,100,ARG,Argentina
LV8G,-26.95,-58.72,100,ARG,Argentina
LV8H,-31.42,-64.18,100,ARG,Argentina
LV8I,-26.92,-54.52,100,ARG,Argentina
LV8J,-32.05,-60.28,100,ARG,Argentina
LV8K,-26.93,-65.33,100,ARG,Argentina
LV8L,-28.67,-57.63,100,ARG,Argentina
LV8M,-32.88,-68.85,100,ARG,Argentina
LV8N,-27.78,-64.27,100,ARG,Argentina
LV8O,-24.78,-65.42,100,ARG,Argentina
LV8P,-30.87,-68.98,100,ARG,Argentina
LV8Q,-33.3,-66.35,100,ARG,Argentina
LV8R,-28.43,-65.78,100,ARG,Argentina
LV8S,-29.43,-66.85,100,ARG,Argentina
LV8T,-23.75,-65.5,100,ARG,Argentina
LV8U,-36.62,-64.28,100,ARG,Argentina
LV8V,-40.8,-63.0,100,ARG,Argentina
LV8W,-43.3,-65.1,100,ARG,Argentina
LV8X,-50.43,-69.25,100,ARG,Argentina
LV8Y,-38.95,-68.07,100,ARG,Argentina
LV9A,-34.6,-58.38,100,ARG,Argentina
LV9D,-33.7,-61.0,100,ARG,Argentina
LV9F,-33.72,-62.23,100,ARG,Argentina
LV9G,-26.95,-58.72,100,ARG,Argentina
LV9H,-31.42,-64.18,100,ARG,Argentina
LV9I,-26.92,-54.52,100,ARG,Argentina
LV9J,-32.05,-60.28,100,ARG,Argentina
LV9K,-26.93,-65.33,100,ARG,Argentina
LV9L,-28.67,-57.63,100,ARG,Argentina
LV9M,-32.88,-68.85,100,ARG,Argentina
LV9N,-27.78,-64.27,100,ARG,Argentina
LV9O,-24.78,-65.42,100,ARG,Argentina
LV9P,-30.87,-68.98,100,ARG,Argentina
LV9Q,-33.3,-66.35,100,ARG,Argentina
LV9R,-28.43,-65.78,100,ARG,Argentina
LV9S,-29.43,-66.85,100,ARG,Argentina
LV9T,-23.75,-65.5,100,ARG,Argentina
LV9U,-36.62,-64.28,100,ARG,Argentina
LV9V,-40.8,-63.0,100,ARG,Argentina
LV9W,-43.3,-65.1,100,ARG,Argentina
LV9X,-50.43,-69.25,100,ARG,Argentina
LV9Y,-38.95,-68.07,100,ARG,Argentina
LW,-32.5,-62.13,100,ARG,Argentina
LW0A,-34.6,-58.38,100,ARG,Argentina
LW0D,-33.7,-61.0,100,ARG,Argentina
LW0F,-33.72,-62.23,100,ARG,Argentina
LW0G,-26.95,-58.72,100,ARG,Argentina
LW0H,-31.42,-64.18,100,ARG,Argentina
LW0I,-26.92,-54.52,100,ARG,Argentina
LW0J,-32.05,-60.28,100,ARG,Argentina
LW0K,-26.93,-65.33,100,ARG,Argentina
LW0L,-28.67,-57.63,100,ARG,Argentina
LW0M,-32.88,-68.85,100,ARG,Argentina
LW0N,-27.78,-64.27,100,ARG,Argentina
LW0O,-24.78,-65.42,100,ARG,Argentina
LW0P,-30.87,-68.98,100,ARG,Argentina
LW0Q,-33.3,-66.35,100,ARG,Argentina
LW0R,-28.43,-65.78,100,ARG,Argentina
LW0S,-29.43,-66.85,100,ARG,Argentina
LW0T,-23.75,-65.5,100,ARG,Argentina
LW0U,-36.62,-64.28,100,ARG,Argentina
LW0V,-40.8,-63.0,100,ARG,Argentina
LW0W,-43.3,-65.1,100,ARG,Argentina
LW0X,-50.43,-69.25,100,ARG,Argentina
LW0Y,-38.95,-68.07,100,ARG,Argentina
LW1A,-34.6,-58.38,100,ARG,Argentina
LW1D,-33.7,-61.0,100,ARG,Argentina
LW1F,-33.72,-62.23,100,ARG,Argentina
LW1G,-26.95,-58.72,100,ARG,Argentina
LW1H,-31.42,-64.18,100,ARG,Argentina
LW1I,-26.92,-54.52,100,ARG,Argentina
LW1J,-32.05,-60.28,100,ARG,Argentina
LW1K,-26.93,-65.33,100,ARG,Argentina
LW1L,-28.67,-57.63,100,ARG,Argentina
LW1M,-32.88,-68.85,100,ARG,Argentina
LW1N,-27.78,-64.27,100,ARG,Argentina
LW1O,-24.78,-65.42,100,ARG,Argentina
LW1P,-30.87,-68.98,100,ARG,Argentina
LW1Q,-33.3,-66.35,100,ARG,Argentina
LW1R,-28.43,-65.78,100,ARG,Argentina
LW1S,-29.43,-66.85,100,ARG,Argentina
LW1T,-23.75,-65.5,100,ARG,Argentina
LW1U,-36.62,-64.28,100,ARG,Argentina
LW1V,-40.8,-63.0,100,ARG,Argentina
LW1W,-43.3,-65.1,100,ARG,Argentina
LW1X,-50.43,-69.25,100,ARG,Argentina
LW1Y,-38.95,-68.07,100,ARG,Argentina
LW2A,-34.6,-58.38,100,ARG,Argentina
LW2D,-33.7,-61.0,100,ARG,Argentina
LW2F,-33.72,-62.23,100,ARG,Argentina
LW2G,-26.95,-58.72,100,ARG,Argentina
LW2H,-31.42,-64.18,100,ARG,Argentina
LW2I,-26.92,-54.52,100,ARG,Argentina
LW2J,-32.05,-60.28,100,ARG,Argentina
LW2K,-26.93,-65.33,100,ARG,Argentina
LW2L,-28.67,-57.63,100,ARG,Argentina
LW2M,-32.88,-68.85,100,ARG,Argentina
LW2N,-27.78,-64.27,100,ARG,Argentina
LW2O,-24.78,-65.42,100,ARG,Argentina
LW2P,-30.87,-68.98,100,ARG,Argentina
LW2Q,-33.3,-66.35,100,ARG,Argentina
LW2R,-28.43,-65.78,100,ARG,Argentina
LW2S,-29.43,-66.85,100,ARG,Argentina
LW2T,-23.75,-65.5,100,ARG,Argentina
LW2U,-36.62,-64.28,100,ARG,Argentina
LW2V,-40.8,-63.0,100,ARG,Argentina
LW2W,-43.3,-65.1,100,ARG,Argentina
LW2X,-50.43,-69.25,100,ARG,Argentina
LW2Y,-38.95,-68.07,100,ARG,Argentina
LW3A,-34.6,-58.38,100,ARG,Argentina
LW3D,-33.7,-61.0,100,ARG,Argentina
LW3F,-33.72,-62.23,100,ARG,Argentina
LW3G,-26.95,-58.72,100,ARG,Argentina
LW3H,-31.42,-64.18,100,ARG,Argentina
LW3I,-26.92,-54.52,100,ARG,Argentina
LW3J,-32.05,-60.28,100,ARG,Argentina
LW3K,-26.93,-65.33,100,ARG,Argentina
LW3L,-28.67,-57.63,100,ARG,Argentina
LW3M,-32.88,-68.85,100,ARG,Argentina
LW3N,-27.78,-64.27,100,ARG,Argentina
LW3O,-24.78,-65.42,100,ARG,Argentina
LW3P,-30.87,-68.98,100,ARG,Argentina
LW3Q,-33.3,-66.35,100,ARG,Argentina
LW3R,-28.43,-65.78,100,ARG,Argentina
LW3S,-29.43,-66.85,100,ARG,Argentina
LW3T,-23.75,-65.5,100,ARG,Argentina
LW3U,-36.62,-64.28,100,ARG,Argentina
LW3V,-40.8,-63.0,100,ARG,Argentina
LW3W,-43.3,-65.1,100,ARG,Argentina
LW3X,-50.43,-69.25,100,ARG,Argentina
LW3Y,-38.95,-68.07,100,ARG,Argentina
LW4A,-34.6,-58.38,100,ARG,Argentina
LW4D,-33.7,-61.0,100,ARG,Argentina
LW4F,-33.72,-62.23,100,ARG,Argentina
LW4G,-26.95,-58.72,100,ARG,Argentina
LW4H,-31.42,-64.18,100,ARG,Argentina
LW4I,-26.92,-54.52,100,ARG,Argentina
LW4J,-32.05,-60.28,100,ARG,Argentina
LW4K,-26.93,-65.33,100,ARG,Argentina
LW4L,-28.67,-57.63,100,ARG,Argentina
LW4M,-32.88,-68.85,100,ARG,Argentina
LW4N,-27.78,-64.27,100,ARG,Argentina
LW4O,-24.78,-65.42,100,ARG,Argentina
LW4P,-30.87,-68.98,100,ARG,Argentina
LW4Q,-33.3,-66.35,100,ARG,Argentina
LW4R,-28.43,-65.78,100,ARG,Argentina
LW4S,-29.43,-66.85,100,ARG,Argentina
LW4T,-23.75,-65.5,100,ARG,Argentina
LW4U,-36.62,-64.28,100,ARG,Argentina
LW4V,-40.8,-63.0,100,ARG,Argentina
LW4W,-43.3,-65.1,100,ARG,Argentina
LW4X,-50.43,-69.25,100,ARG,Argentina
LW4Y,-38.95,-68.07,100,ARG,Argentina
LW5A,-34.6,-58.38,100,ARG,Argentina
LW5D,-33.7,-61.0,100,ARG,Argentina
LW5F,-33.72,-62.23,100,ARG,Argentina
LW5G,-26.95,-58.72,100,ARG,Argentina
LW5H,-31.42,-64.18,100,ARG,Argentina
LW5I,-26.92,-54.52,100,ARG,Argentina
LW5J,-32.05,-60.28,100,ARG,Argentina
LW5K,-26.93,-65.33,100,ARG,Argentina
LW5L,-28.67,-57.63,100,ARG,Argentina
LW5M,-32.88,-68.85,100,ARG,Argentina
LW5N,-27.78,-64.27,100,ARG,Argentina
LW5O,-24.78,-65.42,100,ARG,Argentina
LW5P,-30.87,-68.98,100,ARG,Argentina
LW5Q,-33.3,-66.35,100,ARG,Argentina
LW5R,-28.43,-65.78,100,ARG,Argentina
LW5S,-29.43,-66.85,100,ARG,Argentina
LW5T,-23.75,-65.5,100,ARG,Argentina
LW5U,-36.62,-64.28,100,ARG,Argentina
LW5V,-40.8,-63.0,100,ARG,Argentina
LW5W,-43.3,-65.1,100,ARG,Argentina
LW5X,-50.43,-69.25,100,ARG,Argentina
LW5Y,-38.95,-68.07,100,ARG,Argentina
LW6A,-34.6,-58.38,100,ARG,Argentina
LW6D,-33.7,-61.0,100,ARG,Argentina
LW6F,-33.72,-62.23,100,ARG,Argentina
LW6G,-26.95,-58.72,100,ARG,Argentina
LW6H,-31.42,-64.18,100,ARG,Argentina
LW6I,-26.92,-54.52,100,ARG,Argentina
LW6J,-32.05,-60.28,100,ARG,Argentina
LW6K,-26.93,-65.33,100,ARG,Argentina
LW6L,-28.67,-57.63,100,ARG,Argentina
LW6M,-32.88,-68.85,100,ARG,Argentina
LW6N,-27.78,-64.27,100,ARG,Argentina
LW6O,-24.78,-65.42,100,ARG,Argentina
LW6P,-30.87,-68.98,100,ARG,Argentina
LW6Q,-33.3,-66.35,100,ARG,Argentina
LW6R,-28.43,-65.78,100,ARG,Argentina
LW6S,-29.43,-66.85,100,ARG,Argentina
LW6T,-23.75,-65.5,100,ARG,Argentina
LW6U,-36.62,-64.28,100,ARG,Argentina
LW6V,-40.8,-63.0,100,ARG,Argentina
LW6W,-43.3,-65.1,100,ARG,Argentina
LW6X,-50.43,-69.25,100,ARG,Argentina
LW6Y,-38.95,-68.07,100,ARG,Argentina
LW7A,-34.6,-58.38,100,ARG,Argentina
LW7D,-33.7,-61.0,100,ARG,Argentina
LW7F,-33.72,-62.23,100,ARG,Argentina
LW7G,-26.95,-58.72,100,ARG,Argentina
LW7H,-31.42,-64.18,100,ARG,Argentina
LW7I,-26.92,-54.52,100,ARG,Argentina
LW7J,-32.05,-60.28,100,ARG,Argentina
LW7K,-26.93,-65.33,100,ARG,Argentina
LW7L,-28.67,-57.63,100,ARG,Argentina
LW7M,-32.88,-68.85,100,ARG,Argentina
LW7N,-27.78,-64.27,100,ARG,Argentina
LW7O,-24.78,-65.42,100,ARG,Argentina
LW7P,-30.87,-68.98,100,ARG,Argentina
LW7Q,-33.3,-66.35,100,ARG,Argentina
LW7R,-28.43,-65.78,100,ARG,Argentina
LW7S,-29.43,-66.85,100,ARG,Argentina
LW7T,-23.75,-65.5,100,ARG,Argentina
LW7U,-36.62,-64.28,100,ARG,Argentina
LW7V,-40.8,-63.0,100,ARG,Argentina
LW7W,-43.3,-65.1,100,ARG,Argentina
LW7X,-50.43,-69.25,100,ARG,Argentina
LW7Y,-38.95,-68.07,100,ARG,Argentina
LW8A,-34.6,-58.38,100,ARG,Argentina
LW8D,-33.7,-61.0,100,ARG,Argentina
LW8F,-33.72,-62.23,100,ARG,Argentina
LW8G,-26.95,-58.72,100,ARG,Argentina
LW8H,-31.42,-64.18,100,ARG,Argentina
LW8I,-26.92,-54.52,100,ARG,Argentina
LW8J,-32.05,-60.28,100,ARG,Argentina
LW8K,-26.93,-65.33,100,ARG,Argentina
LW8L,-28.67,-57.63,100,ARG,Argentina
LW8M,-32.88,-68.85,100,ARG,Argentina
LW8N,-27.78,-64.27,100,ARG,Argentina
LW8O,-24.78,-65.42,100,ARG,Argentina
LW8P,-30.87,-68.98,100,ARG,Argentina
LW8Q,-33.3,-66.35,100,ARG,Argentina
LW8R,-28.43,-65.78,100,ARG,Argentina
LW8S,-29.43,-66.85,100,ARG,Argentina
LW8T,-23.75,-65.5,100,ARG,Argentina
LW8U,-36.62,-64.28,100,ARG,Argentina
LW8V,-40.8,-63.0,100,ARG,Argentina
LW8W,-43.3,-65.1,100,ARG,Argentina
LW8X,-50.43,-69.25,100,ARG,Argentina
LW8Y,-38.95,-68.07,100,ARG,Argentina
LW9A,-34.6,-58.38,100,ARG,Argentina
LW9D,-33.7,-61.0,100,ARG,Argentina
LW9F,-33.72,-62.23,100,ARG,Argentina
LW9G,-26.95,-58.72,100,ARG,Argentina
LW9H,-31.42,-64.18,100,ARG,Argentina
LW9I,-26.92,-54.52,100,ARG,Argentina
LW9J,-32.05,-60.28,100,ARG,Argentina
LW9K,-26.93,-65.33,100,ARG,Argentina
LW9L,-28.67,-57.63,100,ARG,Argentina
LW9M,-32.88,-68.85,100,ARG,Argentina
LW9N,-27.78,-64.27,100,ARG,Argentina
LW9O,-24.78,-65.42,100,ARG,Argentina
LW9P,-30.87,-68.98,100,ARG,Argentina
LW9Q,-33.3,-66.35,100,ARG,Argentina
LW9R,-28.43,-65.78,100,ARG,Argentina
LW9S,-29.43,-66.85,100,ARG,Argentina
LW9T,-23.75,-65.5,100,ARG,Argentina
LW9U,-36.62,-64.28,100,ARG,Argentina
LW9V,-40.8,-63.0,100,ARG,Argentina
LW9W,-43.3,-65.1,100,ARG,Argentina
LW9X,-50.43,-69.25,100,ARG,Argentina
LW9Y,-38.95,-68.07,100,ARG,Argentina
LX,50.0,6.0,254,LUX,Luxembourg
LY,55.45,23.63,146,LTU,Lithuania
LZ,42.83,25.08,212,BGR,Bulgaria
LZ0A,-62.08,-58.67,241,ATA,South Shetland Is.
M,52.77,-1.47,223,GBR,England
M3I,56.82,-4.18,279,GBR,Scotland
MA,56.82,-4.18,279,GBR,Scotland
MC,52.28,-3.73,294,GBR,Wales
MD,54.2,-4.53,114,IMN,Isle of Man
MH,49.22,-2.18,122,JEY,Jersey
MI,54.73,-6.68,265,GBR,Northern Ireland
MJ,49.22,-2.18,122,JEY,Jersey
MM,56.82,-4.18,279,GBR,Scotland
MM8A,60.5,-1.5,279,GBR,Scotland
MN,54.73,-6.68,265,GBR,Northern Ireland
MP,49.45,-2.58,106,GGY,Guernsey
MS,56.82,-4.18,279,GBR,Scotland
MT,54.2,-4.53,114,IMN,Isle of Man
MU,49.45,-2.58,106,GGY,Guernsey
MW,52.28,-3.73,294,GBR,Wales
N,37.6,-91.87,291,USA,United States of America
N0,41.12,-96.57,291,USA,United States of America
N1,42.38,-71.65,291,USA,United States of America
N2,41.15,-74.53,291,USA,United States of America
N3,39.95,-76.85,291,USA,United States of America
N4,33.12,-82.2,291,USA,United States of America
N5,31.85,-96.3,291,USA,United States of America
N6,35.48,-119.35,291,USA,United States of America
N7,41.3,-116.6,291,USA,United States of America
N8,41.35,-83.23,291,USA,United States of America
N9,41.55,-87.97,291,USA,United States of America
NA0,41.12,-96.57,291,USA,United States of America
NA1,42.38,-71.65,291,USA,United States of America
NA1M,15.18,145.72,166,MNP,Mariana Is.
NA2,41.15,-74.53,291,USA,United States of America
NA2U,33.63,-112.05,291,USA,United States of America
NA3,39.95,-76.85,291,USA,United States of America
NA4,33.12,-82.2,291,USA,United States of America
NA4A,34.35,-86.92,291,USA,United States of America
NA4C,36.08,-87.4,291,USA,United States of America
NA5,31.85,-96.3,291,USA,United States of America
NA5Y,43.02,-71.57,291,USA,United States of America
NA6,35.48,-119.35,291,USA,United States of America
NA7,41.3,-116.6,291,USA,United States of America
NA7L,40.65,-75.22,291,USA,United States of America
NA8,41.35,-83.23,291,USA,United States of America
NA9,41.55,-87.97,291,USA,United States of America
NA9J,26.92,-82.05,291,USA,United States of America
NB0,41.12,-96.57,291,USA,United States of America
NB1,42.38,-71.65,291,USA,United States of America
NB2,41.15,-74.53,291,USA,United States of America
NB3,39.95,-76.85,291,USA,United States of America
NB3C,32.58,-97.13,291,USA,United States of America
NB4,33.12,-82.2,291,USA,United States of America
NB5,31.85,-96.3,291,USA,United States of America
NB5E,34.0,-84.02,291,USA,United States of America
NB6,35.48,-119.35,291,USA,United States of America
NB7,41.3,-116.6,291,USA,United States of America
NB8,41.35,-83.23,291,USA,United States of America
NB9,41.55,-87.97,291,USA,United States of America
NB9G,15.18,145.72,166,MNP,Mariana Is.
NC0,41.12,-96.57,291,USA,United States of America
NC1,42.38,-71.65,291,USA,United States of America
NC2,41.15,-74.53,291,USA,United States of America
NC3,39.95,-76.85,291,USA,United States of America
NC4,33.12,-82.2,291,USA,United States of America
NC5,31.85,-96.3,291,USA,United States of America
NC6,35.48,-119.35,291,USA,United States of America
NC6K,40.48,-104.9,291,USA,United States of America
NC7,41.3,-116.6,291,USA,United States of America
NC8,41.35,-83.23,291,USA,United States of America
NC8N,33.57,-81.82,291,USA,United States of America
NC9,41.55,-87.97,291,USA,United States of America
ND0,41.12,-96.57,291,USA,United States of America
ND0L,44.27,-88.43,291,USA,United States of America
ND1,42.38,-71.65,291,USA,United States of America
ND2,41.15,-74.53,291,USA,United States of America
ND2T,37.45,-122.15,291,USA,United States of America
ND3,39.95,-76.85,291,USA,United States of America
ND3N,39.53,-83.45,291,USA,United States of America
ND4,33.12,-82.2,291,USA,United States of America
ND4U,35.97,-86.5,291,USA,United States of America
ND4X,37.02,-88.38,291,USA,United States of America
ND4Y,36.77,-83.35,291,USA,United States of America
ND5,31.85,-96.3,291,USA,United States of America
ND6,35.48,-119.35,291,USA,United States of America
ND7,41.3,-116.6,291,USA,United States of America
ND8,41.35,-83.23,291,USA,United States of America
ND8L,28.93,-81.98,291,USA,United States of America
ND8N,32.4,-111.07,291,USA,United States of America
ND9,41.55,-87.97,291,USA,United States of America
ND9M,44.12,-103.07,291,USA,United States of America
NE0,41.12,-96.57,291,USA,United States of America
NE1,42.38,-71.65,291,USA,United States of America
NE2,41.15,-74.53,291,USA,United States of America
NE2I,30.82,-94.87,291,USA,United States of America
NE3,39.95,-76.85,291,USA,United States of America
NE4,33.12,-82.2,291,USA,United States of America
NE5,31.85,-96.3,291,USA,United States of America
NE5W,33.12,-88.17,291,USA,United States of America
NE6,35.48,-119.35,291,USA,United States of America
NE7,41.3,-116.6,291,USA,United States of America
NE7R,46.03,-114.2,291,USA,United States of America
NE8,41.35,-83.23,291,USA,United States of America
NE8P,29.13,-81.0,291,USA,United States of America
NE9,41.55,-87.97,291,USA,United States of America
NE9U,44.87,-91.93,291,USA,United States of America
NF0,41.12,-96.57,291,USA,United States of America
NF1,42.38,-71.65,291,USA,United States of America
NF1R,34.43,-119.73,291,USA,United States of America
NF2,41.15,-74.53,291,USA,United States of America
NF3,39.95,-76.85,291,USA,United States of America
NF4,33.12,-82.2,291,USA,United States of America
NF4J,30.55,-88.18,291,USA,United States of America
NF5,31.85,-96.3,291,USA,United States of America
NF6,35.48,-119.35,291,USA,United States of America
NF6P,28.08,-81.73,291,USA,United States of America
NF7,41.3,-116.6,291,USA,United States of America
NF7D,33.2,-86.8,291,USA,United States of America
NF8,41.35,-83.23,291,USA,United States of America
NF8H,34.8,-92.23,291,USA,United States of America
NF9,41.55,-87.97,291,USA,United States of America
NG0,41.12,-96.57,291,USA,United States of America
NG1,42.38,-71.65,291,USA,United States of America
NG2,41.15,-74.53,291,USA,United States of America
NG2G,48.7,-122.42,291,USA,United States of America
NG2S,36.52,-86.32,291,USA,United States of America
NG3,39.95,-76.85,291,USA,United States of America
NG3Q,41.47,-81.85,291,USA,United States of America
NG4,33.12,-82.2,291,USA,United States of America
NG5,31.85,-96.3,291,USA,United States of America
NG6,35.48,-119.35,291,USA,United States of America
NG6X,46.03,-114.2,291,USA,United States of America
NG7,41.3,-116.6,291,USA,United States of America
NG7A,42.02,-91.67,291,USA,United States of America
NG8,41.35,-83.23,291,USA,United States of America
NG9,41.55,-87.97,291,USA,United States of America
NG9B,42.98,-90.65,291,USA,United States of America
NH0,15.18,145.72,166,MNP,Mariana Is.
NH1,0.0,-176.0,20,UMI,Baker & Howland Is.
NH2,13.37,144.7,103,GUM,Guam
NH2B,15.18,145.72,166,MNP,Mariana Is.
NH3,16.72,-169.53,123,UMI,Johnston I.
NH4,28.2,-177.37,174,UMI,Midway I.
NH5,5.87,-162.07,197,UMI,Palmyra & Jarvis Is.
NH6,21.12,-157.48,110,USA,Hawaii
NH6L,30.15,-95.2,291,USA,United States of America
NH6T,33.72,-86.82,291,USA,United States of America
NH7,21.12,-157.48,110,USA,Hawaii
NH7K,29.0,-178.0,138,UMI,Kure I.
NH8,-14.32,-170.78,9,ASM,American Samoa
NH9,19.28,166.63,297,UMI,Wake I.
NI0,41.12,-96.57,291,USA,United States of America
NI1,42.38,-71.65,291,USA,United States of America
NI2,41.15,-74.53,291,USA,United States of America
NI2M,32.85,-97.08,291,USA,United States of America
NI3,39.95,-76.85,291,USA,United States of America
NI4,33.12,-82.2,291,USA,United States of America
NI5,31.85,-96.3,291,USA,United States of America
NI5L,32.85,-109.75,291,USA,United States of America
NI6,35.48,-119.35,291,USA,United States of America
NI7,41.3,-116.6,291,USA,United States of America
NI7R,32.78,-80.22,291,USA,United States of America
NI8,41.35,-83.23,291,USA,United States of America
NI9,41.55,-87.97,291,USA,United States of America
NJ0,41.12,-96.57,291,USA,United States of America
NJ1,42.38,-71.65,291,USA,United States of America
NJ2,41.15,-74.53,291,USA,United States of America
NJ3,39.95,-76.85,291,USA,United States of America
NJ4,33.12,-82.2,291,USA,United States of America
NJ4P,35.2,-88.2,291,USA,United States of America
NJ5,31.85,-96.3,291,USA,United States of America
NJ6,35.48,-119.35,291,USA,United States of America
NJ7,41.3,-116.6,291,USA,United States of America
NJ7T,41.8,-78.47,291,USA,United States of America
NJ8,41.35,-83.23,291,USA,United States of America
NJ8J,33.9,-84.6,291,USA,United States of America
NJ8M,39.05,-95.72,291,USA,United States of America
NJ9,41.55,-87.97,291,USA,United States of America
NJ9L,39.38,-75.17,291,USA,United States of America
NK0,41.12,-96.57,291,USA,United States of America
NK0S,34.3,-77.8,291,USA,United States of America
NK1,42.38,-71.65,291,USA,United States of America
NK2,41.15,-74.53,291,USA,United States of America
NK3,39.95,-76.85,291,USA,United States of America
NK3V,34.62,-86.05,291,USA,United States of America
NK4,33.12,-82.2,291,USA,United States of America
NK4I,35.83,-84.02,291,USA,United States of America
NK4T,30.75,-88.27,291,USA,United States of America
NK5,31.85,-96.3,291,USA,United States of America
NK6,35.48,-119.35,291,USA,United States of America
NK7,41.3,-116.6,291,USA,United States of America
NK7U,28.93,-81.98,291,USA,United States of America
NK8,41.35,-83.23,291,USA,United States of America
NK9,41.55,-87.97,291,USA,United States of America
NL,61.4,-148.87,6,USA,Alaska
NLD,29.38,47.38,348,KWT,Kuwait
NM0,41.12,-96.57,291,USA,United States of America
NM1,42.38,-71.65,291,USA,United States of America
NM2,41.15,-74.53,291,USA,United States of America
NM3,39.95,-76.85,291,USA,United States of America
NM4,33.12,-82.2,291,USA,United States of America
NM5,31.85,-96.3,291,USA,United States of America
NM6,35.48,-119.35,291,USA,United States of America
NM7,41.3,-116.6,291,USA,United States of America
NM7W,44.75,-108.78,291,USA,United States of America
NM8,41.35,-83.23,291,USA,United States of America
NM9,41.55,-87.97,291,USA,United States of America
NN0,41.12,-96.57,291,USA,United States of America
NN1,42.38,-71.65,291,USA,United States of America
NN2,41.15,-74.53,291,USA,United States of America
NN3,39.95,-76.85,291,USA,United States of America
NN4,33.12,-82.2,291,USA,United States of America
NN5,31.85,-96.3,291,USA,United States of America
NN5O,34.25,-88.72,291,USA,United States of America
NN6,35.48,-119.35,291,USA,United States of America
NN7,41.3,-116.6,291,USA,United States of America
NN7A,38.85,-107.97,291,USA,United States of America
NN7C,61.4,-148.87,6,USA,Alaska
NN7V,45.5,-109.0,291,USA,United States of America
NN8,41.35,-83.23,291,USA,United States of America
NN9,41.55,-87.97,291,USA,United States of America
NO0,41.12,-96.57,291,USA,United States of America
NO1,42.38,-71.65,291,USA,United States of America
NO2,41.15,-74.53,291,USA,United States of America
NO2D,39.52,-104.72,291,USA,United States of America
NO3,39.95,-76.85,291,USA,United States of America
NO3V,15.18,145.72,166,MNP,Mariana Is.
NO4,33.12,-82.2,291,USA,United States of America
NO5,31.85,-96.3,291,USA,United States of America
NO5O,36.12,-115.28,291,USA,United States of America
NO6,35.48,-119.35,291,USA,United States of America
NO7,41.3,-116.6,291,USA,United States of America
NO8,41.35,-83.23,291,USA,United States of America
NO9,41.55,-87.97,291,USA,United States of America
NO9E,33.93,-83.35,291,USA,United States of America
NP1,18.4,-75.0,182,UMI,Navassa I.
NP2,17.73,-64.8,285,VIR,Virgin Is.
NP2R/4,18.18,-66.55,202,PRI,Puerto Rico
NP3,18.18,-66.55,202,PRI,Puerto Rico
NP3K,30.15,-81.57,291,USA,United States of America
NP4,18.18,-66.55,202,PRI,Puerto Rico
NP5,18.08,-67.88,43,PRI,Desecheo I.
NQ0,41.12,-96.57,291,USA,United States of America
NQ1,42.38,-71.65,291,USA,United States of America
NQ2,41.15,-74.53,291,USA,United States of America
NQ3,39.95,-76.85,291,USA,United States of America
NQ4,33.12,-82.2,291,USA,United States of America
NQ4U,35.72,-88.78,291,USA,United States of America
NQ4Y,35.82,-84.27,291,USA,United States of America
NQ5,31.85,-96.3,291,USA,United States of America
NQ6,35.48,-119.35,291,USA,United States of America
NQ6N,41.73,-88.13,291,USA,United States of America
NQ7,41.3,-116.6,291,USA,United States of America
NQ8,41.35,-83.23,291,USA,United States of America
NQ8C,39.18,-78.52,291,USA,United States of America
NQ9,41.55,-87.97,291,USA,United States of America
NR0,41.12,-96.57,291,USA,United States of America
NR1,42.38,-71.65,291,USA,United States of America
NR2,41.15,-74.53,291,USA,United States of America
NR3,39.95,-76.85,291,USA,United States of America
NR3S,33.52,-117.72,291,USA,United States of America
NR4,33.12,-82.2,291,USA,United States of America
NR4L,35.2,-88.2,291,USA,United States of America
NR5,31.85,-96.3,291,USA,United States of America
NR5N,39.65,-79.62,291,USA,United States of America
NR6,35.48,-119.35,291,USA,United States of America
NR7,41.3,-116.6,291,USA,United States of America
NR7K,38.72,-82.93,291,USA,United States of America
NR8,41.35,-83.23,291,USA,United States of America
NR8Z,39.03,-78.28,291,USA,United States of America
NR9,41.55,-87.97,291,USA,United States of America
NS0,41.12,-96.57,291,USA,United States of America
NS1,42.38,-71.65,291,USA,United States of America
NS2,41.15,-74.53,291,USA,United States of America
NS2X,36.22,-85.55,291,USA,United States of America
NS3,39.95,-76.85,291,USA,United States of America
NS4,33.12,-82.2,291,USA,United States of America
NS4E,35.08,-89.77,291,USA,United States of America
NS4X,35.15,-89.37,291,USA,United States of America
NS5,31.85,-96.3,291,USA,United States of America
NS6,35.48,-119.35,291,USA,United States of America
NS7,41.3,-116.6,291,USA,United States of America
NS8,41.35,-83.23,291,USA,United States of America
NS9,41.55,-87.97,291,USA,United States of America
NT0,41.12,-96.57,291,USA,United States of America
NT0K,35.48,-82.52,291,USA,United States of America
NT0Y,42.7,-84.55,291,USA,United States of America
NT1,42.38,-71.65,291,USA,United States of America
NT2,41.15,-74.53,291,USA,United States of America
NT3,39.95,-76.85,291,USA,United States of America
NT4,33.12,-82.2,291,USA,United States of America
NT4A,35.03,-85.15,291,USA,United States of America
NT4J,36.1,-87.12,291,USA,United States of America
NT4M,35.15,-85.33,291,USA,United States of America
NT4W,37.75,-82.7,291,USA,United States of America
NT5,31.85,-96.3,291,USA,United States of America
NT6,35.48,-119.35,291,USA,United States of America
NT7,41.3,-116.6,291,USA,United States of America
NT8,41.35,-83.23,291,USA,United States of America
NT9,41.55,-87.97,291,USA,United States of America
NU0,41.12,-96.57,291,USA,United States of America
NU1,42.38,-71.65,291,USA,United States of America
NU2,41.15,-74.53,291,USA,United States of America
NU3,39.95,-76.85,291,USA,United States of America
NU4,33.12,-82.2,291,USA,United States of America
NU4B,35.98,-83.97,291,USA,United States of America
NU4N,37.07,-88.67,291,USA,United States of America
NU5,31.85,-96.3,291,USA,United States of America
NU6,35.48,-119.35,291,USA,United States of America
NU7,41.3,-116.6,291,USA,United States of America
NU8,41.35,-83.23,291,USA,United States of America
NU9,41.55,-87.97,291,USA,United States of America
NV0,41.12,-96.57,291,USA,United States of America
NV1,42.38,-71.65,291,USA,United States of America
NV2,41.15,-74.53,291,USA,United States of America
NV2T,21.12,-157.48,110,USA,Hawaii
NV3,39.95,-76.85,291,USA,United States of America
NV4,33.12,-82.2,291,USA,United States of America
NV4G,35.87,-83.75,291,USA,United States of America
NV5,31.85,-96.3,291,USA,United States of America
NV6,35.48,-119.35,291,USA,United States of America
NV7,41.3,-116.6,291,USA,United States of America
NV8,41.35,-83.23,291,USA,United States of America
NV9,41.55,-87.97,291,USA,United States of America
NV9J,44.93,-91.4,291,USA,United States of America
NV9L,28.92,-82.38,291,USA,United States of America
NW0,41.12,-96.57,291,USA,United States of America
NW1,42.38,-71.65,291,USA,United States of America
NW2,41.15,-74.53,291,USA,United States of America
NW3,39.95,-76.85,291,USA,United States of America
NW4,33.12,-82.2,291,USA,United States of America
NW5,31.85,-96.3,291,USA,United States of America
NW6,35.48,-119.35,291,USA,United States of America
NW7,41.3,-116.6,291,USA,United States of America
NW8,41.35,-83.23,291,USA,United States of America
NW8U,39.33,-80.03,291,USA,United States of America
NW9,41.55,-87.97,291,USA,United States of America
NX0,41.12,-96.57,291,USA,United States of America
NX1,42.38,-71.65,291,USA,United States of America
NX2,41.15,-74.53,291,USA,United States of America
NX3,39.95,-76.85,291,USA,United States of America
NX4,33.12,-82.2,291,USA,United States of America
NX5,31.85,-96.3,291,USA,United States of America
NX6,35.48,-119.35,291,USA,United States of America
NX7,41.3,-116.6,291,USA,United States of America
NX7W,45.67,-111.05,291,USA,United States of America
NX8,41.35,-83.23,291,USA,United States of America
NX9,41.55,-87.97,291,USA,United States of America
NX9T,36.02,-78.47,291,USA,United States of America
NY0,41.12,-96.57,291,USA,United States of America
NY1,42.38,-71.65,291,USA,United States of America
NY1V,39.77,-86.4,291,USA,United States of America
NY2,41.15,-74.53,291,USA,United States of America
NY3,42.38,-71.65,291,USA,United States of America
NY4,33.12,-82.2,291,USA,United States of America
NY5,31.85,-96.3,291,USA,United States of America
NY5E,29.27,-82.22,291,USA,United States of America
NY6,35.48,-119.35,291,USA,United States of America
NY7,41.3,-116.6,291,USA,United States of America
NY8,41.35,-83.23,291,USA,United States of America
NY9,41.55,-87.97,291,USA,United States of America
NY9P,32.58,-106.77,291,USA,United States of America
NZ0,41.12,-96.57,291,USA,United States of America
NZ1,42.38,-71.65,291,USA,United States of America
NZ1E,35.55,-120.72,291,USA,United States of America
NZ2,41.15,-74.53,291,USA,United States of America
NZ2S,47.83,-117.38,291,USA,United States of America
NZ3,39.95,-76.85,291,USA,United States of America
NZ4,33.12,-82.2,291,USA,United States of America
NZ5,31.85,-96.3,291,USA,United States of America
NZ6,35.48,-119.35,291,USA,United States of America
NZ6O,27.72,-82.35,291,USA,United States of America
NZ7,41.3,-116.6,291,USA,United States of America
NZ7Q,35.18,-106.67,291,USA,United States of America
NZ8,41.35,-83.23,291,USA,United States of America
NZ9,41.55,-87.97,291,USA,United States of America
OA,-10.0,-76.0,136,PER,Peru
OA1,-6.52,-79.85,136,PER,Peru
OA2,-7.15,-78.52,136,PER,Peru
OA3,-12.07,-75.2,136,PER,Peru
OA4,-12.1,-77.05,136,PER,Peru
OA5,-13.17,-74.25,136,PER,Peru
OA6,-16.42,-71.52,136,PER,Peru
OA7,-13.52,-71.95,136,PER,Peru
OA8,-7.0,-75.5,136,PER,Peru
OA9,-6.15,-76.5,136,PER,Peru
OB,-10.0,-76.0,136,PER,Peru
OB1,-6.52,-79.85,136,PER,Peru
OB2,-7.15,-78.52,136,PER,Peru
OB3,-12.07,-75.2,136,PER,Peru
OB4,-12.1,-77.05,136,PER,Peru
OB5,-13.17,-74.25,136,PER,Peru
OB6,-16.42,-71.52,136,PER,Peru
OB7,-13.52,-71.95,136,PER,Peru
OB8,-7.0,-75.5,136,PER,Peru
OB9,-6.15,-76.5,136,PER,Peru
OC,-10.0,-76.0,136,PER,Peru
OC1,-6.52,-79.85,136,PER,Peru
OC2,-7.15,-78.52,136,PER,Peru
OC3,-12.07,-75.2,136,PER,Peru
OC4,-12.1,-77.05,136,PER,Peru
OC5,-13.17,-74.25,136,PER,Peru
OC6,-16.42,-71.52,136,PER,Peru
OC7,-13.52,-71.95,136,PER,Peru
OC8,-7.0,-75.5,136,PER,Peru
OC9,-6.15,-76.5,136,PER,Peru
OD,33.83,35.83,354,LBN,Lebanon
OE,47.33,13.33,206,AUT,Austria
OE1,48.22,16.37,206,AUT,Austria
OE2,47.77,13.37,206,AUT,Austria
OE3,48.33,15.75,206,AUT,Austria
OE4,47.5,16.42,206,AUT,Austria
OE5,48.15,14.02,206,AUT,Austria
OE6,47.25,15.17,206,AUT,Austria
OE7,47.27,11.4,206,AUT,Austria
OE8,46.77,13.82,206,AUT,Austria
OE9,47.25,9.9,206,AUT,Austria
OF,61.38,24.82,224,FIN,Finland
OF0,60.13,20.37,5,ALA,Aland Is.
OF1,60.45,22.25,224,FIN,Finland
OF2,60.23,24.78,224,FIN,Finland
OF3,61.53,23.75,224,FIN,Finland
OF4,62.5,28.0,224,FIN,Finland
OF5,61.0,28.2,224,FIN,Finland
OF6,63.0,22.0,224,FIN,Finland
OF7,62.8,27.5,224,FIN,Finland
OF8,65.17,25.47,224,FIN,Finland
OF9,66.5,26.0,224,FIN,Finland
OG,61.38,24.82,224,FIN,Finland
OG0,60.13,20.37,5,ALA,Aland Is.
OG1,60.45,22.25,224,FIN,Finland
OG2,60.23,24.78,224,FIN,Finland
OG3,61.53,23.75,224,FIN,Finland
OG4,62.5,28.0,224,FIN,Finland
OG5,61.0,28.2,224,FIN,Finland
OG6,63.0,22.0,224,FIN,Finland
OG7,62.8,27.5,224,FIN,Finland
OG8,65.17,25.47,224,FIN,Finland
OG9,66.5,26.0,224,FIN,Finland
OH,61.38,24.82,224,FIN,Finland
OH0,60.13,20.37,5,ALA,Aland Is.
OH1,60.45,22.25,224,FIN,Finland
OH2,60.23,24.78,224,FIN,Finland
OH3,61.53,23.75,224,FIN,Finland
OH4,62.5,28.0,224,FIN,Finland
OH5,61.0,28.2,224,FIN,Finland
OH6,63.0,22.0,224,FIN,Finland
OH7,62.8,27.5,224,FIN,Finland
OH8,65.17,25.47,224,FIN,Finland
OH9,66.5,26.0,224,FIN,Finland
OI,61.38,24.82,224,FIN,Finland
OI0,60.13,20.37,5,ALA,Aland Is.
OI1,60.45,22.25,224,FIN,Finland
OI2,60.23,24.78,224,FIN,Finland
OI3,61.53,23.75,224,FIN,Finland
OI4,62.5,28.0,224,FIN,Finland
OI5,61.0,28.2,224,FIN,Finland
OI6,63.0,22.0,224,FIN,Finland
OI7,62.8,27.5,224,FIN,Finland
OI8,65.17,25.47,224,FIN,Finland
OI9,66.5,26.0,224,FIN,Finland
OJ,61.38,24.82,224,FIN,Finland
OJ0,60.0,19.0,167,FIN,Market Reef
OK,50.0,16.0,503,CZE,Czech Republic
OL,50.0,16.0,503,CZE,Czech Republic
OM,49.0,20.0,504,SVK,Slovak Republic
OM0,49.0,21.23,504,SVK,Slovak Republic
OM1,48.15,17.12,504,SVK,Slovak Republic
OM2,48.38,17.58,504,SVK,Slovak Republic
OM4,49.22,18.73,504,SVK,Slovak Republic
OM5,48.3,18.08,504,SVK,Slovak Republic
OM6,49.22,18.73,504,SVK,Slovak Republic
OM7,48.73,19.15,504,SVK,Slovak Republic
OM8,48.72,21.87,504,SVK,Slovak Republic
ON,50.7,4.85,209,BEL,Belgium
OO,50.7,4.85,209,BEL,Belgium
OP,50.7,4.85,209,BEL,Belgium
OQ,50.7,4.85,209,BEL,Belgium
OR,50.7,4.85,209,BEL,Belgium
OS,50.7,4.85,209,BEL,Belgium
OT,50.7,4.85,209,BEL,Belgium
OU,56.0,10.0,221,DNK,Denmark
OV,56.0,10.0,221,DNK,Denmark
OW,62.07,-6.93,222,FRO,Faroe Is.
OX,74.0,-42.78,237,GRL,Greenland
OY,62.07,-6.93,222,FRO,Faroe Is.
OZ,56.0,10.0,221,DNK,Denmark
P2,-9.5,147.12,163,PNG,Papua New Guinea
P3,35.0,33.0,215,CYP,Cyprus
P4,12.53,-69.98,91,ABW,Aruba
P5,39.78,126.3,344,PRK,DPR of Korea
P6,39.78,126.3,344,PRK,DPR of Korea
P7,39.78,126.3,344,PRK,DPR of Korea
P8,39.78,126.3,344,PRK,DPR of Korea
P9,39.78,126.3,344,PRK,DPR of Korea
PA,52.28,5.47,263,NLD,Netherlands
PB,52.28,5.47,263,NLD,Netherlands
PC,52.28,5.47,263,NLD,Netherlands
PD,52.28,5.47,263,NLD,Netherlands
PE,52.28,5.47,263,NLD,Netherlands
PF,52.28,5.47,263,NLD,Netherlands
PG,52.28,5.47,263,NLD,Netherlands
PH,52.28,5.47,263,NLD,Netherlands
PI,52.28,5.47,263,NLD,Netherlands
PJ0,18.07,-63.07,518,SXM,Sint Maarten
PJ2,12.17,-69.0,517,CUW,Curacao
PJ4,12.2,-68.25,520,BES,Bonaire
PJ5,17.48,-62.98,519,BES,Saba & St. Eustatius
PJ6,17.63,-63.25,519,BES,Saba & St. Eustatius
PJ7,18.07,-63.07,518,SXM,Sint Maarten
PJ8,18.07,-63.07,518,SXM,Sint Maarten
PK,-7.3,109.88,327,IDN,Indonesia
PL,-7.3,109.88,327,IDN,Indonesia
PM,-7.3,109.88,327,IDN,Indonesia
PN,-7.3,109.88,327,IDN,Indonesia
PO,-7.3,109.88,327,IDN,Indonesia
PP,-10.0,-53.0,108,BRA,Brazil
PP0F,-3.85,-32.43,56,BRA,Fernando de Noronha
PP0R,-3.87,-33.82,56,BRA,Fernando de Noronha
PP0S,0.0,-29.0,253,BRA,St. Peter & St. Paul Rocks
PP0T,-20.5,-29.32,273,BRA,Trindade & Martim Vaz Is.
PP1,-20.32,-40.35,108,BRA,Brazil
PP2,-16.72,-49.3,108,BRA,Brazil
PP3,-30.05,-51.18,108,BRA,Brazil
PP4,-18.58,-46.53,108,BRA,Brazil
PP5,-27.58,-48.52,108,BRA,Brazil
PP6,-10.08,-37.12,108,BRA,Brazil
PP7,-9.62,-35.73,108,BRA,Brazil
PP8,-3.1,-60.0,108,BRA,Brazil
PP9,-15.53,-56.08,108,BRA,Brazil
PQ,-10.0,-53.0,108,BRA,Brazil
PQ0F,-3.85,-32.43,56,BRA,Fernando de Noronha
PQ0R,-3.87,-33.82,56,BRA,Fernando de Noronha
PQ0S,0.0,-29.0,253,BRA,St. Peter & St. Paul Rocks
PQ0T,-20.5,-29.32,273,BRA,Trindade & Martim Vaz Is.
PQ1,-22.88,-43.28,108,BRA,Brazil
PQ2,-7.2,-48.2,108,BRA,Brazil
PQ3,-30.05,-51.18,108,BRA,Brazil
PQ4,-18.58,-46.53,108,BRA,Brazil
PQ5,-25.42,-49.12,108,BRA,Brazil
PQ6,-12.97,-38.48,108,BRA,Brazil
PQ7,-8.07,-34.88,108,BRA,Brazil
PQ8,0.0,-51.17,108,BRA,Brazil
PQ9,-15.53,-56.08,108,BRA,Brazil
PR,-10.0,-53.0,108,BRA,Brazil
PR0F,-3.85,-32.43,56,BRA,Fernando de Noronha
PR0R,-3.87,-33.82,56,BRA,Fernando de Noronha
PR0S,0.0,-29.0,253,BRA,St. Peter & St. Paul Rocks
PR0T,-20.5,-29.32,273,BRA,Trindade & Martim Vaz Is.
PR1,-22.88,-43.28,108,BRA,Brazil
PR2,-23.55,-46.63,108,BRA,Brazil
PR3,-30.05,-51.18,108,BRA,Brazil
PR4,-18.58,-46.53,108,BRA,Brazil
PR5,-25.42,-49.12,108,BRA,Brazil
PR6,-12.97,-38.48,108,BRA,Brazil
PR7,-7.1,-34.88,108,BRA,Brazil
PR8,-2.65,-44.25,108,BRA,Brazil
PR9,-15.53,-56.08,108,BRA,Brazil
PS,-10.0,-53.0,108,BRA,Brazil
PS0F,-3.85,-32.43,56,BRA,Fernando de Noronha
PS0R,-3.87,-33.82,56,BRA,Fernando de Noronha
PS0S,0.0,-29.0,253,BRA,St. Peter & St. Paul Rocks
PS0T,-20.5,-29.32,273,BRA,Trindade & Martim Vaz Is.
PS1,-22.88,-43.28,108,BRA,Brazil
PS2,-23.55,-46.63,108,BRA,Brazil
PS3,-30.05,-51.18,108,BRA,Brazil
PS4,-18.58,-46.53,108,BRA,Brazil
PS5,-25.42,-49.12,108,BRA,Brazil
PS6,-12.97,-38.48,108,BRA,Brazil
PS7,-5.77,-35.25,108,BRA,Brazil
PS8,-5.15,-42.77,108,BRA,Brazil
PS9,-15.53,-56.08,108,BRA,Brazil
PT,-10.0,-53.0,108,BRA,Brazil
PT0F,-3.85,-32.43,56,BRA,Fernando de Noronha
PT0R,-3.87,-33.82,56,BRA,Fernando de Noronha
PT0S,0.0,-29.0,253,BRA,St. Peter & St. Paul Rocks
PT0T,-20.5,-29.32,273,BRA,Trindade & Martim Vaz Is.
PT1,-22.88,-43.28,108,BRA,Brazil
PT2,-15.92,-47.67,108,BRA,Brazil
PT3,-30.05,-51.18,108,BRA,Brazil
PT4,-18.58,-46.53,108,BRA,Brazil
PT5,-25.42,-49.12,108,BRA,Brazil
PT6,-12.97,-38.48,108,BRA,Brazil
PT7,-3.75,-38.58,108,BRA,Brazil
PT8,-9.98,-67.85,108,BRA,Brazil
PT9,-20.4,-54.58,108,BRA,Brazil
PU,-10.0,-53.0,108,BRA,Brazil
PU0F,-3.85,-32.43,56,BRA,Fernando de Noronha
PU0R,-3.87,-33.82,56,BRA,Fernando de Noronha
PU0S,0.0,-29.0,253,BRA,St. Peter & St. Paul Rocks
PU0T,-20.5,-29.32,273,BRA,Trindade & Martim Vaz Is.
PU1,-22.88,-43.28,108,BRA,Brazil
PU2,-23.55,-46.63,108,BRA,Brazil
PU3,-30.05,-51.18,108,BRA,Brazil
PU4,-18.58,-46.53,108,BRA,Brazil
PU5,-25.42,-49.12,108,BRA,Brazil
PU6,-12.97,-38.48,108,BRA,Brazil
PU7,-8.07,-34.88,108,BRA,Brazil
PU8,-1.45,-48.48,108,BRA,Brazil
PU9,-15.53,-56.08,108,BRA,Brazil
PV,-10.0,-53.0,108,BRA,Brazil
PV0F,-3.85,-32.43,56,BRA,Fernando de Noronha
PV0R,-3.87,-33.82,56,BRA,Fernando de Noronha
PV0S,0.0,-29.0,253,BRA,St. Peter & St. Paul Rocks
PV0T,-20.5,-29.32,273,BRA,Trindade & Martim Vaz Is.
PV1,-22.88,-43.28,108,BRA,Brazil
PV2,-23.55,-46.63,108,BRA,Brazil
PV3,-30.05,-51.18,108,BRA,Brazil
PV4,-18.58,-46.53,108,BRA,Brazil
PV5,-25.42,-49.12,108,BRA,Brazil
PV6,-12.97,-38.48,108,BRA,Brazil
PV7,-8.07,-34.88,108,BRA,Brazil
PV8,2.85,-60.72,108,BRA,Brazil
PV9,-15.53,-56.08,108,BRA,Brazil
PW,-10.0,-53.0,108,BRA,Brazil
PW0F,-3.85,-32.43,56,BRA,Fernando de Noronha
PW0R,-3.87,-33.82,56,BRA,Fernando de Noronha
PW0S,0.0,-29.0,253,BRA,St. Peter & St. Paul Rocks
PW0T,-20.5,-29.32,273,BRA,Trindade & Martim Vaz Is.
PW1,-22.88,-43.28,108,BRA,Brazil
PW2,-23.55,-46.63,108,BRA,Brazil
PW3,-30.05,-51.18,108,BRA,Brazil
PW4,-18.58,-46.53,108,BRA,Brazil
PW5,-25.42,-49.12,108,BRA,Brazil
PW6,-12.97,-38.48,108,BRA,Brazil
PW7,-8.07,-34.88,108,BRA,Brazil
PW8,-8.75,-63.9,108,BRA,Brazil
PW9,-15.53,-56.08,108,BRA,Brazil
PX,-10.0,-53.0,108,BRA,Brazil
PX0F,-3.85,-32.43,56,BRA,Fernando de Noronha
PX0R,-3.87,-33.82,56,BRA,Fernando de Noronha
PX0S,0.0,-29.0,253,BRA,St. Peter & St. Paul Rocks
PX0T,-20.5,-29.32,273,BRA,Trindade & Martim Vaz Is.
PX1,-22.88,-43.28,108,BRA,Brazil
PX2,-23.55,-46.63,108,BRA,Brazil
PX3,-30.05,-51.18,108,BRA,Brazil
PX4,-18.58,-46.53,108,BRA,Brazil
PX5,-25.42,-49.12,108,BRA,Brazil
PX6,-12.97,-38.48,108,BRA,Brazil
PX7,-8.07,-34.88,108,BRA,Brazil
PX8,-1.45,-48.48,108,BRA,Brazil
PX9,-15.53,-56.08,108,BRA,Brazil
PY,-10.0,-53.0,108,BRA,Brazil
PY0F,-3.85,-32.43,56,BRA,Fernando de Noronha
PY0R,-3.87,-33.82,56,BRA,Fernando de Noronha
PY0S,0.0,-29.0,253,BRA,St. Peter & St. Paul Rocks
PY0T,-20.5,-29.32,273,BRA,Trindade & Martim Vaz Is.
PY1,-22.88,-43.28,108,BRA,Brazil
PY2,-23.55,-46.63,108,BRA,Brazil
PY3,-30.05,-51.18,108,BRA,Brazil
PY4,-18.58,-46.53,108,BRA,Brazil
PY5,-25.42,-49.12,108,BRA,Brazil
PY6,-12.97,-38.48,108,BRA,Brazil
PY7,-8.07,-34.88,108,BRA,Brazil
PY8,-1.45,-48.48,108,BRA,Brazil
PY9,-15.53,-56.08,108,BRA,Brazil
PZ,4.0,-56.0,140,SUR,Suriname
PZ1,5.8,-55.27,140,SUR,Suriname
PZ2,5.77,-56.87,140,SUR,Suriname
PZ3,5.77,-56.28,140,SUR,Suriname
PZ4,5.78,-55.62,140,SUR,Suriname
PZ6,5.43,-55.33,140,SUR,Suriname
PZ7,4.77,-55.13,140,SUR,Suriname
PZ8,5.87,-54.92,140,SUR,Suriname
PZ9,5.77,-54.32,140,SUR,Suriname
R,53.65,41.37,54,RUS,European Russia
R0,55.88,84.08,15,RUS,Asiatic Russia
R0A,59.88,91.67,15,RUS,Asiatic Russia
R0C,54.8,136.83,15,RUS,Asiatic Russia
R0D,48.6,132.2,15,RUS,Asiatic Russia
R0E,50.55,142.6,15,RUS,Asiatic Russia
R0FBA/9,52.77,82.62,15,RUS,Asiatic Russia
R0G,53.55,127.83,15,RUS,Asiatic Russia
R0I,62.9,153.7,15,RUS,Asiatic Russia
R0K,66.67,171.0,15,RUS,Asiatic Russia
R0KA/9,55.88,84.08,15,RUS,Asiatic Russia
R0L,45.33,134.67,15,RUS,Asiatic Russia
R0O,53.8,109.33,15,RUS,Asiatic Russia
R0Q,66.4,129.17,15,RUS,Asiatic Russia
R0R,57.37,106.0,15,RUS,Asiatic Russia
R0U,54.0,118.0,15,RUS,Asiatic Russia
R0W,53.5,90.0,15,RUS,Asiatic Russia
R0X,56.0,159.0,15,RUS,Asiatic Russia
R0Y,51.78,94.75,15,RUS,Asiatic Russia
R1A,59.95,30.3,54,RUS,European Russia
R1C,60.05,31.75,54,RUS,European Russia
R1I,64.28,54.47,54,RUS,European Russia
R1N,63.82,33.0,54,RUS,European Russia
R1O,63.5,43.0,54,RUS,European Russia
R1P,68.83,54.83,54,RUS,European Russia
R1Q,60.08,40.45,54,RUS,European Russia
R1T,58.43,32.38,54,RUS,European Russia
R1W,57.32,29.25,54,RUS,European Russia
R1Z,68.03,34.57,54,RUS,European Russia
R2026A,47.87,41.18,54,RUS,European Russia
R2026C,56.7,47.87,54,RUS,European Russia
R2026L,45.05,43.27,54,RUS,European Russia
R2026N,45.37,39.43,54,RUS,European Russia
R2026S,54.4,40.6,54,RUS,European Russia
R2026X,45.33,134.67,15,RUS,Asiatic Russia
R2A,55.75,37.62,54,RUS,European Russia
R2D,55.7,36.97,54,RUS,European Russia
R2E,52.85,36.43,54,RUS,European Russia
R2ET/9,55.45,79.55,15,RUS,Asiatic Russia
R2F,54.72,20.52,126,RUS,Kaliningrad
R2G,52.7,39.15,54,RUS,European Russia
R2I,57.15,34.62,54,RUS,European Russia
R2L,55.0,33.0,54,RUS,European Russia
R2M,57.87,39.2,54,RUS,European Russia
R2N,58.55,43.68,54,RUS,European Russia
R2O,51.05,40.15,54,RUS,European Russia
R2P,53.92,37.58,54,RUS,European Russia
R2R,52.72,41.57,54,RUS,European Russia
R2S,54.4,40.6,54,RUS,European Russia
R2T,56.48,44.53,54,RUS,European Russia
R2U,57.02,41.52,54,RUS,European Russia
R2V,56.08,40.62,54,RUS,European Russia
R2W,51.75,36.02,54,RUS,European Russia
R2X,54.43,35.43,54,RUS,European Russia
R2Y,52.95,33.4,54,RUS,European Russia
R2Z,50.77,37.45,54,RUS,European Russia
R3A,55.75,37.62,54,RUS,European Russia
R3CI/0,66.67,171.0,15,RUS,Asiatic Russia
R3D,55.7,36.97,54,RUS,European Russia
R3E,52.85,36.43,54,RUS,European Russia
R3G,52.7,39.15,54,RUS,European Russia
R3I,57.15,34.62,54,RUS,European Russia
R3K,51.05,40.15,54,RUS,European Russia
R3L,55.0,33.0,54,RUS,European Russia
R3M,57.87,39.2,54,RUS,European Russia
R3N,58.55,43.68,54,RUS,European Russia
R3P,53.92,37.58,54,RUS,European Russia
R3R,52.72,41.57,54,RUS,European Russia
R3S,54.4,40.6,54,RUS,European Russia
R3T,56.48,44.53,54,RUS,European Russia
R3U,57.02,41.52,54,RUS,European Russia
R3V,56.08,40.62,54,RUS,European Russia
R3W,51.75,36.02,54,RUS,European Russia
R3X,54.43,35.43,54,RUS,European Russia
R3Y,52.95,33.4,54,RUS,European Russia
R3Z,50.77,37.45,54,RUS,European Russia
R4A,49.73,44.12,54,RUS,European Russia
R4C,51.78,46.73,54,RUS,European Russia
R4DB/8,62.25,70.17,15,RUS,Asiatic Russia
R4F,53.25,44.57,54,RUS,European Russia
R4H,53.45,50.45,54,RUS,European Russia
R4L,53.95,47.92,54,RUS,European Russia
R4N,58.77,49.83,54,RUS,European Russia
R4P,55.55,50.93,54,RUS,European Russia
R4S,56.7,47.87,54,RUS,European Russia
R4U,54.43,44.45,54,RUS,European Russia
R4W,57.28,52.75,54,RUS,European Russia
R4Y,55.55,47.1,54,RUS,European Russia
R5A,55.75,37.62,54,RUS,European Russia
R5AF/0,45.33,134.67,15,RUS,Asiatic Russia
R5D,55.7,36.97,54,RUS,European Russia
R5E,52.85,36.43,54,RUS,European Russia
R5G,52.7,39.15,54,RUS,European Russia
R5I,57.15,34.62,54,RUS,European Russia
R5K,51.05,40.15,54,RUS,European Russia
R5L,55.0,33.0,54,RUS,European Russia
R5M,57.87,39.2,54,RUS,European Russia
R5N,58.55,43.68,54,RUS,European Russia
R5P,53.92,37.58,54,RUS,European Russia
R5R,52.72,41.57,54,RUS,European Russia
R5S,54.4,40.6,54,RUS,European Russia
R5T,56.48,44.53,54,RUS,European Russia
R5U,57.02,41.52,54,RUS,European Russia
R5V,56.08,40.62,54,RUS,European Russia
R5W,51.75,36.02,54,RUS,European Russia
R5X,54.43,35.43,54,RUS,European Russia
R5Y,52.95,33.4,54,RUS,European Russia
R5Z,50.77,37.45,54,RUS,European Russia
R6A,45.37,39.43,54,RUS,European Russia
R6E,43.92,41.78,54,RUS,European Russia
R6F,45.05,43.27,54,RUS,European Russia
R6I,46.57,45.32,54,RUS,European Russia
R6J,43.18,44.23,54,RUS,European Russia
R6K,44.93,34.1,54,RUS,European Russia
R6L,47.87,41.18,54,RUS,European Russia
R6P,43.4,45.72,54,RUS,European Russia
R6Q,43.2,44.97,54,RUS,European Russia
R6R,50.0,30.0,54,RUS,European Russia
R6U,47.23,47.23,54,RUS,European Russia
R6W,43.1,46.88,54,RUS,European Russia
R6X,43.58,43.4,54,RUS,European Russia
R6Y,44.65,40.0,54,RUS,European Russia
R7A,45.37,39.43,54,RUS,European Russia
R7E,43.92,41.78,54,RUS,European Russia
R7F,45.05,43.27,54,RUS,European Russia
R7I,46.57,45.32,54,RUS,European Russia
R7J,43.18,44.23,54,RUS,European Russia
R7K,44.93,34.1,54,RUS,European Russia
R7L,47.87,41.18,54,RUS,European Russia
R7P,43.4,45.72,54,RUS,European Russia
R7Q,43.2,44.97,54,RUS,European Russia
R7R,50.0,30.0,54,RUS,European Russia
R7U,47.23,47.23,54,RUS,European Russia
R7W,43.1,46.88,54,RUS,European Russia
R7X,43.58,43.4,54,RUS,European Russia
R7Y,44.65,40.0,54,RUS,European Russia
R8,55.88,84.08,15,RUS,Asiatic Russia
R8A,54.75,60.7,15,RUS,Asiatic Russia
R8C,58.7,61.33,15,RUS,Asiatic Russia
R8F,58.0,56.32,54,RUS,European Russia
R8H,58.75,82.13,15,RUS,Asiatic Russia
R8J,62.25,70.17,15,RUS,Asiatic Russia
R8K,65.3,74.03,15,RUS,Asiatic Russia
R8L,57.83,69.0,15,RUS,Asiatic Russia
R8M,56.22,73.27,15,RUS,Asiatic Russia
R8MB/1,64.28,54.47,54,RUS,European Russia
R8O,55.45,79.55,15,RUS,Asiatic Russia
R8Q,55.57,64.75,15,RUS,Asiatic Russia
R8S,52.13,55.6,15,RUS,Asiatic Russia
R8U,54.93,87.23,15,RUS,Asiatic Russia
R8W,54.47,56.27,15,RUS,Asiatic Russia
R8X,64.28,54.47,54,RUS,European Russia
R8Y,52.77,82.62,15,RUS,Asiatic Russia
R8Z,50.92,86.92,15,RUS,Asiatic Russia
R9,55.88,84.08,15,RUS,Asiatic Russia
R9A,54.75,60.7,15,RUS,Asiatic Russia
R9C,58.7,61.33,15,RUS,Asiatic Russia
R9F,58.0,56.32,54,RUS,European Russia
R9FCS/4,58.77,49.83,54,RUS,European Russia
R9GM/6,45.37,39.43,54,RUS,European Russia
R9H,58.75,82.13,15,RUS,Asiatic Russia
R9J,62.25,70.17,15,RUS,Asiatic Russia
R9JQ/6,45.37,39.43,54,RUS,European Russia
R9K,65.3,74.03,15,RUS,Asiatic Russia
R9KC/6,45.37,39.43,54,RUS,European Russia
R9L,57.83,69.0,15,RUS,Asiatic Russia
R9M,56.22,73.27,15,RUS,Asiatic Russia
R9O,55.45,79.55,15,RUS,Asiatic Russia
R9OM/6,45.37,39.43,54,RUS,European Russia
R9Q,55.57,64.75,15,RUS,Asiatic Russia
R9S,52.13,55.6,15,RUS,Asiatic Russia
R9U,54.93,87.23,15,RUS,Asiatic Russia
R9W,54.47,56.27,15,RUS,Asiatic Russia
R9X,64.28,54.47,54,RUS,European Russia
R9Y,52.77,82.62,15,RUS,Asiatic Russia
R9Z,50.92,86.92,15,RUS,Asiatic Russia
RA0,55.88,84.08,15,RUS,Asiatic Russia
RA0A,59.88,91.67,15,RUS,Asiatic Russia
RA0C,54.8,136.83,15,RUS,Asiatic Russia
RA0D,48.6,132.2,15,RUS,Asiatic Russia
RA0E,50.55,142.6,15,RUS,Asiatic Russia
RA0G,53.55,127.83,15,RUS,Asiatic Russia
RA0I,62.9,153.7,15,RUS,Asiatic Russia
RA0K,66.67,171.0,15,RUS,Asiatic Russia
RA0L,45.33,134.67,15,RUS,Asiatic Russia
RA0O,53.8,109.33,15,RUS,Asiatic Russia
RA0Q,66.4,129.17,15,RUS,Asiatic Russia
RA0R,57.37,106.0,15,RUS,Asiatic Russia
RA0U,54.0,118.0,15,RUS,Asiatic Russia
RA0W,53.5,90.0,15,RUS,Asiatic Russia
RA0X,56.0,159.0,15,RUS,Asiatic Russia
RA0Y,51.78,94.75,15,RUS,Asiatic Russia
RA1A,59.95,30.3,54,RUS,European Russia
RA1C,60.05,31.75,54,RUS,European Russia
RA1I,64.28,54.47,54,RUS,European Russia
RA1N,63.82,33.0,54,RUS,European Russia
RA1O,63.5,43.0,54,RUS,European Russia
RA1P,68.83,54.83,54,RUS,European Russia
RA1Q,60.08,40.45,54,RUS,European Russia
RA1T,58.43,32.38,54,RUS,European Russia
RA1W,57.32,29.25,54,RUS,European Russia
RA1Z,68.03,34.57,54,RUS,European Russia
RA2,54.72,20.52,126,RUS,Kaliningrad
RA3A,55.75,37.62,54,RUS,European Russia
RA3D,55.7,36.97,54,RUS,European Russia
RA3E,52.85,36.43,54,RUS,European Russia
RA3G,52.7,39.15,54,RUS,European Russia
RA3I,57.15,34.62,54,RUS,European Russia
RA3K,51.05,40.15,54,RUS,European Russia
RA3L,55.0,33.0,54,RUS,European Russia
RA3M,57.87,39.2,54,RUS,European Russia
RA3N,58.55,43.68,54,RUS,European Russia
RA3P,53.92,37.58,54,RUS,European Russia
RA3R,52.72,41.57,54,RUS,European Russia
RA3S,54.4,40.6,54,RUS,European Russia
RA3T,56.48,44.53,54,RUS,European Russia
RA3U,57.02,41.52,54,RUS,European Russia
RA3V,56.08,40.62,54,RUS,European Russia
RA3W,51.75,36.02,54,RUS,European Russia
RA3X,54.43,35.43,54,RUS,European Russia
RA3X/1,64.28,54.47,54,RUS,European Russia
RA3Y,52.95,33.4,54,RUS,European Russia
RA3Z,50.77,37.45,54,RUS,European Russia
RA4A,49.73,44.12,54,RUS,European Russia
RA4C,51.78,46.73,54,RUS,European Russia
RA4F,53.25,44.57,54,RUS,European Russia
RA4H,53.45,50.45,54,RUS,European Russia
RA4L,53.95,47.92,54,RUS,European Russia
RA4N,58.77,49.83,54,RUS,European Russia
RA4P,55.55,50.93,54,RUS,European Russia
RA4S,56.7,47.87,54,RUS,European Russia
RA4U,54.43,44.45,54,RUS,European Russia
RA4W,57.28,52.75,54,RUS,European Russia
RA4Y,55.55,47.1,54,RUS,European Russia
RA5A,55.75,37.62,54,RUS,European Russia
RA5D,55.7,36.97,54,RUS,European Russia
RA5E,52.85,36.43,54,RUS,European Russia
RA5G,52.7,39.15,54,RUS,European Russia
RA5I,57.15,34.62,54,RUS,European Russia
RA5K,51.05,40.15,54,RUS,European Russia
RA5L,55.0,33.0,54,RUS,European Russia
RA5M,57.87,39.2,54,RUS,European Russia
RA5N,58.55,43.68,54,RUS,European Russia
RA5P,53.92,37.58,54,RUS,European Russia
RA5R,52.72,41.57,54,RUS,European Russia
RA5S,54.4,40.6,54,RUS,European Russia
RA5T,56.48,44.53,54,RUS,European Russia
RA5U,57.02,41.52,54,RUS,European Russia
RA5V,56.08,40.62,54,RUS,European Russia
RA5W,51.75,36.02,54,RUS,European Russia
RA5X,54.43,35.43,54,RUS,European Russia
RA5Y,52.95,33.4,54,RUS,European Russia
RA5Z,50.77,37.45,54,RUS,European Russia
RA6A,45.37,39.43,54,RUS,European Russia
RA6E,43.92,41.78,54,RUS,European Russia
RA6F,45.05,43.27,54,RUS,European Russia
RA6I,46.57,45.32,54,RUS,European Russia
RA6J,43.18,44.23,54,RUS,European Russia
RA6K,44.93,34.1,54,RUS,European Russia
RA6L,47.87,41.18,54,RUS,European Russia
RA6P,43.4,45.72,54,RUS,European Russia
RA6Q,43.2,44.97,54,RUS,European Russia
RA6R,50.0,30.0,54,RUS,European Russia
RA6U,47.23,47.23,54,RUS,European Russia
RA6W,43.1,46.88,54,RUS,European Russia
RA6X,43.58,43.4,54,RUS,European Russia
RA6Y,44.65,40.0,54,RUS,European Russia
RA7A,45.37,39.43,54,RUS,European Russia
RA7E,43.92,41.78,54,RUS,European Russia
RA7F,45.05,43.27,54,RUS,European Russia
RA7I,46.57,45.32,54,RUS,European Russia
RA7J,43.18,44.23,54,RUS,European Russia
RA7K,44.93,34.1,54,RUS,European Russia
RA7L,47.87,41.18,54,RUS,European Russia
RA7P,43.4,45.72,54,RUS,European Russia
RA7Q,43.2,44.97,54,RUS,European Russia
RA7R,50.0,30.0,54,RUS,European Russia
RA7U,47.23,47.23,54,RUS,European Russia
RA7W,43.1,46.88,54,RUS,European Russia
RA7X,43.58,43.4,54,RUS,European Russia
RA7Y,44.65,40.0,54,RUS,European Russia
RA8,55.88,84.08,15,RUS,Asiatic Russia
RA8A,54.75,60.7,15,RUS,Asiatic Russia
RA8C,58.7,61.33,15,RUS,Asiatic Russia
RA8F,58.0,56.32,54,RUS,European Russia
RA8H,58.75,82.13,15,RUS,Asiatic Russia
RA8J,62.25,70.17,15,RUS,Asiatic Russia
RA8K,65.3,74.03,15,RUS,Asiatic Russia
RA8L,57.83,69.0,15,RUS,Asiatic Russia
RA8M,56.22,73.27,15,RUS,Asiatic Russia
RA8O,55.45,79.55,15,RUS,Asiatic Russia
RA8Q,55.57,64.75,15,RUS,Asiatic Russia
RA8S,52.13,55.6,15,RUS,Asiatic Russia
RA8U,54.93,87.23,15,RUS,Asiatic Russia
RA8W,54.47,56.27,15,RUS,Asiatic Russia
RA8X,64.28,54.47,54,RUS,European Russia
RA8Y,52.77,82.62,15,RUS,Asiatic Russia
RA8Z,50.92,86.92,15,RUS,Asiatic Russia
RA9,55.88,84.08,15,RUS,Asiatic Russia
RA9A,54.75,60.7,15,RUS,Asiatic Russia
RA9C,58.7,61.33,15,RUS,Asiatic Russia
RA9F,58.0,56.32,54,RUS,European Russia
RA9H,58.75,82.13,15,RUS,Asiatic Russia
RA9J,62.25,70.17,15,RUS,Asiatic Russia
RA9K,65.3,74.03,15,RUS,Asiatic Russia
RA9L,57.83,69.0,15,RUS,Asiatic Russia
RA9M,56.22,73.27,15,RUS,Asiatic Russia
RA9O,55.45,79.55,15,RUS,Asiatic Russia
RA9Q,55.57,64.75,15,RUS,Asiatic Russia
RA9S,52.13,55.6,15,RUS,Asiatic Russia
RA9U,54.93,87.23,15,RUS,Asiatic Russia
RA9W,54.47,56.27,15,RUS,Asiatic Russia
RA9X,64.28,54.47,54,RUS,European Russia
RA9Y,52.77,82.62,15,RUS,Asiatic Russia
RA9Z,50.92,86.92,15,RUS,Asiatic Russia
RC0,55.88,84.08,15,RUS,Asiatic Russia
RC0A,59.88,91.67,15,RUS,Asiatic Russia
RC0C,54.8,136.83,15,RUS,Asiatic Russia
RC0D,48.6,132.2,15,RUS,Asiatic Russia
RC0E,50.55,142.6,15,RUS,Asiatic Russia
RC0G,53.55,127.83,15,RUS,Asiatic Russia
RC0I,62.9,153.7,15,RUS,Asiatic Russia
RC0K,66.67,171.0,15,RUS,Asiatic Russia
RC0L,45.33,134.67,15,RUS,Asiatic Russia
RC0O,53.8,109.33,15,RUS,Asiatic Russia
RC0Q,66.4,129.17,15,RUS,Asiatic Russia
RC0R,57.37,106.0,15,RUS,Asiatic Russia
RC0U,54.0,118.0,15,RUS,Asiatic Russia
RC0W,53.5,90.0,15,RUS,Asiatic Russia
RC0X,56.0,159.0,15,RUS,Asiatic Russia
RC0Y,51.78,94.75,15,RUS,Asiatic Russia
RC1A,59.95,30.3,54,RUS,European Russia
RC1C,60.05,31.75,54,RUS,European Russia
RC1I,64.28,54.47,54,RUS,European Russia
RC1N,63.82,33.0,54,RUS,European Russia
RC1O,63.5,43.0,54,RUS,European Russia
RC1P,68.83,54.83,54,RUS,European Russia
RC1Q,60.08,40.45,54,RUS,European Russia
RC1T,58.43,32.38,54,RUS,European Russia
RC1W,57.32,29.25,54,RUS,European Russia
RC1Z,68.03,34.57,54,RUS,European Russia
RC2A,55.75,37.62,54,RUS,European Russia
RC2D,55.7,36.97,54,RUS,European Russia
RC2E,52.85,36.43,54,RUS,European Russia
RC2F,54.72,20.52,126,RUS,Kaliningrad
RC2G,52.7,39.15,54,RUS,European Russia
RC2I,57.15,34.62,54,RUS,European Russia
RC2L,55.0,33.0,54,RUS,European Russia
RC2M,57.87,39.2,54,RUS,European Russia
RC2N,58.55,43.68,54,RUS,European Russia
RC2O,51.05,40.15,54,RUS,European Russia
RC2P,53.92,37.58,54,RUS,European Russia
RC2R,52.72,41.57,54,RUS,European Russia
RC2S,54.4,40.6,54,RUS,European Russia
RC2T,56.48,44.53,54,RUS,European Russia
RC2U,57.02,41.52,54,RUS,European Russia
RC2V,56.08,40.62,54,RUS,European Russia
RC2W,51.75,36.02,54,RUS,European Russia
RC2X,54.43,35.43,54,RUS,European Russia
RC2Y,52.95,33.4,54,RUS,European Russia
RC2Z,50.77,37.45,54,RUS,European Russia
RC3A,55.75,37.62,54,RUS,European Russia
RC3D,55.7,36.97,54,RUS,European Russia
RC3E,52.85,36.43,54,RUS,European Russia
RC3G,52.7,39.15,54,RUS,European Russia
RC3I,57.15,34.62,54,RUS,European Russia
RC3K,51.05,40.15,54,RUS,European Russia
RC3L,55.0,33.0,54,RUS,European Russia
RC3M,57.87,39.2,54,RUS,European Russia
RC3N,58.55,43.68,54,RUS,European Russia
RC3P,53.92,37.58,54,RUS,European Russia
RC3R,52.72,41.57,54,RUS,European Russia
RC3S,54.4,40.6,54,RUS,European Russia
RC3T,56.48,44.53,54,RUS,European Russia
RC3U,57.02,41.52,54,RUS,European Russia
RC3V,56.08,40.62,54,RUS,European Russia
RC3W,51.75,36.02,54,RUS,European Russia
RC3X,54.43,35.43,54,RUS,European Russia
RC3Y,52.95,33.4,54,RUS,European Russia
RC3Z,50.77,37.45,54,RUS,European Russia
RC4A,49.73,44.12,54,RUS,European Russia
RC4C,51.78,46.73,54,RUS,European Russia
RC4F,53.25,44.57,54,RUS,European Russia
RC4H,53.45,50.45,54,RUS,European Russia
RC4L,53.95,47.92,54,RUS,European Russia
RC4N,58.77,49.83,54,RUS,European Russia
RC4P,55.55,50.93,54,RUS,European Russia
RC4S,56.7,47.87,54,RUS,European Russia
RC4U,54.43,44.45,54,RUS,European Russia
RC4W,57.28,52.75,54,RUS,European Russia
RC4Y,55.55,47.1,54,RUS,European Russia
RC5A,55.75,37.62,54,RUS,European Russia
RC5B/8,58.7,61.33,15,RUS,Asiatic Russia
RC5D,55.7,36.97,54,RUS,European Russia
RC5E,52.85,36.43,54,RUS,European Russia
RC5G,52.7,39.15,54,RUS,European Russia
RC5I,57.15,34.62,54,RUS,European Russia
RC5K,51.05,40.15,54,RUS,European Russia
RC5L,55.0,33.0,54,RUS,European Russia
RC5M,57.87,39.2,54,RUS,European Russia
RC5N,58.55,43.68,54,RUS,European Russia
RC5P,53.92,37.58,54,RUS,European Russia
RC5R,52.72,41.57,54,RUS,European Russia
RC5S,54.4,40.6,54,RUS,European Russia
RC5T,56.48,44.53,54,RUS,European Russia
RC5U,57.02,41.52,54,RUS,European Russia
RC5V,56.08,40.62,54,RUS,European Russia
RC5W,51.75,36.02,54,RUS,European Russia
RC5X,54.43,35.43,54,RUS,European Russia
RC5Y,52.95,33.4,54,RUS,European Russia
RC5Z,50.77,37.45,54,RUS,European Russia
RC6A,45.37,39.43,54,RUS,European Russia
RC6E,43.92,41.78,54,RUS,European Russia
RC6F,45.05,43.27,54,RUS,European Russia
RC6I,46.57,45.32,54,RUS,European Russia
RC6J,43.18,44.23,54,RUS,European Russia
RC6K,44.93,34.1,54,RUS,European Russia
RC6L,47.87,41.18,54,RUS,European Russia
RC6P,43.4,45.72,54,RUS,European Russia
RC6Q,43.2,44.97,54,RUS,European Russia
RC6R,50.0,30.0,54,RUS,European Russia
RC6U,47.23,47.23,54,RUS,European Russia
RC6W,43.1,46.88,54,RUS,European Russia
RC6X,43.58,43.4,54,RUS,European Russia
RC6Y,44.65,40.0,54,RUS,European Russia
RC7A,45.37,39.43,54,RUS,European Russia
RC7E,43.92,41.78,54,RUS,European Russia
RC7F,45.05,43.27,54,RUS,European Russia
RC7I,46.57,45.32,54,RUS,European Russia
RC7J,43.18,44.23,54,RUS,European Russia
RC7K,44.93,34.1,54,RUS,European Russia
RC7L,47.87,41.18,54,RUS,European Russia
RC7P,43.4,45.72,54,RUS,European Russia
RC7Q,43.2,44.97,54,RUS,European Russia
RC7R,50.0,30.0,54,RUS,European Russia
RC7U,47.23,47.23,54,RUS,European Russia
RC7W,43.1,46.88,54,RUS,European Russia
RC7X,43.58,43.4,54,RUS,European Russia
RC7Y,44.65,40.0,54,RUS,European Russia
RC8,55.88,84.08,15,RUS,Asiatic Russia
RC8A,54.75,60.7,15,RUS,Asiatic Russia
RC8C,58.7,61.33,15,RUS,Asiatic Russia
RC8F,58.0,56.32,54,RUS,European Russia
RC8H,58.75,82.13,15,RUS,Asiatic Russia
RC8J,62.25,70.17,15,RUS,Asiatic Russia
RC8K,65.3,74.03,15,RUS,Asiatic Russia
RC8L,57.83,69.0,15,RUS,Asiatic Russia
RC8M,56.22,73.27,15,RUS,Asiatic Russia
RC8O,55.45,79.55,15,RUS,Asiatic Russia
RC8Q,55.57,64.75,15,RUS,Asiatic Russia
RC8S,52.13,55.6,15,RUS,Asiatic Russia
RC8U,54.93,87.23,15,RUS,Asiatic Russia
RC8W,54.47,56.27,15,RUS,Asiatic Russia
RC8X,64.28,54.47,54,RUS,European Russia
RC8Y,52.77,82.62,15,RUS,Asiatic Russia
RC8Z,50.92,86.92,15,RUS,Asiatic Russia
RC9,55.88,84.08,15,RUS,Asiatic Russia
RC9A,54.75,60.7,15,RUS,Asiatic Russia
RC9C,58.7,61.33,15,RUS,Asiatic Russia
RC9F,58.0,56.32,54,RUS,European Russia
RC9H,58.75,82.13,15,RUS,Asiatic Russia
RC9J,62.25,70.17,15,RUS,Asiatic Russia
RC9K,65.3,74.03,15,RUS,Asiatic Russia
RC9L,57.83,69.0,15,RUS,Asiatic Russia
RC9M,56.22,73.27,15,RUS,Asiatic Russia
RC9O,55.45,79.55,15,RUS,Asiatic Russia
RC9Q,55.57,64.75,15,RUS,Asiatic Russia
RC9S,52.13,55.6,15,RUS,Asiatic Russia
RC9U,54.93,87.23,15,RUS,Asiatic Russia
RC9W,54.47,56.27,15,RUS,Asiatic Russia
RC9X,64.28,54.47,54,RUS,European Russia
RC9Y,52.77,82.62,15,RUS,Asiatic Russia
RC9Z,50.92,86.92,15,RUS,Asiatic Russia
RD0,55.88,84.08,15,RUS,Asiatic Russia
RD0A,59.88,91.67,15,RUS,Asiatic Russia
RD0C,54.8,136.83,15,RUS,Asiatic Russia
RD0D,48.6,132.2,15,RUS,Asiatic Russia
RD0E,50.55,142.6,15,RUS,Asiatic Russia
RD0G,53.55,127.83,15,RUS,Asiatic Russia
RD0I,62.9,153.7,15,RUS,Asiatic Russia
RD0K,66.67,171.0,15,RUS,Asiatic Russia
RD0L,45.33,134.67,15,RUS,Asiatic Russia
RD0O,53.8,109.33,15,RUS,Asiatic Russia
RD0Q,66.4,129.17,15,RUS,Asiatic Russia
RD0R,57.37,106.0,15,RUS,Asiatic Russia
RD0U,54.0,118.0,15,RUS,Asiatic Russia
RD0W,53.5,90.0,15,RUS,Asiatic Russia
RD0X,56.0,159.0,15,RUS,Asiatic Russia
RD0Y,51.78,94.75,15,RUS,Asiatic Russia
RD1A,59.95,30.3,54,RUS,European Russia
RD1C,60.05,31.75,54,RUS,European Russia
RD1I,64.28,54.47,54,RUS,European Russia
RD1N,63.82,33.0,54,RUS,European Russia
RD1O,63.5,43.0,54,RUS,European Russia
RD1P,68.83,54.83,54,RUS,European Russia
RD1Q,60.08,40.45,54,RUS,European Russia
RD1T,58.43,32.38,54,RUS,European Russia
RD1W,57.32,29.25,54,RUS,European Russia
RD1Z,68.03,34.57,54,RUS,European Russia
RD2A,55.75,37.62,54,RUS,European Russia
RD2D,55.7,36.97,54,RUS,European Russia
RD2E,52.85,36.43,54,RUS,European Russia
RD2F,54.72,20.52,126,RUS,Kaliningrad
RD2G,52.7,39.15,54,RUS,European Russia
RD2I,57.15,34.62,54,RUS,European Russia
RD2L,55.0,33.0,54,RUS,European Russia
RD2M,57.87,39.2,54,RUS,European Russia
RD2N,58.55,43.68,54,RUS,European Russia
RD2O,51.05,40.15,54,RUS,European Russia
RD2P,53.92,37.58,54,RUS,European Russia
RD2R,52.72,41.57,54,RUS,European Russia
RD2S,54.4,40.6,54,RUS,European Russia
RD2T,56.48,44.53,54,RUS,European Russia
RD2U,57.02,41.52,54,RUS,European Russia
RD2V,56.08,40.62,54,RUS,European Russia
RD2W,51.75,36.02,54,RUS,European Russia
RD2X,54.43,35.43,54,RUS,European Russia
RD2Y,52.95,33.4,54,RUS,European Russia
RD2Z,50.77,37.45,54,RUS,European Russia
RD3A,55.75,37.62,54,RUS,European Russia
RD3D,55.7,36.97,54,RUS,European Russia
RD3E,52.85,36.43,54,RUS,European Russia
RD3G,52.7,39.15,54,RUS,European Russia
RD3I,57.15,34.62,54,RUS,European Russia
RD3K,51.05,40.15,54,RUS,European Russia
RD3L,55.0,33.0,54,RUS,European Russia
RD3M,57.87,39.2,54,RUS,European Russia
RD3N,58.55,43.68,54,RUS,European Russia
RD3P,53.92,37.58,54,RUS,European Russia
RD3R,52.72,41.57,54,RUS,European Russia
RD3S,54.4,40.6,54,RUS,European Russia
RD3T,56.48,44.53,54,RUS,European Russia
RD3U,57.02,41.52,54,RUS,European Russia
RD3V,56.08,40.62,54,RUS,European Russia
RD3W,51.75,36.02,54,RUS,European Russia
RD3X,54.43,35.43,54,RUS,European Russia
RD3Y,52.95,33.4,54,RUS,European Russia
RD3Z,50.77,37.45,54,RUS,European Russia
RD4A,49.73,44.12,54,RUS,European Russia
RD4C,51.78,46.73,54,RUS,European Russia
RD4F,53.25,44.57,54,RUS,European Russia
RD4H,53.45,50.45,54,RUS,European Russia
RD4L,53.95,47.92,54,RUS,European Russia
RD4N,58.77,49.83,54,RUS,European Russia
RD4P,55.55,50.93,54,RUS,European Russia
RD4S,56.7,47.87,54,RUS,European Russia
RD4U,54.43,44.45,54,RUS,European Russia
RD4W,57.28,52.75,54,RUS,European Russia
RD4Y,55.55,47.1,54,RUS,European Russia
RD5A,55.75,37.62,54,RUS,European Russia
RD5D,55.7,36.97,54,RUS,European Russia
RD5E,52.85,36.43,54,RUS,European Russia
RD5G,52.7,39.15,54,RUS,European Russia
RD5I,57.15,34.62,54,RUS,European Russia
RD5K,51.05,40.15,54,RUS,European Russia
RD5L,55.0,33.0,54,RUS,European Russia
RD5M,57.87,39.2,54,RUS,European Russia
RD5N,58.55,43.68,54,RUS,European Russia
RD5P,53.92,37.58,54,RUS,European Russia
RD5R,52.72,41.57,54,RUS,European Russia
RD5S,54.4,40.6,54,RUS,European Russia
RD5T,56.48,44.53,54,RUS,European Russia
RD5U,57.02,41.52,54,RUS,European Russia
RD5V,56.08,40.62,54,RUS,European Russia
RD5W,51.75,36.02,54,RUS,European Russia
RD5X,54.43,35.43,54,RUS,European Russia
RD5Y,52.95,33.4,54,RUS,European Russia
RD5Z,50.77,37.45,54,RUS,European Russia
RD6A,45.37,39.43,54,RUS,European Russia
RD6E,43.92,41.78,54,RUS,European Russia
RD6F,45.05,43.27,54,RUS,European Russia
RD6I,46.57,45.32,54,RUS,European Russia
RD6J,43.18,44.23,54,RUS,European Russia
RD6K,44.93,34.1,54,RUS,European Russia
RD6L,47.87,41.18,54,RUS,European Russia
RD6P,43.4,45.72,54,RUS,European Russia
RD6Q,43.2,44.97,54,RUS,European Russia
RD6R,50.0,30.0,54,RUS,European Russia
RD6U,47.23,47.23,54,RUS,European Russia
RD6W,43.1,46.88,54,RUS,European Russia
RD6X,43.58,43.4,54,RUS,European Russia
RD6Y,44.65,40.0,54,RUS,European Russia
RD7A,45.37,39.43,54,RUS,European Russia
RD7E,43.92,41.78,54,RUS,European Russia
RD7F,45.05,43.27,54,RUS,European Russia
RD7I,46.57,45.32,54,RUS,European Russia
RD7J,43.18,44.23,54,RUS,European Russia
RD7K,44.93,34.1,54,RUS,European Russia
RD7L,47.87,41.18,54,RUS,European Russia
RD7P,43.4,45.72,54,RUS,European Russia
RD7Q,43.2,44.97,54,RUS,European Russia
RD7R,50.0,30.0,54,RUS,European Russia
RD7U,47.23,47.23,54,RUS,European Russia
RD7W,43.1,46.88,54,RUS,European Russia
RD7X,43.58,43.4,54,RUS,European Russia
RD7Y,44.65,40.0,54,RUS,European Russia
RD8,55.88,84.08,15,RUS,Asiatic Russia
RD8A,54.75,60.7,15,RUS,Asiatic Russia
RD8C,58.7,61.33,15,RUS,Asiatic Russia
RD8F,58.0,56.32,54,RUS,European Russia
RD8H,58.75,82.13,15,RUS,Asiatic Russia
RD8J,62.25,70.17,15,RUS,Asiatic Russia
RD8K,65.3,74.03,15,RUS,Asiatic Russia
RD8L,57.83,69.0,15,RUS,Asiatic Russia
RD8M,56.22,73.27,15,RUS,Asiatic Russia
RD8O,55.45,79.55,15,RUS,Asiatic Russia
RD8Q,55.57,64.75,15,RUS,Asiatic Russia
RD8S,52.13,55.6,15,RUS,Asiatic Russia
RD8U,54.93,87.23,15,RUS,Asiatic Russia
RD8W,54.47,56.27,15,RUS,Asiatic Russia
RD8X,64.28,54.47,54,RUS,European Russia
RD8Y,52.77,82.62,15,RUS,Asiatic Russia
RD8Z,50.92,86.92,15,RUS,Asiatic Russia
RD9,55.88,84.08,15,RUS,Asiatic Russia
RD9A,54.75,60.7,15,RUS,Asiatic Russia
RD9C,58.7,61.33,15,RUS,Asiatic Russia
RD9F,58.0,56.32,54,RUS,European Russia
RD9H,58.75,82.13,15,RUS,Asiatic Russia
RD9J,62.25,70.17,15,RUS,Asiatic Russia
RD9K,65.3,74.03,15,RUS,Asiatic Russia
RD9L,57.83,69.0,15,RUS,Asiatic Russia
RD9M,56.22,73.27,15,RUS,Asiatic Russia
RD9O,55.45,79.55,15,RUS,Asiatic Russia
RD9Q,55.57,64.75,15,RUS,Asiatic Russia
RD9S,52.13,55.6,15,RUS,Asiatic Russia
RD9U,54.93,87.23,15,RUS,Asiatic Russia
RD9W,54.47,56.27,15,RUS,Asiatic Russia
RD9X,64.28,54.47,54,RUS,European Russia
RD9Y,52.77,82.62,15,RUS,Asiatic Russia
RD9Z,50.92,86.92,15,RUS,Asiatic Russia
RE0,55.88,84.08,15,RUS,Asiatic Russia
RE0A,59.88,91.67,15,RUS,Asiatic Russia
RE0C,54.8,136.83,15,RUS,Asiatic Russia
RE0D,48.6,132.2,15,RUS,Asiatic Russia
RE0E,50.55,142.6,15,RUS,Asiatic Russia
RE0G,53.55,127.83,15,RUS,Asiatic Russia
RE0I,62.9,153.7,15,RUS,Asiatic Russia
RE0K,66.67,171.0,15,RUS,Asiatic Russia
RE0L,45.33,134.67,15,RUS,Asiatic Russia
RE0O,53.8,109.33,15,RUS,Asiatic Russia
RE0Q,66.4,129.17,15,RUS,Asiatic Russia
RE0R,57.37,106.0,15,RUS,Asiatic Russia
RE0U,54.0,118.0,15,RUS,Asiatic Russia
RE0W,53.5,90.0,15,RUS,Asiatic Russia
RE0X,56.0,159.0,15,RUS,Asiatic Russia
RE0Y,51.78,94.75,15,RUS,Asiatic Russia
RE1A,59.95,30.3,54,RUS,European Russia
RE1C,60.05,31.75,54,RUS,European Russia
RE1I,64.28,54.47,54,RUS,European Russia
RE1N,63.82,33.0,54,RUS,European Russia
RE1O,63.5,43.0,54,RUS,European Russia
RE1P,68.83,54.83,54,RUS,European Russia
RE1Q,60.08,40.45,54,RUS,European Russia
RE1T,58.43,32.38,54,RUS,European Russia
RE1W,57.32,29.25,54,RUS,European Russia
RE1Z,68.03,34.57,54,RUS,European Russia
RE2A,55.75,37.62,54,RUS,European Russia
RE2D,55.7,36.97,54,RUS,European Russia
RE2E,52.85,36.43,54,RUS,European Russia
RE2F,54.72,20.52,126,RUS,Kaliningrad
RE2G,52.7,39.15,54,RUS,European Russia
RE2I,57.15,34.62,54,RUS,European Russia
RE2L,55.0,33.0,54,RUS,European Russia
RE2M,57.87,39.2,54,RUS,European Russia
RE2N,58.55,43.68,54,RUS,European Russia
RE2O,51.05,40.15,54,RUS,European Russia
RE2P,53.92,37.58,54,RUS,European Russia
RE2R,52.72,41.57,54,RUS,European Russia
RE2S,54.4,40.6,54,RUS,European Russia
RE2T,56.48,44.53,54,RUS,European Russia
RE2U,57.02,41.52,54,RUS,European Russia
RE2V,56.08,40.62,54,RUS,European Russia
RE2W,51.75,36.02,54,RUS,European Russia
RE2X,54.43,35.43,54,RUS,European Russia
RE2Y,52.95,33.4,54,RUS,European Russia
RE2Z,50.77,37.45,54,RUS,European Russia
RE3A,55.75,37.62,54,RUS,European Russia
RE3D,55.7,36.97,54,RUS,European Russia
RE3E,52.85,36.43,54,RUS,European Russia
RE3G,52.7,39.15,54,RUS,European Russia
RE3I,57.15,34.62,54,RUS,European Russia
RE3K,51.05,40.15,54,RUS,European Russia
RE3L,55.0,33.0,54,RUS,European Russia
RE3M,57.87,39.2,54,RUS,European Russia
RE3N,58.55,43.68,54,RUS,European Russia
RE3P,53.92,37.58,54,RUS,European Russia
RE3R,52.72,41.57,54,RUS,European Russia
RE3S,54.4,40.6,54,RUS,European Russia
RE3T,56.48,44.53,54,RUS,European Russia
RE3U,57.02,41.52,54,RUS,European Russia
RE3V,56.08,40.62,54,RUS,European Russia
RE3W,51.75,36.02,54,RUS,European Russia
RE3X,54.43,35.43,54,RUS,European Russia
RE3Y,52.95,33.4,54,RUS,European Russia
RE3Z,50.77,37.45,54,RUS,European Russia
RE4A,49.73,44.12,54,RUS,European Russia
RE4C,51.78,46.73,54,RUS,European Russia
RE4F,53.25,44.57,54,RUS,European Russia
RE4H,53.45,50.45,54,RUS,European Russia
RE4L,53.95,47.92,54,RUS,European Russia
RE4N,58.77,49.83,54,RUS,European Russia
RE4P,55.55,50.93,54,RUS,European Russia
RE4S,56.7,47.87,54,RUS,European Russia
RE4U,54.43,44.45,54,RUS,European Russia
RE4W,57.28,52.75,54,RUS,European Russia
RE4Y,55.55,47.1,54,RUS,European Russia
RE5A,55.75,37.62,54,RUS,European Russia
RE5D,55.7,36.97,54,RUS,European Russia
RE5E,52.85,36.43,54,RUS,European Russia
RE5G,52.7,39.15,54,RUS,European Russia
RE5I,57.15,34.62,54,RUS,European Russia
RE5K,51.05,40.15,54,RUS,European Russia
RE5L,55.0,33.0,54,RUS,European Russia
RE5M,57.87,39.2,54,RUS,European Russia
RE5N,58.55,43.68,54,RUS,European Russia
RE5P,53.92,37.58,54,RUS,European Russia
RE5R,52.72,41.57,54,RUS,European Russia
RE5S,54.4,40.6,54,RUS,European Russia
RE5T,56.48,44.53,54,RUS,European Russia
RE5U,57.02,41.52,54,RUS,European Russia
RE5V,56.08,40.62,54,RUS,European Russia
RE5W,51.75,36.02,54,RUS,European Russia
RE5X,54.43,35.43,54,RUS,European Russia
RE5Y,52.95,33.4,54,RUS,European Russia
RE5Z,50.77,37.45,54,RUS,European Russia
RE6A,45.37,39.43,54,RUS,European Russia
RE6E,43.92,41.78,54,RUS,European Russia
RE6F,45.05,43.27,54,RUS,European Russia
RE6I,46.57,45.32,54,RUS,European Russia
RE6J,43.18,44.23,54,RUS,European Russia
RE6K,44.93,34.1,54,RUS,European Russia
RE6L,47.87,41.18,54,RUS,European Russia
RE6P,43.4,45.72,54,RUS,European Russia
RE6Q,43.2,44.97,54,RUS,European Russia
RE6R,50.0,30.0,54,RUS,European Russia
RE6U,47.23,47.23,54,RUS,European Russia
RE6W,43.1,46.88,54,RUS,European Russia
RE6X,43.58,43.4,54,RUS,European Russia
RE6Y,44.65,40.0,54,RUS,European Russia
RE7A,45.37,39.43,54,RUS,European Russia
RE7E,43.92,41.78,54,RUS,European Russia
RE7F,45.05,43.27,54,RUS,European Russia
RE7I,46.57,45.32,54,RUS,European Russia
RE7J,43.18,44.23,54,RUS,European Russia
RE7K,44.93,34.1,54,RUS,European Russia
RE7L,47.87,41.18,54,RUS,European Russia
RE7P,43.4,45.72,54,RUS,European Russia
RE7Q,43.2,44.97,54,RUS,European Russia
RE7R,50.0,30.0,54,RUS,European Russia
RE7U,47.23,47.23,54,RUS,European Russia
RE7W,43.1,46.88,54,RUS,European Russia
RE7X,43.58,43.4,54,RUS,European Russia
RE7Y,44.65,40.0,54,RUS,European Russia
RE8,55.88,84.08,15,RUS,Asiatic Russia
RE8A,54.75,60.7,15,RUS,Asiatic Russia
RE8C,58.7,61.33,15,RUS,Asiatic Russia
RE8F,58.0,56.32,54,RUS,European Russia
RE8H,58.75,82.13,15,RUS,Asiatic Russia
RE8J,62.25,70.17,15,RUS,Asiatic Russia
RE8K,65.3,74.03,15,RUS,Asiatic Russia
RE8L,57.83,69.0,15,RUS,Asiatic Russia
RE8M,56.22,73.27,15,RUS,Asiatic Russia
RE8O,55.45,79.55,15,RUS,Asiatic Russia
RE8Q,55.57,64.75,15,RUS,Asiatic Russia
RE8S,52.13,55.6,15,RUS,Asiatic Russia
RE8U,54.93,87.23,15,RUS,Asiatic Russia
RE8W,54.47,56.27,15,RUS,Asiatic Russia
RE8X,64.28,54.47,54,RUS,European Russia
RE8Y,52.77,82.62,15,RUS,Asiatic Russia
RE8Z,50.92,86.92,15,RUS,Asiatic Russia
RE9,55.88,84.08,15,RUS,Asiatic Russia
RE9A,54.75,60.7,15,RUS,Asiatic Russia
RE9C,58.7,61.33,15,RUS,Asiatic Russia
RE9F,58.0,56.32,54,RUS,European Russia
RE9H,58.75,82.13,15,RUS,Asiatic Russia
RE9J,62.25,70.17,15,RUS,Asiatic Russia
RE9K,65.3,74.03,15,RUS,Asiatic Russia
RE9L,57.83,69.0,15,RUS,Asiatic Russia
RE9M,56.22,73.27,15,RUS,Asiatic Russia
RE9O,55.45,79.55,15,RUS,Asiatic Russia
RE9Q,55.57,64.75,15,RUS,Asiatic Russia
RE9S,52.13,55.6,15,RUS,Asiatic Russia
RE9U,54.93,87.23,15,RUS,Asiatic Russia
RE9W,54.47,56.27,15,RUS,Asiatic Russia
RE9X,64.28,54.47,54,RUS,European Russia
RE9Y,52.77,82.62,15,RUS,Asiatic Russia
RE9Z,50.92,86.92,15,RUS,Asiatic Russia
RF0,55.88,84.08,15,RUS,Asiatic Russia
RF0A,59.88,91.67,15,RUS,Asiatic Russia
RF0C,54.8,136.83,15,RUS,Asiatic Russia
RF0D,48.6,132.2,15,RUS,Asiatic Russia
RF0E,50.55,142.6,15,RUS,Asiatic Russia
RF0G,53.55,127.83,15,RUS,Asiatic Russia
RF0I,62.9,153.7,15,RUS,Asiatic Russia
RF0K,66.67,171.0,15,RUS,Asiatic Russia
RF0L,45.33,134.67,15,RUS,Asiatic Russia
RF0O,53.8,109.33,15,RUS,Asiatic Russia
RF0Q,66.4,129.17,15,RUS,Asiatic Russia
RF0R,57.37,106.0,15,RUS,Asiatic Russia
RF0U,54.0,118.0,15,RUS,Asiatic Russia
RF0W,53.5,90.0,15,RUS,Asiatic Russia
RF0X,56.0,159.0,15,RUS,Asiatic Russia
RF0Y,51.78,94.75,15,RUS,Asiatic Russia
RF1A,59.95,30.3,54,RUS,European Russia
RF1C,60.05,31.75,54,RUS,European Russia
RF1I,64.28,54.47,54,RUS,European Russia
RF1N,63.82,33.0,54,RUS,European Russia
RF1O,63.5,43.0,54,RUS,European Russia
RF1P,68.83,54.83,54,RUS,European Russia
RF1Q,60.08,40.45,54,RUS,European Russia
RF1T,58.43,32.38,54,RUS,European Russia
RF1W,57.32,29.25,54,RUS,European Russia
RF1Z,68.03,34.57,54,RUS,European Russia
RF2A,55.75,37.62,54,RUS,European Russia
RF2D,55.7,36.97,54,RUS,European Russia
RF2E,52.85,36.43,54,RUS,European Russia
RF2F,54.72,20.52,126,RUS,Kaliningrad
RF2G,52.7,39.15,54,RUS,European Russia
RF2I,57.15,34.62,54,RUS,European Russia
RF2L,55.0,33.0,54,RUS,European Russia
RF2M,57.87,39.2,54,RUS,European Russia
RF2N,58.55,43.68,54,RUS,European Russia
RF2O,51.05,40.15,54,RUS,European Russia
RF2P,53.92,37.58,54,RUS,European Russia
RF2R,52.72,41.57,54,RUS,European Russia
RF2S,54.4,40.6,54,RUS,European Russia
RF2T,56.48,44.53,54,RUS,European Russia
RF2U,57.02,41.52,54,RUS,European Russia
RF2V,56.08,40.62,54,RUS,European Russia
RF2W,51.75,36.02,54,RUS,European Russia
RF2X,54.43,35.43,54,RUS,European Russia
RF2Y,52.95,33.4,54,RUS,European Russia
RF2Z,50.77,37.45,54,RUS,European Russia
RF3A,55.75,37.62,54,RUS,European Russia
RF3D,55.7,36.97,54,RUS,European Russia
RF3E,52.85,36.43,54,RUS,European Russia
RF3G,52.7,39.15,54,RUS,European Russia
RF3I,57.15,34.62,54,RUS,European Russia
RF3K,51.05,40.15,54,RUS,European Russia
RF3L,55.0,33.0,54,RUS,European Russia
RF3M,57.87,39.2,54,RUS,European Russia
RF3N,58.55,43.68,54,RUS,European Russia
RF3P,53.92,37.58,54,RUS,European Russia
RF3R,52.72,41.57,54,RUS,European Russia
RF3S,54.4,40.6,54,RUS,European Russia
RF3T,56.48,44.53,54,RUS,European Russia
RF3U,57.02,41.52,54,RUS,European Russia
RF3V,56.08,40.62,54,RUS,European Russia
RF3W,51.75,36.02,54,RUS,European Russia
RF3X,54.43,35.43,54,RUS,European Russia
RF3Y,52.95,33.4,54,RUS,European Russia
RF3Z,50.77,37.45,54,RUS,European Russia
RF4A,49.73,44.12,54,RUS,European Russia
RF4C,51.78,46.73,54,RUS,European Russia
RF4F,53.25,44.57,54,RUS,European Russia
RF4H,53.45,50.45,54,RUS,European Russia
RF4L,53.95,47.92,54,RUS,European Russia
RF4N,58.77,49.83,54,RUS,European Russia
RF4P,55.55,50.93,54,RUS,European Russia
RF4S,56.7,47.87,54,RUS,European Russia
RF4U,54.43,44.45,54,RUS,European Russia
RF4W,57.28,52.75,54,RUS,European Russia
RF4Y,55.55,47.1,54,RUS,European Russia
RF5A,55.75,37.62,54,RUS,European Russia
RF5D,55.7,36.97,54,RUS,European Russia
RF5E,52.85,36.43,54,RUS,European Russia
RF5G,52.7,39.15,54,RUS,European Russia
RF5I,57.15,34.62,54,RUS,European Russia
RF5K,51.05,40.15,54,RUS,European Russia
RF5L,55.0,33.0,54,RUS,European Russia
RF5M,57.87,39.2,54,RUS,European Russia
RF5N,58.55,43.68,54,RUS,European Russia
RF5P,53.92,37.58,54,RUS,European Russia
RF5R,52.72,41.57,54,RUS,European Russia
RF5S,54.4,40.6,54,RUS,European Russia
RF5T,56.48,44.53,54,RUS,European Russia
RF5U,57.02,41.52,54,RUS,European Russia
RF5V,56.08,40.62,54,RUS,European Russia
RF5W,51.75,36.02,54,RUS,European Russia
RF5X,54.43,35.43,54,RUS,European Russia
RF5Y,52.95,33.4,54,RUS,European Russia
RF5Z,50.77,37.45,54,RUS,European Russia
RF6A,45.37,39.43,54,RUS,European Russia
RF6E,43.92,41.78,54,RUS,European Russia
RF6F,45.05,43.27,54,RUS,European Russia
RF6I,46.57,45.32,54,RUS,European Russia
RF6J,43.18,44.23,54,RUS,European Russia
RF6K,44.93,34.1,54,RUS,European Russia
RF6L,47.87,41.18,54,RUS,European Russia
RF6P,43.4,45.72,54,RUS,European Russia
RF6Q,43.2,44.97,54,RUS,European Russia
RF6R,50.0,30.0,54,RUS,European Russia
RF6U,47.23,47.23,54,RUS,European Russia
RF6W,43.1,46.88,54,RUS,European Russia
RF6X,43.58,43.4,54,RUS,European Russia
RF6Y,44.65,40.0,54,RUS,European Russia
RF7A,45.37,39.43,54,RUS,European Russia
RF7E,43.92,41.78,54,RUS,European Russia
RF7F,45.05,43.27,54,RUS,European Russia
RF7I,46.57,45.32,54,RUS,European Russia
RF7J,43.18,44.23,54,RUS,European Russia
RF7K,44.93,34.1,54,RUS,European Russia
RF7L,47.87,41.18,54,RUS,European Russia
RF7P,43.4,45.72,54,RUS,European Russia
RF7Q,43.2,44.97,54,RUS,European Russia
RF7R,50.0,30.0,54,RUS,European Russia
RF7U,47.23,47.23,54,RUS,European Russia
RF7W,43.1,46.88,54,RUS,European Russia
RF7X,43.58,43.4,54,RUS,European Russia
RF7Y,44.65,40.0,54,RUS,European Russia
RF8,55.88,84.08,15,RUS,Asiatic Russia
RF8A,54.75,60.7,15,RUS,Asiatic Russia
RF8C,58.7,61.33,15,RUS,Asiatic Russia
RF8F,58.0,56.32,54,RUS,European Russia
RF8H,58.75,82.13,15,RUS,Asiatic Russia
RF8J,62.25,70.17,15,RUS,Asiatic Russia
RF8K,65.3,74.03,15,RUS,Asiatic Russia
RF8L,57.83,69.0,15,RUS,Asiatic Russia
RF8M,56.22,73.27,15,RUS,Asiatic Russia
RF8O,55.45,79.55,15,RUS,Asiatic Russia
RF8Q,55.57,64.75,15,RUS,Asiatic Russia
RF8S,52.13,55.6,15,RUS,Asiatic Russia
RF8U,54.93,87.23,15,RUS,Asiatic Russia
RF8W,54.47,56.27,15,RUS,Asiatic Russia
RF8X,64.28,54.47,54,RUS,European Russia
RF8Y,52.77,82.62,15,RUS,Asiatic Russia
RF8Z,50.92,86.92,15,RUS,Asiatic Russia
RF9,55.88,84.08,15,RUS,Asiatic Russia
RF9A,54.75,60.7,15,RUS,Asiatic Russia
RF9C,58.7,61.33,15,RUS,Asiatic Russia
RF9F,58.0,56.32,54,RUS,European Russia
RF9H,58.75,82.13,15,RUS,Asiatic Russia
RF9J,62.25,70.17,15,RUS,Asiatic Russia
RF9K,65.3,74.03,15,RUS,Asiatic Russia
RF9L,57.83,69.0,15,RUS,Asiatic Russia
RF9M,56.22,73.27,15,RUS,Asiatic Russia
RF9O,55.45,79.55,15,RUS,Asiatic Russia
RF9Q,55.57,64.75,15,RUS,Asiatic Russia
RF9S,52.13,55.6,15,RUS,Asiatic Russia
RF9U,54.93,87.23,15,RUS,Asiatic Russia
RF9W,54.47,56.27,15,RUS,Asiatic Russia
RF9X,64.28,54.47,54,RUS,European Russia
RF9Y,52.77,82.62,15,RUS,Asiatic Russia
RF9Z,50.92,86.92,15,RUS,Asiatic Russia
RG0,55.88,84.08,15,RUS,Asiatic Russia
RG0A,59.88,91.67,15,RUS,Asiatic Russia
RG0C,54.8,136.83,15,RUS,Asiatic Russia
RG0D,48.6,132.2,15,RUS,Asiatic Russia
RG0E,50.55,142.6,15,RUS,Asiatic Russia
RG0G,53.55,127.83,15,RUS,Asiatic Russia
RG0I,62.9,153.7,15,RUS,Asiatic Russia
RG0K,66.67,171.0,15,RUS,Asiatic Russia
RG0L,45.33,134.67,15,RUS,Asiatic Russia
RG0O,53.8,109.33,15,RUS,Asiatic Russia
RG0Q,66.4,129.17,15,RUS,Asiatic Russia
RG0R,57.37,106.0,15,RUS,Asiatic Russia
RG0U,54.0,118.0,15,RUS,Asiatic Russia
RG0W,53.5,90.0,15,RUS,Asiatic Russia
RG0X,56.0,159.0,15,RUS,Asiatic Russia
RG0Y,51.78,94.75,15,RUS,Asiatic Russia
RG1A,59.95,30.3,54,RUS,European Russia
RG1C,60.05,31.75,54,RUS,European Russia
RG1I,64.28,54.47,54,RUS,European Russia
RG1N,63.82,33.0,54,RUS,European Russia
RG1O,63.5,43.0,54,RUS,European Russia
RG1P,68.83,54.83,54,RUS,European Russia
RG1Q,60.08,40.45,54,RUS,European Russia
RG1T,58.43,32.38,54,RUS,European Russia
RG1W,57.32,29.25,54,RUS,European Russia
RG1Z,68.03,34.57,54,RUS,European Russia
RG2A,55.75,37.62,54,RUS,European Russia
RG2D,55.7,36.97,54,RUS,European Russia
RG2E,52.85,36.43,54,RUS,European Russia
RG2F,54.72,20.52,126,RUS,Kaliningrad
RG2G,52.7,39.15,54,RUS,European Russia
RG2I,57.15,34.62,54,RUS,European Russia
RG2L,55.0,33.0,54,RUS,European Russia
RG2M,57.87,39.2,54,RUS,European Russia
RG2N,58.55,43.68,54,RUS,European Russia
RG2O,51.05,40.15,54,RUS,European Russia
RG2P,53.92,37.58,54,RUS,European Russia
RG2R,52.72,41.57,54,RUS,European Russia
RG2S,54.4,40.6,54,RUS,European Russia
RG2T,56.48,44.53,54,RUS,European Russia
RG2U,57.02,41.52,54,RUS,European Russia
RG2V,56.08,40.62,54,RUS,European Russia
RG2W,51.75,36.02,54,RUS,European Russia
RG2X,54.43,35.43,54,RUS,European Russia
RG2Y,52.95,33.4,54,RUS,European Russia
RG2Z,50.77,37.45,54,RUS,European Russia
RG3A,55.75,37.62,54,RUS,European Russia
RG3D,55.7,36.97,54,RUS,European Russia
RG3E,52.85,36.43,54,RUS,European Russia
RG3G,52.7,39.15,54,RUS,European Russia
RG3I,57.15,34.62,54,RUS,European Russia
RG3K,51.05,40.15,54,RUS,European Russia
RG3L,55.0,33.0,54,RUS,European Russia
RG3M,57.87,39.2,54,RUS,European Russia
RG3N,58.55,43.68,54,RUS,European Russia
RG3P,53.92,37.58,54,RUS,European Russia
RG3R,52.72,41.57,54,RUS,European Russia
RG3S,54.4,40.6,54,RUS,European Russia
RG3T,56.48,44.53,54,RUS,European Russia
RG3U,57.02,41.52,54,RUS,European Russia
RG3V,56.08,40.62,54,RUS,European Russia
RG3W,51.75,36.02,54,RUS,European Russia
RG3X,54.43,35.43,54,RUS,European Russia
RG3Y,52.95,33.4,54,RUS,European Russia
RG3Z,50.77,37.45,54,RUS,European Russia
RG4A,49.73,44.12,54,RUS,European Russia
RG4C,51.78,46.73,54,RUS,European Russia
RG4F,53.25,44.57,54,RUS,European Russia
RG4H,53.45,50.45,54,RUS,European Russia
RG4L,53.95,47.92,54,RUS,European Russia
RG4N,58.77,49.83,54,RUS,European Russia
RG4P,55.55,50.93,54,RUS,European Russia
RG4S,56.7,47.87,54,RUS,European Russia
RG4U,54.43,44.45,54,RUS,European Russia
RG4W,57.28,52.75,54,RUS,European Russia
RG4Y,55.55,47.1,54,RUS,European Russia
RG5A,55.75,37.62,54,RUS,European Russia
RG5D,55.7,36.97,54,RUS,European Russia
RG5E,52.85,36.43,54,RUS,European Russia
RG5G,52.7,39.15,54,RUS,European Russia
RG5I,57.15,34.62,54,RUS,European Russia
RG5K,51.05,40.15,54,RUS,European Russia
RG5L,55.0,33.0,54,RUS,European Russia
RG5M,57.87,39.2,54,RUS,European Russia
RG5N,58.55,43.68,54,RUS,European Russia
RG5P,53.92,37.58,54,RUS,European Russia
RG5R,52.72,41.57,54,RUS,European Russia
RG5S,54.4,40.6,54,RUS,European Russia
RG5T,56.48,44.53,54,RUS,European Russia
RG5U,57.02,41.52,54,RUS,European Russia
RG5V,56.08,40.62,54,RUS,European Russia
RG5W,51.75,36.02,54,RUS,European Russia
RG5X,54.43,35.43,54,RUS,European Russia
RG5Y,52.95,33.4,54,RUS,European Russia
RG5Z,50.77,37.45,54,RUS,European Russia
RG6A,45.37,39.43,54,RUS,European Russia
RG6E,43.92,41.78,54,RUS,European Russia
RG6F,45.05,43.27,54,RUS,European Russia
RG6I,46.57,45.32,54,RUS,European Russia
RG6J,43.18,44.23,54,RUS,European Russia
RG6K,44.93,34.1,54,RUS,European Russia
RG6L,47.87,41.18,54,RUS,European Russia
RG6P,43.4,45.72,54,RUS,European Russia
RG6Q,43.2,44.97,54,RUS,European Russia
RG6R,50.0,30.0,54,RUS,European Russia
RG6U,47.23,47.23,54,RUS,European Russia
RG6W,43.1,46.88,54,RUS,European Russia
RG6X,43.58,43.4,54,RUS,European Russia
RG6Y,44.65,40.0,54,RUS,European Russia
RG7A,45.37,39.43,54,RUS,European Russia
RG7E,43.92,41.78,54,RUS,European Russia
RG7F,45.05,43.27,54,RUS,European Russia
RG7I,46.57,45.32,54,RUS,European Russia
RG7J,43.18,44.23,54,RUS,European Russia
RG7K,44.93,34.1,54,RUS,European Russia
RG7L,47.87,41.18,54,RUS,European Russia
RG7P,43.4,45.72,54,RUS,European Russia
RG7Q,43.2,44.97,54,RUS,European Russia
RG7R,50.0,30.0,54,RUS,European Russia
RG7U,47.23,47.23,54,RUS,European Russia
RG7W,43.1,46.88,54,RUS,European Russia
RG7X,43.58,43.4,54,RUS,European Russia
RG7Y,44.65,40.0,54,RUS,European Russia
RG8,55.88,84.08,15,RUS,Asiatic Russia
RG8A,54.75,60.7,15,RUS,Asiatic Russia
RG8C,58.7,61.33,15,RUS,Asiatic Russia
RG8F,58.0,56.32,54,RUS,European Russia
RG8H,58.75,82.13,15,RUS,Asiatic Russia
RG8J,62.25,70.17,15,RUS,Asiatic Russia
RG8K,65.3,74.03,15,RUS,Asiatic Russia
RG8L,57.83,69.0,15,RUS,Asiatic Russia
RG8M,56.22,73.27,15,RUS,Asiatic Russia
RG8O,55.45,79.55,15,RUS,Asiatic Russia
RG8Q,55.57,64.75,15,RUS,Asiatic Russia
RG8S,52.13,55.6,15,RUS,Asiatic Russia
RG8U,54.93,87.23,15,RUS,Asiatic Russia
RG8W,54.47,56.27,15,RUS,Asiatic Russia
RG8X,64.28,54.47,54,RUS,European Russia
RG8Y,52.77,82.62,15,RUS,Asiatic Russia
RG8Z,50.92,86.92,15,RUS,Asiatic Russia
RG9,55.88,84.08,15,RUS,Asiatic Russia
RG9A,54.75,60.7,15,RUS,Asiatic Russia
RG9C,58.7,61.33,15,RUS,Asiatic Russia
RG9F,58.0,56.32,54,RUS,European Russia
RG9H,58.75,82.13,15,RUS,Asiatic Russia
RG9J,62.25,70.17,15,RUS,Asiatic Russia
RG9K,65.3,74.03,15,RUS,Asiatic Russia
RG9L,57.83,69.0,15,RUS,Asiatic Russia
RG9M,56.22,73.27,15,RUS,Asiatic Russia
RG9O,55.45,79.55,15,RUS,Asiatic Russia
RG9Q,55.57,64.75,15,RUS,Asiatic Russia
RG9S,52.13,55.6,15,RUS,Asiatic Russia
RG9U,54.93,87.23,15,RUS,Asiatic Russia
RG9W,54.47,56.27,15,RUS,Asiatic Russia
RG9X,64.28,54.47,54,RUS,European Russia
RG9Y,52.77,82.62,15,RUS,Asiatic Russia
RG9Z,50.92,86.92,15,RUS,Asiatic Russia
RI0,55.88,84.08,15,RUS,Asiatic Russia
RI0A,59.88,91.67,15,RUS,Asiatic Russia
RI0C,54.8,136.83,15,RUS,Asiatic Russia
RI0F,50.55,142.6,15,RUS,Asiatic Russia
RI0I,62.9,153.7,15,RUS,Asiatic Russia
RI0K,66.67,171.0,15,RUS,Asiatic Russia
RI0L,45.33,134.67,15,RUS,Asiatic Russia
RI0Q,66.4,129.17,15,RUS,Asiatic Russia
RI0X,56.0,159.0,15,RUS,Asiatic Russia
RI1F,80.68,49.92,61,RUS,Franz Josef Land
RI8,55.88,84.08,15,RUS,Asiatic Russia
RI8X,64.28,54.47,54,RUS,European Russia
RI9,55.88,84.08,15,RUS,Asiatic Russia
RI9K,65.3,74.03,15,RUS,Asiatic Russia
RI9X,64.28,54.47,54,RUS,European Russia
RJ0,55.88,84.08,15,RUS,Asiatic Russia
RJ0A,59.88,91.67,15,RUS,Asiatic Russia
RJ0C,54.8,136.83,15,RUS,Asiatic Russia
RJ0D,48.6,132.2,15,RUS,Asiatic Russia
RJ0E,50.55,142.6,15,RUS,Asiatic Russia
RJ0G,53.55,127.83,15,RUS,Asiatic Russia
RJ0I,62.9,153.7,15,RUS,Asiatic Russia
RJ0K,66.67,171.0,15,RUS,Asiatic Russia
RJ0L,45.33,134.67,15,RUS,Asiatic Russia
RJ0O,53.8,109.33,15,RUS,Asiatic Russia
RJ0Q,66.4,129.17,15,RUS,Asiatic Russia
RJ0R,57.37,106.0,15,RUS,Asiatic Russia
RJ0U,54.0,118.0,15,RUS,Asiatic Russia
RJ0W,53.5,90.0,15,RUS,Asiatic Russia
RJ0X,56.0,159.0,15,RUS,Asiatic Russia
RJ0Y,51.78,94.75,15,RUS,Asiatic Russia
RJ1A,59.95,30.3,54,RUS,European Russia
RJ1C,60.05,31.75,54,RUS,European Russia
RJ1I,64.28,54.47,54,RUS,European Russia
RJ1N,63.82,33.0,54,RUS,European Russia
RJ1O,63.5,43.0,54,RUS,European Russia
RJ1P,68.83,54.83,54,RUS,European Russia
RJ1Q,60.08,40.45,54,RUS,European Russia
RJ1T,58.43,32.38,54,RUS,European Russia
RJ1W,57.32,29.25,54,RUS,European Russia
RJ1Z,68.03,34.57,54,RUS,European Russia
RJ2A,55.75,37.62,54,RUS,European Russia
RJ2D,55.7,36.97,54,RUS,European Russia
RJ2E,52.85,36.43,54,RUS,European Russia
RJ2F,54.72,20.52,126,RUS,Kaliningrad
RJ2G,52.7,39.15,54,RUS,European Russia
RJ2I,57.15,34.62,54,RUS,European Russia
RJ2L,55.0,33.0,54,RUS,European Russia
RJ2M,57.87,39.2,54,RUS,European Russia
RJ2N,58.55,43.68,54,RUS,European Russia
RJ2O,51.05,40.15,54,RUS,European Russia
RJ2P,53.92,37.58,54,RUS,European Russia
RJ2R,52.72,41.57,54,RUS,European Russia
RJ2S,54.4,40.6,54,RUS,European Russia
RJ2T,56.48,44.53,54,RUS,European Russia
RJ2U,57.02,41.52,54,RUS,European Russia
RJ2V,56.08,40.62,54,RUS,European Russia
RJ2W,51.75,36.02,54,RUS,European Russia
RJ2X,54.43,35.43,54,RUS,European Russia
RJ2Y,52.95,33.4,54,RUS,European Russia
RJ2Z,50.77,37.45,54,RUS,European Russia
RJ3A,55.75,37.62,54,RUS,European Russia
RJ3D,55.7,36.97,54,RUS,European Russia
RJ3E,52.85,36.43,54,RUS,European Russia
RJ3G,52.7,39.15,54,RUS,European Russia
RJ3I,57.15,34.62,54,RUS,European Russia
RJ3K,51.05,40.15,54,RUS,European Russia
RJ3L,55.0,33.0,54,RUS,European Russia
RJ3M,57.87,39.2,54,RUS,European Russia
RJ3N,58.55,43.68,54,RUS,European Russia
RJ3P,53.92,37.58,54,RUS,European Russia
RJ3R,52.72,41.57,54,RUS,European Russia
RJ3S,54.4,40.6,54,RUS,European Russia
RJ3T,56.48,44.53,54,RUS,European Russia
RJ3U,57.02,41.52,54,RUS,European Russia
RJ3V,56.08,40.62,54,RUS,European Russia
RJ3W,51.75,36.02,54,RUS,European Russia
RJ3X,54.43,35.43,54,RUS,European Russia
RJ3Y,52.95,33.4,54,RUS,European Russia
RJ3Z,50.77,37.45,54,RUS,European Russia
RJ4A,49.73,44.12,54,RUS,European Russia
RJ4C,51.78,46.73,54,RUS,European Russia
RJ4F,53.25,44.57,54,RUS,European Russia
RJ4H,53.45,50.45,54,RUS,European Russia
RJ4L,53.95,47.92,54,RUS,European Russia
RJ4N,58.77,49.83,54,RUS,European Russia
RJ4P,55.55,50.93,54,RUS,European Russia
RJ4S,56.7,47.87,54,RUS,European Russia
RJ4U,54.43,44.45,54,RUS,European Russia
RJ4W,57.28,52.75,54,RUS,European Russia
RJ4Y,55.55,47.1,54,RUS,European Russia
RJ5A,55.75,37.62,54,RUS,European Russia
RJ5D,55.7,36.97,54,RUS,European Russia
RJ5E,52.85,36.43,54,RUS,European Russia
RJ5G,52.7,39.15,54,RUS,European Russia
RJ5I,57.15,34.62,54,RUS,European Russia
RJ5K,51.05,40.15,54,RUS,European Russia
RJ5L,55.0,33.0,54,RUS,European Russia
RJ5M,57.87,39.2,54,RUS,European Russia
RJ5N,58.55,43.68,54,RUS,European Russia
RJ5P,53.92,37.58,54,RUS,European Russia
RJ5R,52.72,41.57,54,RUS,European Russia
RJ5S,54.4,40.6,54,RUS,European Russia
RJ5T,56.48,44.53,54,RUS,European Russia
RJ5U,57.02,41.52,54,RUS,European Russia
RJ5V,56.08,40.62,54,RUS,European Russia
RJ5W,51.75,36.02,54,RUS,European Russia
RJ5X,54.43,35.43,54,RUS,European Russia
RJ5Y,52.95,33.4,54,RUS,European Russia
RJ5Z,50.77,37.45,54,RUS,European Russia
RJ6A,45.37,39.43,54,RUS,European Russia
RJ6E,43.92,41.78,54,RUS,European Russia
RJ6F,45.05,43.27,54,RUS,European Russia
RJ6I,46.57,45.32,54,RUS,European Russia
RJ6J,43.18,44.23,54,RUS,European Russia
RJ6K,44.93,34.1,54,RUS,European Russia
RJ6L,47.87,41.18,54,RUS,European Russia
RJ6P,43.4,45.72,54,RUS,European Russia
RJ6Q,43.2,44.97,54,RUS,European Russia
RJ6R,50.0,30.0,54,RUS,European Russia
RJ6U,47.23,47.23,54,RUS,European Russia
RJ6W,43.1,46.88,54,RUS,European Russia
RJ6X,43.58,43.4,54,RUS,European Russia
RJ6Y,44.65,40.0,54,RUS,European Russia
RJ7A,45.37,39.43,54,RUS,European Russia
RJ7E,43.92,41.78,54,RUS,European Russia
RJ7F,45.05,43.27,54,RUS,European Russia
RJ7I,46.57,45.32,54,RUS,European Russia
RJ7J,43.18,44.23,54,RUS,European Russia
RJ7K,44.93,34.1,54,RUS,European Russia
RJ7L,47.87,41.18,54,RUS,European Russia
RJ7P,43.4,45.72,54,RUS,European Russia
RJ7Q,43.2,44.97,54,RUS,European Russia
RJ7R,50.0,30.0,54,RUS,European Russia
RJ7U,47.23,47.23,54,RUS,European Russia
RJ7W,43.1,46.88,54,RUS,European Russia
RJ7X,43.58,43.4,54,RUS,European Russia
RJ7Y,44.65,40.0,54,RUS,European Russia
RJ8,55.88,84.08,15,RUS,Asiatic Russia
RJ8A,54.75,60.7,15,RUS,Asiatic Russia
RJ8C,58.7,61.33,15,RUS,Asiatic Russia
RJ8F,58.0,56.32,54,RUS,European Russia
RJ8H,58.75,82.13,15,RUS,Asiatic Russia
RJ8J,62.25,70.17,15,RUS,Asiatic Russia
RJ8K,65.3,74.03,15,RUS,Asiatic Russia
RJ8L,57.83,69.0,15,RUS,Asiatic Russia
RJ8M,56.22,73.27,15,RUS,Asiatic Russia
RJ8O,55.45,79.55,15,RUS,Asiatic Russia
RJ8Q,55.57,64.75,15,RUS,Asiatic Russia
RJ8S,52.13,55.6,15,RUS,Asiatic Russia
RJ8U,54.93,87.23,15,RUS,Asiatic Russia
RJ8W,54.47,56.27,15,RUS,Asiatic Russia
RJ8X,64.28,54.47,54,RUS,European Russia
RJ8Y,52.77,82.62,15,RUS,Asiatic Russia
RJ8Z,50.92,86.92,15,RUS,Asiatic Russia
RJ9,55.88,84.08,15,RUS,Asiatic Russia
RJ9A,54.75,60.7,15,RUS,Asiatic Russia
RJ9C,58.7,61.33,15,RUS,Asiatic Russia
RJ9F,58.0,56.32,54,RUS,European Russia
RJ9H,58.75,82.13,15,RUS,Asiatic Russia
RJ9J,62.25,70.17,15,RUS,Asiatic Russia
RJ9K,65.3,74.03,15,RUS,Asiatic Russia
RJ9L,57.83,69.0,15,RUS,Asiatic Russia
RJ9M,56.22,73.27,15,RUS,Asiatic Russia
RJ9O,55.45,79.55,15,RUS,Asiatic Russia
RJ9Q,55.57,64.75,15,RUS,Asiatic Russia
RJ9S,52.13,55.6,15,RUS,Asiatic Russia
RJ9U,54.93,87.23,15,RUS,Asiatic Russia
RJ9W,54.47,56.27,15,RUS,Asiatic Russia
RJ9X,64.28,54.47,54,RUS,European Russia
RJ9Y,52.77,82.62,15,RUS,Asiatic Russia
RJ9Z,50.92,86.92,15,RUS,Asiatic Russia
RK0,55.88,84.08,15,RUS,Asiatic Russia
RK0A,59.88,91.67,15,RUS,Asiatic Russia
RK0C,54.8,136.83,15,RUS,Asiatic Russia
RK0D,48.6,132.2,15,RUS,Asiatic Russia
RK0E,50.55,142.6,15,RUS,Asiatic Russia
RK0G,53.55,127.83,15,RUS,Asiatic Russia
RK0I,62.9,153.7,15,RUS,Asiatic Russia
RK0K,66.67,171.0,15,RUS,Asiatic Russia
RK0L,45.33,134.67,15,RUS,Asiatic Russia
RK0O,53.8,109.33,15,RUS,Asiatic Russia
RK0Q,66.4,129.17,15,RUS,Asiatic Russia
RK0R,57.37,106.0,15,RUS,Asiatic Russia
RK0U,54.0,118.0,15,RUS,Asiatic Russia
RK0W,53.5,90.0,15,RUS,Asiatic Russia
RK0X,56.0,159.0,15,RUS,Asiatic Russia
RK0Y,51.78,94.75,15,RUS,Asiatic Russia
RK1A,59.95,30.3,54,RUS,European Russia
RK1C,60.05,31.75,54,RUS,European Russia
RK1I,64.28,54.47,54,RUS,European Russia
RK1N,63.82,33.0,54,RUS,European Russia
RK1O,63.5,43.0,54,RUS,European Russia
RK1P,68.83,54.83,54,RUS,European Russia
RK1Q,60.08,40.45,54,RUS,European Russia
RK1T,58.43,32.38,54,RUS,European Russia
RK1W,57.32,29.25,54,RUS,European Russia
RK1Z,68.03,34.57,54,RUS,European Russia
RK2A,55.75,37.62,54,RUS,European Russia
RK2D,55.7,36.97,54,RUS,European Russia
RK2E,52.85,36.43,54,RUS,European Russia
RK2F,54.72,20.52,126,RUS,Kaliningrad
RK2G,52.7,39.15,54,RUS,European Russia
RK2I,57.15,34.62,54,RUS,European Russia
RK2L,55.0,33.0,54,RUS,European Russia
RK2M,57.87,39.2,54,RUS,European Russia
RK2N,58.55,43.68,54,RUS,European Russia
RK2O,51.05,40.15,54,RUS,European Russia
RK2P,53.92,37.58,54,RUS,European Russia
RK2R,52.72,41.57,54,RUS,European Russia
RK2S,54.4,40.6,54,RUS,European Russia
RK2T,56.48,44.53,54,RUS,European Russia
RK2U,57.02,41.52,54,RUS,European Russia
RK2V,56.08,40.62,54,RUS,European Russia
RK2W,51.75,36.02,54,RUS,European Russia
RK2X,54.43,35.43,54,RUS,European Russia
RK2Y,52.95,33.4,54,RUS,European Russia
RK2Z,50.77,37.45,54,RUS,European Russia
RK3A,55.75,37.62,54,RUS,European Russia
RK3D,55.7,36.97,54,RUS,European Russia
RK3E,52.85,36.43,54,RUS,European Russia
RK3G,52.7,39.15,54,RUS,European Russia
RK3I,57.15,34.62,54,RUS,European Russia
RK3K,51.05,40.15,54,RUS,European Russia
RK3L,55.0,33.0,54,RUS,European Russia
RK3M,57.87,39.2,54,RUS,European Russia
RK3N,58.55,43.68,54,RUS,European Russia
RK3P,53.92,37.58,54,RUS,European Russia
RK3R,52.72,41.57,54,RUS,European Russia
RK3S,54.4,40.6,54,RUS,European Russia
RK3T,56.48,44.53,54,RUS,European Russia
RK3U,57.02,41.52,54,RUS,European Russia
RK3V,56.08,40.62,54,RUS,European Russia
RK3W,51.75,36.02,54,RUS,European Russia
RK3X,54.43,35.43,54,RUS,European Russia
RK3Y,52.95,33.4,54,RUS,European Russia
RK3Z,50.77,37.45,54,RUS,European Russia
RK4A,49.73,44.12,54,RUS,European Russia
RK4C,51.78,46.73,54,RUS,European Russia
RK4F,53.25,44.57,54,RUS,European Russia
RK4H,53.45,50.45,54,RUS,European Russia
RK4L,53.95,47.92,54,RUS,European Russia
RK4N,58.77,49.83,54,RUS,European Russia
RK4P,55.55,50.93,54,RUS,European Russia
RK4S,56.7,47.87,54,RUS,European Russia
RK4U,54.43,44.45,54,RUS,European Russia
RK4W,57.28,52.75,54,RUS,European Russia
RK4Y,55.55,47.1,54,RUS,European Russia
RK5A,55.75,37.62,54,RUS,European Russia
RK5D,55.7,36.97,54,RUS,European Russia
RK5E,52.85,36.43,54,RUS,European Russia
RK5G,52.7,39.15,54,RUS,European Russia
RK5I,57.15,34.62,54,RUS,European Russia
RK5K,51.05,40.15,54,RUS,European Russia
RK5L,55.0,33.0,54,RUS,European Russia
RK5M,57.87,39.2,54,RUS,European Russia
RK5N,58.55,43.68,54,RUS,European Russia
RK5P,53.92,37.58,54,RUS,European Russia
RK5R,52.72,41.57,54,RUS,European Russia
RK5S,54.4,40.6,54,RUS,European Russia
RK5T,56.48,44.53,54,RUS,European Russia
RK5U,57.02,41.52,54,RUS,European Russia
RK5V,56.08,40.62,54,RUS,European Russia
RK5W,51.75,36.02,54,RUS,European Russia
RK5X,54.43,35.43,54,RUS,European Russia
RK5Y,52.95,33.4,54,RUS,European Russia
RK5Z,50.77,37.45,54,RUS,European Russia
RK6A,45.37,39.43,54,RUS,European Russia
RK6E,43.92,41.78,54,RUS,European Russia
RK6F,45.05,43.27,54,RUS,European Russia
RK6I,46.57,45.32,54,RUS,European Russia
RK6J,43.18,44.23,54,RUS,European Russia
RK6K,44.93,34.1,54,RUS,European Russia
RK6L,47.87,41.18,54,RUS,European Russia
RK6P,43.4,45.72,54,RUS,European Russia
RK6Q,43.2,44.97,54,RUS,European Russia
RK6R,50.0,30.0,54,RUS,European Russia
RK6U,47.23,47.23,54,RUS,European Russia
RK6W,43.1,46.88,54,RUS,European Russia
RK6X,43.58,43.4,54,RUS,European Russia
RK6Y,44.65,40.0,54,RUS,European Russia
RK7A,45.37,39.43,54,RUS,European Russia
RK7E,43.92,41.78,54,RUS,European Russia
RK7F,45.05,43.27,54,RUS,European Russia
RK7I,46.57,45.32,54,RUS,European Russia
RK7J,43.18,44.23,54,RUS,European Russia
RK7K,44.93,34.1,54,RUS,European Russia
RK7L,47.87,41.18,54,RUS,European Russia
RK7P,43.4,45.72,54,RUS,European Russia
RK7Q,43.2,44.97,54,RUS,European Russia
RK7R,50.0,30.0,54,RUS,European Russia
RK7U,47.23,47.23,54,RUS,European Russia
RK7W,43.1,46.88,54,RUS,European Russia
RK7X,43.58,43.4,54,RUS,European Russia
RK7Y,44.65,40.0,54,RUS,European Russia
RK8,55.88,84.08,15,RUS,Asiatic Russia
RK8A,54.75,60.7,15,RUS,Asiatic Russia
RK8C,58.7,61.33,15,RUS,Asiatic Russia
RK8F,58.0,56.32,54,RUS,European Russia
RK8H,58.75,82.13,15,RUS,Asiatic Russia
RK8J,62.25,70.17,15,RUS,Asiatic Russia
RK8K,65.3,74.03,15,RUS,Asiatic Russia
RK8L,57.83,69.0,15,RUS,Asiatic Russia
RK8M,56.22,73.27,15,RUS,Asiatic Russia
RK8O,55.45,79.55,15,RUS,Asiatic Russia
RK8Q,55.57,64.75,15,RUS,Asiatic Russia
RK8S,52.13,55.6,15,RUS,Asiatic Russia
RK8U,54.93,87.23,15,RUS,Asiatic Russia
RK8W,54.47,56.27,15,RUS,Asiatic Russia
RK8X,64.28,54.47,54,RUS,European Russia
RK8Y,52.77,82.62,15,RUS,Asiatic Russia
RK8Z,50.92,86.92,15,RUS,Asiatic Russia
RK9,55.88,84.08,15,RUS,Asiatic Russia
RK9A,54.75,60.7,15,RUS,Asiatic Russia
RK9C,58.7,61.33,15,RUS,Asiatic Russia
RK9F,58.0,56.32,54,RUS,European Russia
RK9H,58.75,82.13,15,RUS,Asiatic Russia
RK9J,62.25,70.17,15,RUS,Asiatic Russia
RK9K,65.3,74.03,15,RUS,Asiatic Russia
RK9L,57.83,69.0,15,RUS,Asiatic Russia
RK9M,56.22,73.27,15,RUS,Asiatic Russia
RK9O,55.45,79.55,15,RUS,Asiatic Russia
RK9Q,55.57,64.75,15,RUS,Asiatic Russia
RK9S,52.13,55.6,15,RUS,Asiatic Russia
RK9U,54.93,87.23,15,RUS,Asiatic Russia
RK9W,54.47,56.27,15,RUS,Asiatic Russia
RK9X,64.28,54.47,54,RUS,European Russia
RK9Y,52.77,82.62,15,RUS,Asiatic Russia
RK9Z,50.92,86.92,15,RUS,Asiatic Russia
RL0,55.88,84.08,15,RUS,Asiatic Russia
RL0A,59.88,91.67,15,RUS,Asiatic Russia
RL0C,54.8,136.83,15,RUS,Asiatic Russia
RL0D,48.6,132.2,15,RUS,Asiatic Russia
RL0E,50.55,142.6,15,RUS,Asiatic Russia
RL0G,53.55,127.83,15,RUS,Asiatic Russia
RL0I,62.9,153.7,15,RUS,Asiatic Russia
RL0K,66.67,171.0,15,RUS,Asiatic Russia
RL0L,45.33,134.67,15,RUS,Asiatic Russia
RL0O,53.8,109.33,15,RUS,Asiatic Russia
RL0Q,66.4,129.17,15,RUS,Asiatic Russia
RL0R,57.37,106.0,15,RUS,Asiatic Russia
RL0U,54.0,118.0,15,RUS,Asiatic Russia
RL0W,53.5,90.0,15,RUS,Asiatic Russia
RL0X,56.0,159.0,15,RUS,Asiatic Russia
RL0Y,51.78,94.75,15,RUS,Asiatic Russia
RL1A,59.95,30.3,54,RUS,European Russia
RL1C,60.05,31.75,54,RUS,European Russia
RL1I,64.28,54.47,54,RUS,European Russia
RL1N,63.82,33.0,54,RUS,European Russia
RL1O,63.5,43.0,54,RUS,European Russia
RL1P,68.83,54.83,54,RUS,European Russia
RL1Q,60.08,40.45,54,RUS,European Russia
RL1T,58.43,32.38,54,RUS,European Russia
RL1W,57.32,29.25,54,RUS,European Russia
RL1Z,68.03,34.57,54,RUS,European Russia
RL2A,55.75,37.62,54,RUS,European Russia
RL2D,55.7,36.97,54,RUS,European Russia
RL2E,52.85,36.43,54,RUS,European Russia
RL2F,54.72,20.52,126,RUS,Kaliningrad
RL2G,52.7,39.15,54,RUS,European Russia
RL2I,57.15,34.62,54,RUS,European Russia
RL2L,55.0,33.0,54,RUS,European Russia
RL2M,57.87,39.2,54,RUS,European Russia
RL2N,58.55,43.68,54,RUS,European Russia
RL2O,51.05,40.15,54,RUS,European Russia
RL2P,53.92,37.58,54,RUS,European Russia
RL2R,52.72,41.57,54,RUS,European Russia
RL2S,54.4,40.6,54,RUS,European Russia
RL2T,56.48,44.53,54,RUS,European Russia
RL2U,57.02,41.52,54,RUS,European Russia
RL2V,56.08,40.62,54,RUS,European Russia
RL2W,51.75,36.02,54,RUS,European Russia
RL2X,54.43,35.43,54,RUS,European Russia
RL2Y,52.95,33.4,54,RUS,European Russia
RL2Z,50.77,37.45,54,RUS,European Russia
RL3A,55.75,37.62,54,RUS,European Russia
RL3D,55.7,36.97,54,RUS,European Russia
RL3E,52.85,36.43,54,RUS,European Russia
RL3G,52.7,39.15,54,RUS,European Russia
RL3I,57.15,34.62,54,RUS,European Russia
RL3K,51.05,40.15,54,RUS,European Russia
RL3L,55.0,33.0,54,RUS,European Russia
RL3M,57.87,39.2,54,RUS,European Russia
RL3N,58.55,43.68,54,RUS,European Russia
RL3P,53.92,37.58,54,RUS,European Russia
RL3R,52.72,41.57,54,RUS,European Russia
RL3S,54.4,40.6,54,RUS,European Russia
RL3T,56.48,44.53,54,RUS,European Russia
RL3U,57.02,41.52,54,RUS,European Russia
RL3V,56.08,40.62,54,RUS,European Russia
RL3W,51.75,36.02,54,RUS,European Russia
RL3X,54.43,35.43,54,RUS,European Russia
RL3Y,52.95,33.4,54,RUS,European Russia
RL3Z,50.77,37.45,54,RUS,European Russia
RL4A,49.73,44.12,54,RUS,European Russia
RL4C,51.78,46.73,54,RUS,European Russia
RL4F,53.25,44.57,54,RUS,European Russia
RL4H,53.45,50.45,54,RUS,European Russia
RL4L,53.95,47.92,54,RUS,European Russia
RL4N,58.77,49.83,54,RUS,European Russia
RL4P,55.55,50.93,54,RUS,European Russia
RL4S,56.7,47.87,54,RUS,European Russia
RL4U,54.43,44.45,54,RUS,European Russia
RL4W,57.28,52.75,54,RUS,European Russia
RL4Y,55.55,47.1,54,RUS,European Russia
RL5A,55.75,37.62,54,RUS,European Russia
RL5D,55.7,36.97,54,RUS,European Russia
RL5E,52.85,36.43,54,RUS,European Russia
RL5G,52.7,39.15,54,RUS,European Russia
RL5I,57.15,34.62,54,RUS,European Russia
RL5K,51.05,40.15,54,RUS,European Russia
RL5L,55.0,33.0,54,RUS,European Russia
RL5M,57.87,39.2,54,RUS,European Russia
RL5N,58.55,43.68,54,RUS,European Russia
RL5P,53.92,37.58,54,RUS,European Russia
RL5R,52.72,41.57,54,RUS,European Russia
RL5S,54.4,40.6,54,RUS,European Russia
RL5T,56.48,44.53,54,RUS,European Russia
RL5U,57.02,41.52,54,RUS,European Russia
RL5V,56.08,40.62,54,RUS,European Russia
RL5W,51.75,36.02,54,RUS,European Russia
RL5X,54.43,35.43,54,RUS,European Russia
RL5Y,52.95,33.4,54,RUS,European Russia
RL5Z,50.77,37.45,54,RUS,European Russia
RL6A,45.37,39.43,54,RUS,European Russia
RL6E,43.92,41.78,54,RUS,European Russia
RL6F,45.05,43.27,54,RUS,European Russia
RL6I,46.57,45.32,54,RUS,European Russia
RL6J,43.18,44.23,54,RUS,European Russia
RL6K,44.93,34.1,54,RUS,European Russia
RL6L,47.87,41.18,54,RUS,European Russia
RL6P,43.4,45.72,54,RUS,European Russia
RL6Q,43.2,44.97,54,RUS,European Russia
RL6R,50.0,30.0,54,RUS,European Russia
RL6U,47.23,47.23,54,RUS,European Russia
RL6W,43.1,46.88,54,RUS,European Russia
RL6X,43.58,43.4,54,RUS,European Russia
RL6Y,44.65,40.0,54,RUS,European Russia
RL7A,45.37,39.43,54,RUS,European Russia
RL7E,43.92,41.78,54,RUS,European Russia
RL7F,45.05,43.27,54,RUS,European Russia
RL7I,46.57,45.32,54,RUS,European Russia
RL7J,43.18,44.23,54,RUS,European Russia
RL7K,44.93,34.1,54,RUS,European Russia
RL7L,47.87,41.18,54,RUS,European Russia
RL7P,43.4,45.72,54,RUS,European Russia
RL7Q,43.2,44.97,54,RUS,European Russia
RL7R,50.0,30.0,54,RUS,European Russia
RL7U,47.23,47.23,54,RUS,European Russia
RL7W,43.1,46.88,54,RUS,European Russia
RL7X,43.58,43.4,54,RUS,European Russia
RL7Y,44.65,40.0,54,RUS,European Russia
RL8,55.88,84.08,15,RUS,Asiatic Russia
RL8A,54.75,60.7,15,RUS,Asiatic Russia
RL8C,58.7,61.33,15,RUS,Asiatic Russia
RL8F,58.0,56.32,54,RUS,European Russia
RL8H,58.75,82.13,15,RUS,Asiatic Russia
RL8J,62.25,70.17,15,RUS,Asiatic Russia
RL8K,65.3,74.03,15,RUS,Asiatic Russia
RL8L,57.83,69.0,15,RUS,Asiatic Russia
RL8M,56.22,73.27,15,RUS,Asiatic Russia
RL8O,55.45,79.55,15,RUS,Asiatic Russia
RL8Q,55.57,64.75,15,RUS,Asiatic Russia
RL8S,52.13,55.6,15,RUS,Asiatic Russia
RL8U,54.93,87.23,15,RUS,Asiatic Russia
RL8W,54.47,56.27,15,RUS,Asiatic Russia
RL8X,64.28,54.47,54,RUS,European Russia
RL8Y,52.77,82.62,15,RUS,Asiatic Russia
RL8Z,50.92,86.92,15,RUS,Asiatic Russia
RL9,55.88,84.08,15,RUS,Asiatic Russia
RL9A,54.75,60.7,15,RUS,Asiatic Russia
RL9C,58.7,61.33,15,RUS,Asiatic Russia
RL9F,58.0,56.32,54,RUS,European Russia
RL9H,58.75,82.13,15,RUS,Asiatic Russia
RL9J,62.25,70.17,15,RUS,Asiatic Russia
RL9K,65.3,74.03,15,RUS,Asiatic Russia
RL9L,57.83,69.0,15,RUS,Asiatic Russia
RL9M,56.22,73.27,15,RUS,Asiatic Russia
RL9O,55.45,79.55,15,RUS,Asiatic Russia
RL9Q,55.57,64.75,15,RUS,Asiatic Russia
RL9S,52.13,55.6,15,RUS,Asiatic Russia
RL9U,54.93,87.23,15,RUS,Asiatic Russia
RL9W,54.47,56.27,15,RUS,Asiatic Russia
RL9X,64.28,54.47,54,RUS,European Russia
RL9Y,52.77,82.62,15,RUS,Asiatic Russia
RL9Z,50.92,86.92,15,RUS,Asiatic Russia
RM0,55.88,84.08,15,RUS,Asiatic Russia
RM0A,59.88,91.67,15,RUS,Asiatic Russia
RM0C,54.8,136.83,15,RUS,Asiatic Russia
RM0D,48.6,132.2,15,RUS,Asiatic Russia
RM0E,50.55,142.6,15,RUS,Asiatic Russia
RM0G,53.55,127.83,15,RUS,Asiatic Russia
RM0I,62.9,153.7,15,RUS,Asiatic Russia
RM0K,66.67,171.0,15,RUS,Asiatic Russia
RM0L,45.33,134.67,15,RUS,Asiatic Russia
RM0O,53.8,109.33,15,RUS,Asiatic Russia
RM0Q,66.4,129.17,15,RUS,Asiatic Russia
RM0R,57.37,106.0,15,RUS,Asiatic Russia
RM0U,54.0,118.0,15,RUS,Asiatic Russia
RM0W,53.5,90.0,15,RUS,Asiatic Russia
RM0X,56.0,159.0,15,RUS,Asiatic Russia
RM0Y,51.78,94.75,15,RUS,Asiatic Russia
RM1A,59.95,30.3,54,RUS,European Russia
RM1C,60.05,31.75,54,RUS,European Russia
RM1I,64.28,54.47,54,RUS,European Russia
RM1N,63.82,33.0,54,RUS,European Russia
RM1O,63.5,43.0,54,RUS,European Russia
RM1P,68.83,54.83,54,RUS,European Russia
RM1Q,60.08,40.45,54,RUS,European Russia
RM1T,58.43,32.38,54,RUS,European Russia
RM1W,57.32,29.25,54,RUS,European Russia
RM1Z,68.03,34.57,54,RUS,European Russia
RM2A,55.75,37.62,54,RUS,European Russia
RM2D,55.7,36.97,54,RUS,European Russia
RM2E,52.85,36.43,54,RUS,European Russia
RM2F,54.72,20.52,126,RUS,Kaliningrad
RM2G,52.7,39.15,54,RUS,European Russia
RM2I,57.15,34.62,54,RUS,European Russia
RM2L,55.0,33.0,54,RUS,European Russia
RM2M,57.87,39.2,54,RUS,European Russia
RM2N,58.55,43.68,54,RUS,European Russia
RM2O,51.05,40.15,54,RUS,European Russia
RM2P,53.92,37.58,54,RUS,European Russia
RM2R,52.72,41.57,54,RUS,European Russia
RM2S,54.4,40.6,54,RUS,European Russia
RM2T,56.48,44.53,54,RUS,European Russia
RM2U,57.02,41.52,54,RUS,European Russia
RM2V,56.08,40.62,54,RUS,European Russia
RM2W,51.75,36.02,54,RUS,European Russia
RM2X,54.43,35.43,54,RUS,European Russia
RM2Y,52.95,33.4,54,RUS,European Russia
RM2Z,50.77,37.45,54,RUS,European Russia
RM3A,55.75,37.62,54,RUS,European Russia
RM3D,55.7,36.97,54,RUS,European Russia
RM3E,52.85,36.43,54,RUS,European Russia
RM3G,52.7,39.15,54,RUS,European Russia
RM3I,57.15,34.62,54,RUS,European Russia
RM3K,51.05,40.15,54,RUS,European Russia
RM3L,55.0,33.0,54,RUS,European Russia
RM3M,57.87,39.2,54,RUS,European Russia
RM3N,58.55,43.68,54,RUS,European Russia
RM3P,53.92,37.58,54,RUS,European Russia
RM3R,52.72,41.57,54,RUS,European Russia
RM3S,54.4,40.6,54,RUS,European Russia
RM3T,56.48,44.53,54,RUS,European Russia
RM3U,57.02,41.52,54,RUS,European Russia
RM3V,56.08,40.62,54,RUS,European Russia
RM3W,51.75,36.02,54,RUS,European Russia
RM3X,54.43,35.43,54,RUS,European Russia
RM3Y,52.95,33.4,54,RUS,European Russia
RM3Z,50.77,37.45,54,RUS,European Russia
RM4A,49.73,44.12,54,RUS,European Russia
RM4C,51.78,46.73,54,RUS,European Russia
RM4F,53.25,44.57,54,RUS,European Russia
RM4H,53.45,50.45,54,RUS,European Russia
RM4L,53.95,47.92,54,RUS,European Russia
RM4N,58.77,49.83,54,RUS,European Russia
RM4P,55.55,50.93,54,RUS,European Russia
RM4S,56.7,47.87,54,RUS,European Russia
RM4U,54.43,44.45,54,RUS,European Russia
RM4W,57.28,52.75,54,RUS,European Russia
RM4Y,55.55,47.1,54,RUS,European Russia
RM5A,55.75,37.62,54,RUS,European Russia
RM5D,55.7,36.97,54,RUS,European Russia
RM5E,52.85,36.43,54,RUS,European Russia
RM5G,52.7,39.15,54,RUS,European Russia
RM5I,57.15,34.62,54,RUS,European Russia
RM5K,51.05,40.15,54,RUS,European Russia
RM5L,55.0,33.0,54,RUS,European Russia
RM5M,57.87,39.2,54,RUS,European Russia
RM5N,58.55,43.68,54,RUS,European Russia
RM5P,53.92,37.58,54,RUS,European Russia
RM5R,52.72,41.57,54,RUS,European Russia
RM5S,54.4,40.6,54,RUS,European Russia
RM5T,56.48,44.53,54,RUS,European Russia
RM5U,57.02,41.52,54,RUS,European Russia
RM5V,56.08,40.62,54,RUS,European Russia
RM5W,51.75,36.02,54,RUS,European Russia
RM5X,54.43,35.43,54,RUS,European Russia
RM5Y,52.95,33.4,54,RUS,European Russia
RM5Z,50.77,37.45,54,RUS,European Russia
RM6A,45.37,39.43,54,RUS,European Russia
RM6E,43.92,41.78,54,RUS,European Russia
RM6F,45.05,43.27,54,RUS,European Russia
RM6I,46.57,45.32,54,RUS,European Russia
RM6J,43.18,44.23,54,RUS,European Russia
RM6K,44.93,34.1,54,RUS,European Russia
RM6L,47.87,41.18,54,RUS,European Russia
RM6P,43.4,45.72,54,RUS,European Russia
RM6Q,43.2,44.97,54,RUS,European Russia
RM6R,50.0,30.0,54,RUS,European Russia
RM6U,47.23,47.23,54,RUS,European Russia
RM6W,43.1,46.88,54,RUS,European Russia
RM6X,43.58,43.4,54,RUS,European Russia
RM6Y,44.65,40.0,54,RUS,European Russia
RM7A,45.37,39.43,54,RUS,European Russia
RM7E,43.92,41.78,54,RUS,European Russia
RM7F,45.05,43.27,54,RUS,European Russia
RM7I,46.57,45.32,54,RUS,European Russia
RM7J,43.18,44.23,54,RUS,European Russia
RM7K,44.93,34.1,54,RUS,European Russia
RM7L,47.87,41.18,54,RUS,European Russia
RM7P,43.4,45.72,54,RUS,European Russia
RM7Q,43.2,44.97,54,RUS,European Russia
RM7R,50.0,30.0,54,RUS,European Russia
RM7U,47.23,47.23,54,RUS,European Russia
RM7W,43.1,46.88,54,RUS,European Russia
RM7X,43.58,43.4,54,RUS,European Russia
RM7Y,44.65,40.0,54,RUS,European Russia
RM8,55.88,84.08,15,RUS,Asiatic Russia
RM8A,54.75,60.7,15,RUS,Asiatic Russia
RM8C,58.7,61.33,15,RUS,Asiatic Russia
RM8F,58.0,56.32,54,RUS,European Russia
RM8H,58.75,82.13,15,RUS,Asiatic Russia
RM8J,62.25,70.17,15,RUS,Asiatic Russia
RM8K,65.3,74.03,15,RUS,Asiatic Russia
RM8L,57.83,69.0,15,RUS,Asiatic Russia
RM8M,56.22,73.27,15,RUS,Asiatic Russia
RM8O,55.45,79.55,15,RUS,Asiatic Russia
RM8Q,55.57,64.75,15,RUS,Asiatic Russia
RM8S,52.13,55.6,15,RUS,Asiatic Russia
RM8U,54.93,87.23,15,RUS,Asiatic Russia
RM8W,54.47,56.27,15,RUS,Asiatic Russia
RM8X,64.28,54.47,54,RUS,European Russia
RM8Y,52.77,82.62,15,RUS,Asiatic Russia
RM8Z,50.92,86.92,15,RUS,Asiatic Russia
RM9,55.88,84.08,15,RUS,Asiatic Russia
RM9A,54.75,60.7,15,RUS,Asiatic Russia
RM9C,58.7,61.33,15,RUS,Asiatic Russia
RM9F,58.0,56.32,54,RUS,European Russia
RM9H,58.75,82.13,15,RUS,Asiatic Russia
RM9J,62.25,70.17,15,RUS,Asiatic Russia
RM9K,65.3,74.03,15,RUS,Asiatic Russia
RM9L,57.83,69.0,15,RUS,Asiatic Russia
RM9M,56.22,73.27,15,RUS,Asiatic Russia
RM9O,55.45,79.55,15,RUS,Asiatic Russia
RM9Q,55.57,64.75,15,RUS,Asiatic Russia
RM9S,52.13,55.6,15,RUS,Asiatic Russia
RM9U,54.93,87.23,15,RUS,Asiatic Russia
RM9W,54.47,56.27,15,RUS,Asiatic Russia
RM9X,64.28,54.47,54,RUS,European Russia
RM9Y,52.77,82.62,15,RUS,Asiatic Russia
RM9Z,50.92,86.92,15,RUS,Asiatic Russia
RN0,55.88,84.08,15,RUS,Asiatic Russia
RN0A,59.88,91.67,15,RUS,Asiatic Russia
RN0C,54.8,136.83,15,RUS,Asiatic Russia
RN0D,48.6,132.2,15,RUS,Asiatic Russia
RN0E,50.55,142.6,15,RUS,Asiatic Russia
RN0G,53.55,127.83,15,RUS,Asiatic Russia
RN0I,62.9,153.7,15,RUS,Asiatic Russia
RN0K,66.67,171.0,15,RUS,Asiatic Russia
RN0L,45.33,134.67,15,RUS,Asiatic Russia
RN0O,53.8,109.33,15,RUS,Asiatic Russia
RN0Q,66.4,129.17,15,RUS,Asiatic Russia
RN0R,57.37,106.0,15,RUS,Asiatic Russia
RN0U,54.0,118.0,15,RUS,Asiatic Russia
RN0W,53.5,90.0,15,RUS,Asiatic Russia
RN0X,56.0,159.0,15,RUS,Asiatic Russia
RN0Y,51.78,94.75,15,RUS,Asiatic Russia
RN1A,59.95,30.3,54,RUS,European Russia
RN1C,60.05,31.75,54,RUS,European Russia
RN1I,64.28,54.47,54,RUS,European Russia
RN1N,63.82,33.0,54,RUS,European Russia
RN1O,63.5,43.0,54,RUS,European Russia
RN1P,68.83,54.83,54,RUS,European Russia
RN1Q,60.08,40.45,54,RUS,European Russia
RN1T,58.43,32.38,54,RUS,European Russia
RN1W,57.32,29.25,54,RUS,European Russia
RN1Z,68.03,34.57,54,RUS,European Russia
RN2A,55.75,37.62,54,RUS,European Russia
RN2D,55.7,36.97,54,RUS,European Russia
RN2E,52.85,36.43,54,RUS,European Russia
RN2F,54.72,20.52,126,RUS,Kaliningrad
RN2G,52.7,39.15,54,RUS,European Russia
RN2I,57.15,34.62,54,RUS,European Russia
RN2L,55.0,33.0,54,RUS,European Russia
RN2M,57.87,39.2,54,RUS,European Russia
RN2N,58.55,43.68,54,RUS,European Russia
RN2O,51.05,40.15,54,RUS,European Russia
RN2P,53.92,37.58,54,RUS,European Russia
RN2R,52.72,41.57,54,RUS,European Russia
RN2S,54.4,40.6,54,RUS,European Russia
RN2T,56.48,44.53,54,RUS,European Russia
RN2U,57.02,41.52,54,RUS,European Russia
RN2V,56.08,40.62,54,RUS,European Russia
RN2W,51.75,36.02,54,RUS,European Russia
RN2X,54.43,35.43,54,RUS,European Russia
RN2Y,52.95,33.4,54,RUS,European Russia
RN2Z,50.77,37.45,54,RUS,European Russia
RN3A,55.75,37.62,54,RUS,European Russia
RN3D,55.7,36.97,54,RUS,European Russia
RN3E,52.85,36.43,54,RUS,European Russia
RN3G,52.7,39.15,54,RUS,European Russia
RN3I,57.15,34.62,54,RUS,European Russia
RN3K,51.05,40.15,54,RUS,European Russia
RN3L,55.0,33.0,54,RUS,European Russia
RN3M,57.87,39.2,54,RUS,European Russia
RN3N,58.55,43.68,54,RUS,European Russia
RN3P,53.92,37.58,54,RUS,European Russia
RN3R,52.72,41.57,54,RUS,European Russia
RN3S,54.4,40.6,54,RUS,European Russia
RN3T,56.48,44.53,54,RUS,European Russia
RN3U,57.02,41.52,54,RUS,European Russia
RN3V,56.08,40.62,54,RUS,European Russia
RN3W,51.75,36.02,54,RUS,European Russia
RN3X,54.43,35.43,54,RUS,European Russia
RN3Y,52.95,33.4,54,RUS,European Russia
RN3Z,50.77,37.45,54,RUS,European Russia
RN4A,49.73,44.12,54,RUS,European Russia
RN4C,51.78,46.73,54,RUS,European Russia
RN4F,53.25,44.57,54,RUS,European Russia
RN4H,53.45,50.45,54,RUS,European Russia
RN4L,53.95,47.92,54,RUS,European Russia
RN4N,58.77,49.83,54,RUS,European Russia
RN4P,55.55,50.93,54,RUS,European Russia
RN4S,56.7,47.87,54,RUS,European Russia
RN4U,54.43,44.45,54,RUS,European Russia
RN4W,57.28,52.75,54,RUS,European Russia
RN4Y,55.55,47.1,54,RUS,European Russia
RN5A,55.75,37.62,54,RUS,European Russia
RN5D,55.7,36.97,54,RUS,European Russia
RN5E,52.85,36.43,54,RUS,European Russia
RN5G,52.7,39.15,54,RUS,European Russia
RN5I,57.15,34.62,54,RUS,European Russia
RN5K,51.05,40.15,54,RUS,European Russia
RN5L,55.0,33.0,54,RUS,European Russia
RN5M,57.87,39.2,54,RUS,European Russia
RN5N,58.55,43.68,54,RUS,European Russia
RN5P,53.92,37.58,54,RUS,European Russia
RN5R,52.72,41.57,54,RUS,European Russia
RN5S,54.4,40.6,54,RUS,European Russia
RN5T,56.48,44.53,54,RUS,European Russia
RN5U,57.02,41.52,54,RUS,European Russia
RN5V,56.08,40.62,54,RUS,European Russia
RN5W,51.75,36.02,54,RUS,European Russia
RN5X,54.43,35.43,54,RUS,European Russia
RN5Y,52.95,33.4,54,RUS,European Russia
RN5Z,50.77,37.45,54,RUS,European Russia
RN6A,45.37,39.43,54,RUS,European Russia
RN6E,43.92,41.78,54,RUS,European Russia
RN6F,45.05,43.27,54,RUS,European Russia
RN6I,46.57,45.32,54,RUS,European Russia
RN6J,43.18,44.23,54,RUS,European Russia
RN6K,44.93,34.1,54,RUS,European Russia
RN6L,47.87,41.18,54,RUS,European Russia
RN6P,43.4,45.72,54,RUS,European Russia
RN6Q,43.2,44.97,54,RUS,European Russia
RN6R,50.0,30.0,54,RUS,European Russia
RN6U,47.23,47.23,54,RUS,European Russia
RN6W,43.1,46.88,54,RUS,European Russia
RN6X,43.58,43.4,54,RUS,European Russia
RN6Y,44.65,40.0,54,RUS,European Russia
RN7A,45.37,39.43,54,RUS,European Russia
RN7E,43.92,41.78,54,RUS,European Russia
RN7F,45.05,43.27,54,RUS,European Russia
RN7I,46.57,45.32,54,RUS,European Russia
RN7J,43.18,44.23,54,RUS,European Russia
RN7K,44.93,34.1,54,RUS,European Russia
RN7L,47.87,41.18,54,RUS,European Russia
RN7P,43.4,45.72,54,RUS,European Russia
RN7Q,43.2,44.97,54,RUS,European Russia
RN7R,50.0,30.0,54,RUS,European Russia
RN7U,47.23,47.23,54,RUS,European Russia
RN7W,43.1,46.88,54,RUS,European Russia
RN7X,43.58,43.4,54,RUS,European Russia
RN7Y,44.65,40.0,54,RUS,European Russia
RN8,55.88,84.08,15,RUS,Asiatic Russia
RN8A,54.75,60.7,15,RUS,Asiatic Russia
RN8C,58.7,61.33,15,RUS,Asiatic Russia
RN8F,58.0,56.32,54,RUS,European Russia
RN8H,58.75,82.13,15,RUS,Asiatic Russia
RN8J,62.25,70.17,15,RUS,Asiatic Russia
RN8K,65.3,74.03,15,RUS,Asiatic Russia
RN8L,57.83,69.0,15,RUS,Asiatic Russia
RN8M,56.22,73.27,15,RUS,Asiatic Russia
RN8O,55.45,79.55,15,RUS,Asiatic Russia
RN8Q,55.57,64.75,15,RUS,Asiatic Russia
RN8S,52.13,55.6,15,RUS,Asiatic Russia
RN8U,54.93,87.23,15,RUS,Asiatic Russia
RN8W,54.47,56.27,15,RUS,Asiatic Russia
RN8X,64.28,54.47,54,RUS,European Russia
RN8Y,52.77,82.62,15,RUS,Asiatic Russia
RN8Z,50.92,86.92,15,RUS,Asiatic Russia
RN9,55.88,84.08,15,RUS,Asiatic Russia
RN9A,54.75,60.7,15,RUS,Asiatic Russia
RN9C,58.7,61.33,15,RUS,Asiatic Russia
RN9F,58.0,56.32,54,RUS,European Russia
RN9H,58.75,82.13,15,RUS,Asiatic Russia
RN9J,62.25,70.17,15,RUS,Asiatic Russia
RN9K,65.3,74.03,15,RUS,Asiatic Russia
RN9L,57.83,69.0,15,RUS,Asiatic Russia
RN9M,56.22,73.27,15,RUS,Asiatic Russia
RN9O,55.45,79.55,15,RUS,Asiatic Russia
RN9Q,55.57,64.75,15,RUS,Asiatic Russia
RN9S,52.13,55.6,15,RUS,Asiatic Russia
RN9U,54.93,87.23,15,RUS,Asiatic Russia
RN9W,54.47,56.27,15,RUS,Asiatic Russia
RN9X,64.28,54.47,54,RUS,European Russia
RN9Y,52.77,82.62,15,RUS,Asiatic Russia
RN9Z,50.92,86.92,15,RUS,Asiatic Russia
RO0,55.88,84.08,15,RUS,Asiatic Russia
RO0A,59.88,91.67,15,RUS,Asiatic Russia
RO0C,54.8,136.83,15,RUS,Asiatic Russia
RO0D,48.6,132.2,15,RUS,Asiatic Russia
RO0E,50.55,142.6,15,RUS,Asiatic Russia
RO0G,53.55,127.83,15,RUS,Asiatic Russia
RO0I,62.9,153.7,15,RUS,Asiatic Russia
RO0K,66.67,171.0,15,RUS,Asiatic Russia
RO0L,45.33,134.67,15,RUS,Asiatic Russia
RO0O,53.8,109.33,15,RUS,Asiatic Russia
RO0Q,66.4,129.17,15,RUS,Asiatic Russia
RO0R,57.37,106.0,15,RUS,Asiatic Russia
RO0U,54.0,118.0,15,RUS,Asiatic Russia
RO0W,53.5,90.0,15,RUS,Asiatic Russia
RO0X,56.0,159.0,15,RUS,Asiatic Russia
RO0Y,51.78,94.75,15,RUS,Asiatic Russia
RO1A,59.95,30.3,54,RUS,European Russia
RO1C,60.05,31.75,54,RUS,European Russia
RO1I,64.28,54.47,54,RUS,European Russia
RO1N,63.82,33.0,54,RUS,European Russia
RO1O,63.5,43.0,54,RUS,European Russia
RO1P,68.83,54.83,54,RUS,European Russia
RO1Q,60.08,40.45,54,RUS,European Russia
RO1T,58.43,32.38,54,RUS,European Russia
RO1W,57.32,29.25,54,RUS,European Russia
RO1Z,68.03,34.57,54,RUS,European Russia
RO2A,55.75,37.62,54,RUS,European Russia
RO2D,55.7,36.97,54,RUS,European Russia
RO2E,52.85,36.43,54,RUS,European Russia
RO2F,54.72,20.52,126,RUS,Kaliningrad
RO2G,52.7,39.15,54,RUS,European Russia
RO2I,57.15,34.62,54,RUS,European Russia
RO2L,55.0,33.0,54,RUS,European Russia
RO2M,57.87,39.2,54,RUS,European Russia
RO2N,58.55,43.68,54,RUS,European Russia
RO2O,51.05,40.15,54,RUS,European Russia
RO2P,53.92,37.58,54,RUS,European Russia
RO2R,52.72,41.57,54,RUS,European Russia
RO2S,54.4,40.6,54,RUS,European Russia
RO2T,56.48,44.53,54,RUS,European Russia
RO2U,57.02,41.52,54,RUS,European Russia
RO2V,56.08,40.62,54,RUS,European Russia
RO2W,51.75,36.02,54,RUS,European Russia
RO2X,54.43,35.43,54,RUS,European Russia
RO2Y,52.95,33.4,54,RUS,European Russia
RO2Z,50.77,37.45,54,RUS,European Russia
RO3A,55.75,37.62,54,RUS,European Russia
RO3D,55.7,36.97,54,RUS,European Russia
RO3E,52.85,36.43,54,RUS,European Russia
RO3G,52.7,39.15,54,RUS,European Russia
RO3I,57.15,34.62,54,RUS,European Russia
RO3K,51.05,40.15,54,RUS,European Russia
RO3L,55.0,33.0,54,RUS,European Russia
RO3M,57.87,39.2,54,RUS,European Russia
RO3N,58.55,43.68,54,RUS,European Russia
RO3P,53.92,37.58,54,RUS,European Russia
RO3R,52.72,41.57,54,RUS,European Russia
RO3S,54.4,40.6,54,RUS,European Russia
RO3T,56.48,44.53,54,RUS,European Russia
RO3U,57.02,41.52,54,RUS,European Russia
RO3V,56.08,40.62,54,RUS,European Russia
RO3W,51.75,36.02,54,RUS,European Russia
RO3X,54.43,35.43,54,RUS,European Russia
RO3Y,52.95,33.4,54,RUS,European Russia
RO3Z,50.77,37.45,54,RUS,European Russia
RO4A,49.73,44.12,54,RUS,European Russia
RO4C,51.78,46.73,54,RUS,European Russia
RO4F,53.25,44.57,54,RUS,European Russia
RO4H,53.45,50.45,54,RUS,European Russia
RO4L,53.95,47.92,54,RUS,European Russia
RO4N,58.77,49.83,54,RUS,European Russia
RO4P,55.55,50.93,54,RUS,European Russia
RO4S,56.7,47.87,54,RUS,European Russia
RO4U,54.43,44.45,54,RUS,European Russia
RO4W,57.28,52.75,54,RUS,European Russia
RO4Y,55.55,47.1,54,RUS,European Russia
RO5A,55.75,37.62,54,RUS,European Russia
RO5D,55.7,36.97,54,RUS,European Russia
RO5E,52.85,36.43,54,RUS,European Russia
RO5G,52.7,39.15,54,RUS,European Russia
RO5I,57.15,34.62,54,RUS,European Russia
RO5K,51.05,40.15,54,RUS,European Russia
RO5L,55.0,33.0,54,RUS,European Russia
RO5M,57.87,39.2,54,RUS,European Russia
RO5N,58.55,43.68,54,RUS,European Russia
RO5P,53.92,37.58,54,RUS,European Russia
RO5R,52.72,41.57,54,RUS,European Russia
RO5S,54.4,40.6,54,RUS,European Russia
RO5T,56.48,44.53,54,RUS,European Russia
RO5U,57.02,41.52,54,RUS,European Russia
RO5V,56.08,40.62,54,RUS,European Russia
RO5W,51.75,36.02,54,RUS,European Russia
RO5X,54.43,35.43,54,RUS,European Russia
RO5Y,52.95,33.4,54,RUS,European Russia
RO5Z,50.77,37.45,54,RUS,European Russia
RO6A,45.37,39.43,54,RUS,European Russia
RO6E,43.92,41.78,54,RUS,European Russia
RO6F,45.05,43.27,54,RUS,European Russia
RO6I,46.57,45.32,54,RUS,European Russia
RO6J,43.18,44.23,54,RUS,European Russia
RO6K,44.93,34.1,54,RUS,European Russia
RO6L,47.87,41.18,54,RUS,European Russia
RO6P,43.4,45.72,54,RUS,European Russia
RO6Q,43.2,44.97,54,RUS,European Russia
RO6R,50.0,30.0,54,RUS,European Russia
RO6U,47.23,47.23,54,RUS,European Russia
RO6W,43.1,46.88,54,RUS,European Russia
RO6X,43.58,43.4,54,RUS,European Russia
RO6Y,44.65,40.0,54,RUS,European Russia
RO7A,45.37,39.43,54,RUS,European Russia
RO7E,43.92,41.78,54,RUS,European Russia
RO7F,45.05,43.27,54,RUS,European Russia
RO7I,46.57,45.32,54,RUS,European Russia
RO7J,43.18,44.23,54,RUS,European Russia
RO7K,44.93,34.1,54,RUS,European Russia
RO7L,47.87,41.18,54,RUS,European Russia
RO7P,43.4,45.72,54,RUS,European Russia
RO7Q,43.2,44.97,54,RUS,European Russia
RO7R,50.0,30.0,54,RUS,European Russia
RO7U,47.23,47.23,54,RUS,European Russia
RO7W,43.1,46.88,54,RUS,European Russia
RO7X,43.58,43.4,54,RUS,European Russia
RO7Y,44.65,40.0,54,RUS,European Russia
RO8,55.88,84.08,15,RUS,Asiatic Russia
RO8A,54.75,60.7,15,RUS,Asiatic Russia
RO8C,58.7,61.33,15,RUS,Asiatic Russia
RO8F,58.0,56.32,54,RUS,European Russia
RO8H,58.75,82.13,15,RUS,Asiatic Russia
RO8J,62.25,70.17,15,RUS,Asiatic Russia
RO8K,65.3,74.03,15,RUS,Asiatic Russia
RO8L,57.83,69.0,15,RUS,Asiatic Russia
RO8M,56.22,73.27,15,RUS,Asiatic Russia
RO8O,55.45,79.55,15,RUS,Asiatic Russia
RO8Q,55.57,64.75,15,RUS,Asiatic Russia
RO8S,52.13,55.6,15,RUS,Asiatic Russia
RO8U,54.93,87.23,15,RUS,Asiatic Russia
RO8W,54.47,56.27,15,RUS,Asiatic Russia
RO8X,64.28,54.47,54,RUS,European Russia
RO8Y,52.77,82.62,15,RUS,Asiatic Russia
RO8Z,50.92,86.92,15,RUS,Asiatic Russia
RO9,55.88,84.08,15,RUS,Asiatic Russia
RO9A,54.75,60.7,15,RUS,Asiatic Russia
RO9C,58.7,61.33,15,RUS,Asiatic Russia
RO9F,58.0,56.32,54,RUS,European Russia
RO9H,58.75,82.13,15,RUS,Asiatic Russia
RO9J,62.25,70.17,15,RUS,Asiatic Russia
RO9K,65.3,74.03,15,RUS,Asiatic Russia
RO9L,57.83,69.0,15,RUS,Asiatic Russia
RO9M,56.22,73.27,15,RUS,Asiatic Russia
RO9O,55.45,79.55,15,RUS,Asiatic Russia
RO9Q,55.57,64.75,15,RUS,Asiatic Russia
RO9S,52.13,55.6,15,RUS,Asiatic Russia
RO9U,54.93,87.23,15,RUS,Asiatic Russia
RO9W,54.47,56.27,15,RUS,Asiatic Russia
RO9X,64.28,54.47,54,RUS,European Russia
RO9Y,52.77,82.62,15,RUS,Asiatic Russia
RO9Z,50.92,86.92,15,RUS,Asiatic Russia
RQ0,55.88,84.08,15,RUS,Asiatic Russia
RQ0A,59.88,91.67,15,RUS,Asiatic Russia
RQ0C,54.8,136.83,15,RUS,Asiatic Russia
RQ0D,48.6,132.2,15,RUS,Asiatic Russia
RQ0E,50.55,142.6,15,RUS,Asiatic Russia
RQ0G,53.55,127.83,15,RUS,Asiatic Russia
RQ0I,62.9,153.7,15,RUS,Asiatic Russia
RQ0K,66.67,171.0,15,RUS,Asiatic Russia
RQ0L,45.33,134.67,15,RUS,Asiatic Russia
RQ0O,53.8,109.33,15,RUS,Asiatic Russia
RQ0Q,66.4,129.17,15,RUS,Asiatic Russia
RQ0R,57.37,106.0,15,RUS,Asiatic Russia
RQ0U,54.0,118.0,15,RUS,Asiatic Russia
RQ0W,53.5,90.0,15,RUS,Asiatic Russia
RQ0X,56.0,159.0,15,RUS,Asiatic Russia
RQ0Y,51.78,94.75,15,RUS,Asiatic Russia
RQ1A,59.95,30.3,54,RUS,European Russia
RQ1C,60.05,31.75,54,RUS,European Russia
RQ1I,64.28,54.47,54,RUS,European Russia
RQ1N,63.82,33.0,54,RUS,European Russia
RQ1O,63.5,43.0,54,RUS,European Russia
RQ1P,68.83,54.83,54,RUS,European Russia
RQ1Q,60.08,40.45,54,RUS,European Russia
RQ1T,58.43,32.38,54,RUS,European Russia
RQ1W,57.32,29.25,54,RUS,European Russia
RQ1Z,68.03,34.57,54,RUS,European Russia
RQ2A,55.75,37.62,54,RUS,European Russia
RQ2D,55.7,36.97,54,RUS,European Russia
RQ2E,52.85,36.43,54,RUS,European Russia
RQ2F,54.72,20.52,126,RUS,Kaliningrad
RQ2G,52.7,39.15,54,RUS,European Russia
RQ2I,57.15,34.62,54,RUS,European Russia
RQ2L,55.0,33.0,54,RUS,European Russia
RQ2M,57.87,39.2,54,RUS,European Russia
RQ2N,58.55,43.68,54,RUS,European Russia
RQ2O,51.05,40.15,54,RUS,European Russia
RQ2P,53.92,37.58,54,RUS,European Russia
RQ2R,52.72,41.57,54,RUS,European Russia
RQ2S,54.4,40.6,54,RUS,European Russia
RQ2T,56.48,44.53,54,RUS,European Russia
RQ2U,57.02,41.52,54,RUS,European Russia
RQ2V,56.08,40.62,54,RUS,European Russia
RQ2W,51.75,36.02,54,RUS,European Russia
RQ2X,54.43,35.43,54,RUS,European Russia
RQ2Y,52.95,33.4,54,RUS,European Russia
RQ2Z,50.77,37.45,54,RUS,European Russia
RQ3A,55.75,37.62,54,RUS,European Russia
RQ3D,55.7,36.97,54,RUS,European Russia
RQ3E,52.85,36.43,54,RUS,European Russia
RQ3G,52.7,39.15,54,RUS,European Russia
RQ3I,57.15,34.62,54,RUS,European Russia
RQ3K,51.05,40.15,54,RUS,European Russia
RQ3L,55.0,33.0,54,RUS,European Russia
RQ3M,57.87,39.2,54,RUS,European Russia
RQ3N,58.55,43.68,54,RUS,European Russia
RQ3P,53.92,37.58,54,RUS,European Russia
RQ3R,52.72,41.57,54,RUS,European Russia
RQ3S,54.4,40.6,54,RUS,European Russia
RQ3T,56.48,44.53,54,RUS,European Russia
RQ3U,57.02,41.52,54,RUS,European Russia
RQ3V,56.08,40.62,54,RUS,European Russia
RQ3W,51.75,36.02,54,RUS,European Russia
RQ3X,54.43,35.43,54,RUS,European Russia
RQ3Y,52.95,33.4,54,RUS,European Russia
RQ3Z,50.77,37.45,54,RUS,European Russia
RQ4A,49.73,44.12,54,RUS,European Russia
RQ4C,51.78,46.73,54,RUS,European Russia
RQ4F,53.25,44.57,54,RUS,European Russia
RQ4H,53.45,50.45,54,RUS,European Russia
RQ4L,53.95,47.92,54,RUS,European Russia
RQ4N,58.77,49.83,54,RUS,European Russia
RQ4P,55.55,50.93,54,RUS,European Russia
RQ4S,56.7,47.87,54,RUS,European Russia
RQ4U,54.43,44.45,54,RUS,European Russia
RQ4W,57.28,52.75,54,RUS,European Russia
RQ4Y,55.55,47.1,54,RUS,European Russia
RQ5A,55.75,37.62,54,RUS,European Russia
RQ5D,55.7,36.97,54,RUS,European Russia
RQ5E,52.85,36.43,54,RUS,European Russia
RQ5G,52.7,39.15,54,RUS,European Russia
RQ5I,57.15,34.62,54,RUS,European Russia
RQ5K,51.05,40.15,54,RUS,European Russia
RQ5L,55.0,33.0,54,RUS,European Russia
RQ5M,57.87,39.2,54,RUS,European Russia
RQ5N,58.55,43.68,54,RUS,European Russia
RQ5P,53.92,37.58,54,RUS,European Russia
RQ5R,52.72,41.57,54,RUS,European Russia
RQ5S,54.4,40.6,54,RUS,European Russia
RQ5T,56.48,44.53,54,RUS,European Russia
RQ5U,57.02,41.52,54,RUS,European Russia
RQ5V,56.08,40.62,54,RUS,European Russia
RQ5W,51.75,36.02,54,RUS,European Russia
RQ5X,54.43,35.43,54,RUS,European Russia
RQ5Y,52.95,33.4,54,RUS,European Russia
RQ5Z,50.77,37.45,54,RUS,European Russia
RQ6A,45.37,39.43,54,RUS,European Russia
RQ6E,43.92,41.78,54,RUS,European Russia
RQ6F,45.05,43.27,54,RUS,European Russia
RQ6I,46.57,45.32,54,RUS,European Russia
RQ6J,43.18,44.23,54,RUS,European Russia
RQ6K,44.93,34.1,54,RUS,European Russia
RQ6L,47.87,41.18,54,RUS,European Russia
RQ6P,43.4,45.72,54,RUS,European Russia
RQ6Q,43.2,44.97,54,RUS,European Russia
RQ6R,50.0,30.0,54,RUS,European Russia
RQ6U,47.23,47.23,54,RUS,European Russia
RQ6W,43.1,46.88,54,RUS,European Russia
RQ6X,43.58,43.4,54,RUS,European Russia
RQ6Y,44.65,40.0,54,RUS,European Russia
RQ7A,45.37,39.43,54,RUS,European Russia
RQ7E,43.92,41.78,54,RUS,European Russia
RQ7F,45.05,43.27,54,RUS,European Russia
RQ7I,46.57,45.32,54,RUS,European Russia
RQ7J,43.18,44.23,54,RUS,European Russia
RQ7K,44.93,34.1,54,RUS,European Russia
RQ7L,47.87,41.18,54,RUS,European Russia
RQ7P,43.4,45.72,54,RUS,European Russia
RQ7Q,43.2,44.97,54,RUS,European Russia
RQ7R,50.0,30.0,54,RUS,European Russia
RQ7U,47.23,47.23,54,RUS,European Russia
RQ7W,43.1,46.88,54,RUS,European Russia
RQ7X,43.58,43.4,54,RUS,European Russia
RQ7Y,44.65,40.0,54,RUS,European Russia
RQ8,55.88,84.08,15,RUS,Asiatic Russia
RQ8A,54.75,60.7,15,RUS,Asiatic Russia
RQ8C,58.7,61.33,15,RUS,Asiatic Russia
RQ8F,58.0,56.32,54,RUS,European Russia
RQ8H,58.75,82.13,15,RUS,Asiatic Russia
RQ8J,62.25,70.17,15,RUS,Asiatic Russia
RQ8K,65.3,74.03,15,RUS,Asiatic Russia
RQ8L,57.83,69.0,15,RUS,Asiatic Russia
RQ8M,56.22,73.27,15,RUS,Asiatic Russia
RQ8O,55.45,79.55,15,RUS,Asiatic Russia
RQ8Q,55.57,64.75,15,RUS,Asiatic Russia
RQ8S,52.13,55.6,15,RUS,Asiatic Russia
RQ8U,54.93,87.23,15,RUS,Asiatic Russia
RQ8W,54.47,56.27,15,RUS,Asiatic Russia
RQ8X,64.28,54.47,54,RUS,European Russia
RQ8Y,52.77,82.62,15,RUS,Asiatic Russia
RQ8Z,50.92,86.92,15,RUS,Asiatic Russia
RQ9,55.88,84.08,15,RUS,Asiatic Russia
RQ9A,54.75,60.7,15,RUS,Asiatic Russia
RQ9C,58.7,61.33,15,RUS,Asiatic Russia
RQ9F,58.0,56.32,54,RUS,European Russia
RQ9H,58.75,82.13,15,RUS,Asiatic Russia
RQ9J,62.25,70.17,15,RUS,Asiatic Russia
RQ9K,65.3,74.03,15,RUS,Asiatic Russia
RQ9L,57.83,69.0,15,RUS,Asiatic Russia
RQ9M,56.22,73.27,15,RUS,Asiatic Russia
RQ9O,55.45,79.55,15,RUS,Asiatic Russia
RQ9Q,55.57,64.75,15,RUS,Asiatic Russia
RQ9S,52.13,55.6,15,RUS,Asiatic Russia
RQ9U,54.93,87.23,15,RUS,Asiatic Russia
RQ9W,54.47,56.27,15,RUS,Asiatic Russia
RQ9X,64.28,54.47,54,RUS,European Russia
RQ9Y,52.77,82.62,15,RUS,Asiatic Russia
RQ9Z,50.92,86.92,15,RUS,Asiatic Russia
RR9O,55.45,79.55,15,RUS,Asiatic Russia
RT0,55.88,84.08,15,RUS,Asiatic Russia
RT0A,59.88,91.67,15,RUS,Asiatic Russia
RT0C,54.8,136.83,15,RUS,Asiatic Russia
RT0D,48.6,132.2,15,RUS,Asiatic Russia
RT0E,50.55,142.6,15,RUS,Asiatic Russia
RT0G,53.55,127.83,15,RUS,Asiatic Russia
RT0I,62.9,153.7,15,RUS,Asiatic Russia
RT0K,66.67,171.0,15,RUS,Asiatic Russia
RT0L,45.33,134.67,15,RUS,Asiatic Russia
RT0O,53.8,109.33,15,RUS,Asiatic Russia
RT0Q,66.4,129.17,15,RUS,Asiatic Russia
RT0R,57.37,106.0,15,RUS,Asiatic Russia
RT0U,54.0,118.0,15,RUS,Asiatic Russia
RT0W,53.5,90.0,15,RUS,Asiatic Russia
RT0X,56.0,159.0,15,RUS,Asiatic Russia
RT0Y,51.78,94.75,15,RUS,Asiatic Russia
RT1A,59.95,30.3,54,RUS,European Russia
RT1C,60.05,31.75,54,RUS,European Russia
RT1I,64.28,54.47,54,RUS,European Russia
RT1N,63.82,33.0,54,RUS,European Russia
RT1O,63.5,43.0,54,RUS,European Russia
RT1P,68.83,54.83,54,RUS,European Russia
RT1Q,60.08,40.45,54,RUS,European Russia
RT1T,58.43,32.38,54,RUS,European Russia
RT1W,57.32,29.25,54,RUS,European Russia
RT1Z,68.03,34.57,54,RUS,European Russia
RT2A,55.75,37.62,54,RUS,European Russia
RT2D,55.7,36.97,54,RUS,European Russia
RT2E,52.85,36.43,54,RUS,European Russia
RT2F,54.72,20.52,126,RUS,Kaliningrad
RT2G,52.7,39.15,54,RUS,European Russia
RT2I,57.15,34.62,54,RUS,European Russia
RT2L,55.0,33.0,54,RUS,European Russia
RT2M,57.87,39.2,54,RUS,European Russia
RT2N,58.55,43.68,54,RUS,European Russia
RT2O,51.05,40.15,54,RUS,European Russia
RT2P,53.92,37.58,54,RUS,European Russia
RT2R,52.72,41.57,54,RUS,European Russia
RT2S,54.4,40.6,54,RUS,European Russia
RT2T,56.48,44.53,54,RUS,European Russia
RT2U,57.02,41.52,54,RUS,European Russia
RT2V,56.08,40.62,54,RUS,European Russia
RT2W,51.75,36.02,54,RUS,European Russia
RT2X,54.43,35.43,54,RUS,European Russia
RT2Y,52.95,33.4,54,RUS,European Russia
RT2Z,50.77,37.45,54,RUS,European Russia
RT3A,55.75,37.62,54,RUS,European Russia
RT3D,55.7,36.97,54,RUS,European Russia
RT3E,52.85,36.43,54,RUS,European Russia
RT3G,52.7,39.15,54,RUS,European Russia
RT3I,57.15,34.62,54,RUS,European Russia
RT3K,51.05,40.15,54,RUS,European Russia
RT3L,55.0,33.0,54,RUS,European Russia
RT3M,57.87,39.2,54,RUS,European Russia
RT3N,58.55,43.68,54,RUS,European Russia
RT3P,53.92,37.58,54,RUS,European Russia
RT3R,52.72,41.57,54,RUS,European Russia
RT3S,54.4,40.6,54,RUS,European Russia
RT3T,56.48,44.53,54,RUS,European Russia
RT3U,57.02,41.52,54,RUS,European Russia
RT3V,56.08,40.62,54,RUS,European Russia
RT3W,51.75,36.02,54,RUS,European Russia
RT3X,54.43,35.43,54,RUS,European Russia
RT3Y,52.95,33.4,54,RUS,European Russia
RT3Z,50.77,37.45,54,RUS,European Russia
RT4A,49.73,44.12,54,RUS,European Russia
RT4C,51.78,46.73,54,RUS,European Russia
RT4F,53.25,44.57,54,RUS,European Russia
RT4H,53.45,50.45,54,RUS,European Russia
RT4L,53.95,47.92,54,RUS,European Russia
RT4N,58.77,49.83,54,RUS,European Russia
RT4P,55.55,50.93,54,RUS,European Russia
RT4S,56.7,47.87,54,RUS,European Russia
RT4U,54.43,44.45,54,RUS,European Russia
RT4W,57.28,52.75,54,RUS,European Russia
RT4Y,55.55,47.1,54,RUS,European Russia
RT5A,55.75,37.62,54,RUS,European Russia
RT5D,55.7,36.97,54,RUS,European Russia
RT5E,52.85,36.43,54,RUS,European Russia
RT5G,52.7,39.15,54,RUS,European Russia
RT5I,57.15,34.62,54,RUS,European Russia
RT5K,51.05,40.15,54,RUS,European Russia
RT5L,55.0,33.0,54,RUS,European Russia
RT5M,57.87,39.2,54,RUS,European Russia
RT5N,58.55,43.68,54,RUS,European Russia
RT5P,53.92,37.58,54,RUS,European Russia
RT5R,52.72,41.57,54,RUS,European Russia
RT5S,54.4,40.6,54,RUS,European Russia
RT5T,56.48,44.53,54,RUS,European Russia
RT5U,57.02,41.52,54,RUS,European Russia
RT5V,56.08,40.62,54,RUS,European Russia
RT5W,51.75,36.02,54,RUS,European Russia
RT5X,54.43,35.43,54,RUS,European Russia
RT5Y,52.95,33.4,54,RUS,European Russia
RT5Z,50.77,37.45,54,RUS,European Russia
RT6A,45.37,39.43,54,RUS,European Russia
RT6E,43.92,41.78,54,RUS,European Russia
RT6F,45.05,43.27,54,RUS,European Russia
RT6I,46.57,45.32,54,RUS,European Russia
RT6J,43.18,44.23,54,RUS,European Russia
RT6K,44.93,34.1,54,RUS,European Russia
RT6L,47.87,41.18,54,RUS,European Russia
RT6P,43.4,45.72,54,RUS,European Russia
RT6Q,43.2,44.97,54,RUS,European Russia
RT6R,50.0,30.0,54,RUS,European Russia
RT6U,47.23,47.23,54,RUS,European Russia
RT6W,43.1,46.88,54,RUS,European Russia
RT6X,43.58,43.4,54,RUS,European Russia
RT6Y,44.65,40.0,54,RUS,European Russia
RT7A,45.37,39.43,54,RUS,European Russia
RT7E,43.92,41.78,54,RUS,European Russia
RT7F,45.05,43.27,54,RUS,European Russia
RT7I,46.57,45.32,54,RUS,European Russia
RT7J,43.18,44.23,54,RUS,European Russia
RT7K,44.93,34.1,54,RUS,European Russia
RT7L,47.87,41.18,54,RUS,European Russia
RT7P,43.4,45.72,54,RUS,European Russia
RT7Q,43.2,44.97,54,RUS,European Russia
RT7R,50.0,30.0,54,RUS,European Russia
RT7U,47.23,47.23,54,RUS,European Russia
RT7W,43.1,46.88,54,RUS,European Russia
RT7X,43.58,43.4,54,RUS,European Russia
RT7Y,44.65,40.0,54,RUS,European Russia
RT8,55.88,84.08,15,RUS,Asiatic Russia
RT8A,54.75,60.7,15,RUS,Asiatic Russia
RT8C,58.7,61.33,15,RUS,Asiatic Russia
RT8F,58.0,56.32,54,RUS,European Russia
RT8H,58.75,82.13,15,RUS,Asiatic Russia
RT8J,62.25,70.17,15,RUS,Asiatic Russia
RT8K,65.3,74.03,15,RUS,Asiatic Russia
RT8L,57.83,69.0,15,RUS,Asiatic Russia
RT8M,56.22,73.27,15,RUS,Asiatic Russia
RT8O,55.45,79.55,15,RUS,Asiatic Russia
RT8Q,55.57,64.75,15,RUS,Asiatic Russia
RT8S,52.13,55.6,15,RUS,Asiatic Russia
RT8U,54.93,87.23,15,RUS,Asiatic Russia
RT8U/3,53.65,41.37,54,RUS,European Russia
RT8W,54.47,56.27,15,RUS,Asiatic Russia
RT8X,64.28,54.47,54,RUS,European Russia
RT8Y,52.77,82.62,15,RUS,Asiatic Russia
RT8Z,50.92,86.92,15,RUS,Asiatic Russia
RT9,55.88,84.08,15,RUS,Asiatic Russia
RT9A,54.75,60.7,15,RUS,Asiatic Russia
RT9C,58.7,61.33,15,RUS,Asiatic Russia
RT9F,58.0,56.32,54,RUS,European Russia
RT9H,58.75,82.13,15,RUS,Asiatic Russia
RT9J,62.25,70.17,15,RUS,Asiatic Russia
RT9K,65.3,74.03,15,RUS,Asiatic Russia
RT9L,57.83,69.0,15,RUS,Asiatic Russia
RT9M,56.22,73.27,15,RUS,Asiatic Russia
RT9O,55.45,79.55,15,RUS,Asiatic Russia
RT9Q,55.57,64.75,15,RUS,Asiatic Russia
RT9S,52.13,55.6,15,RUS,Asiatic Russia
RT9U,54.93,87.23,15,RUS,Asiatic Russia
RT9W,54.47,56.27,15,RUS,Asiatic Russia
RT9X,64.28,54.47,54,RUS,European Russia
RT9Y,52.77,82.62,15,RUS,Asiatic Russia
RT9Z,50.92,86.92,15,RUS,Asiatic Russia
RU0,55.88,84.08,15,RUS,Asiatic Russia
RU0A,59.88,91.67,15,RUS,Asiatic Russia
RU0C,54.8,136.83,15,RUS,Asiatic Russia
RU0D,48.6,132.2,15,RUS,Asiatic Russia
RU0E,50.55,142.6,15,RUS,Asiatic Russia
RU0G,53.55,127.83,15,RUS,Asiatic Russia
RU0I,62.9,153.7,15,RUS,Asiatic Russia
RU0K,66.67,171.0,15,RUS,Asiatic Russia
RU0L,45.33,134.67,15,RUS,Asiatic Russia
RU0O,53.8,109.33,15,RUS,Asiatic Russia
RU0Q,66.4,129.17,15,RUS,Asiatic Russia
RU0R,57.37,106.0,15,RUS,Asiatic Russia
RU0U,54.0,118.0,15,RUS,Asiatic Russia
RU0W,53.5,90.0,15,RUS,Asiatic Russia
RU0X,56.0,159.0,15,RUS,Asiatic Russia
RU0Y,51.78,94.75,15,RUS,Asiatic Russia
RU1A,59.95,30.3,54,RUS,European Russia
RU1C,60.05,31.75,54,RUS,European Russia
RU1I,64.28,54.47,54,RUS,European Russia
RU1N,63.82,33.0,54,RUS,European Russia
RU1O,63.5,43.0,54,RUS,European Russia
RU1P,68.83,54.83,54,RUS,European Russia
RU1Q,60.08,40.45,54,RUS,European Russia
RU1T,58.43,32.38,54,RUS,European Russia
RU1W,57.32,29.25,54,RUS,European Russia
RU1Z,68.03,34.57,54,RUS,European Russia
RU2A,55.75,37.62,54,RUS,European Russia
RU2D,55.7,36.97,54,RUS,European Russia
RU2E,52.85,36.43,54,RUS,European Russia
RU2F,54.72,20.52,126,RUS,Kaliningrad
RU2G,52.7,39.15,54,RUS,European Russia
RU2I,57.15,34.62,54,RUS,European Russia
RU2L,55.0,33.0,54,RUS,European Russia
RU2M,57.87,39.2,54,RUS,European Russia
RU2N,58.55,43.68,54,RUS,European Russia
RU2O,51.05,40.15,54,RUS,European Russia
RU2P,53.92,37.58,54,RUS,European Russia
RU2R,52.72,41.57,54,RUS,European Russia
RU2S,54.4,40.6,54,RUS,European Russia
RU2T,56.48,44.53,54,RUS,European Russia
RU2U,57.02,41.52,54,RUS,European Russia
RU2V,56.08,40.62,54,RUS,European Russia
RU2W,51.75,36.02,54,RUS,European Russia
RU2X,54.43,35.43,54,RUS,European Russia
RU2Y,52.95,33.4,54,RUS,European Russia
RU2Z,50.77,37.45,54,RUS,European Russia
RU3A,55.75,37.62,54,RUS,European Russia
RU3D,55.7,36.97,54,RUS,European Russia
RU3E,52.85,36.43,54,RUS,European Russia
RU3G,52.7,39.15,54,RUS,European Russia
RU3I,57.15,34.62,54,RUS,European Russia
RU3K,51.05,40.15,54,RUS,European Russia
RU3L,55.0,33.0,54,RUS,European Russia
RU3M,57.87,39.2,54,RUS,European Russia
RU3N,58.55,43.68,54,RUS,European Russia
RU3P,53.92,37.58,54,RUS,European Russia
RU3R,52.72,41.57,54,RUS,European Russia
RU3S,54.4,40.6,54,RUS,European Russia
RU3T,56.48,44.53,54,RUS,European Russia
RU3U,57.02,41.52,54,RUS,European Russia
RU3V,56.08,40.62,54,RUS,European Russia
RU3W,51.75,36.02,54,RUS,European Russia
RU3X,54.43,35.43,54,RUS,European Russia
RU3Y,52.95,33.4,54,RUS,European Russia
RU3Z,50.77,37.45,54,RUS,European Russia
RU4A,49.73,44.12,54,RUS,European Russia
RU4C,51.78,46.73,54,RUS,European Russia
RU4F,53.25,44.57,54,RUS,European Russia
RU4H,53.45,50.45,54,RUS,European Russia
RU4L,53.95,47.92,54,RUS,European Russia
RU4N,58.77,49.83,54,RUS,European Russia
RU4P,55.55,50.93,54,RUS,European Russia
RU4S,56.7,47.87,54,RUS,European Russia
RU4U,54.43,44.45,54,RUS,European Russia
RU4W,57.28,52.75,54,RUS,European Russia
RU4Y,55.55,47.1,54,RUS,European Russia
RU5A,55.75,37.62,54,RUS,European Russia
RU5D,55.7,36.97,54,RUS,European Russia
RU5E,52.85,36.43,54,RUS,European Russia
RU5G,52.7,39.15,54,RUS,European Russia
RU5I,57.15,34.62,54,RUS,European Russia
RU5K,51.05,40.15,54,RUS,European Russia
RU5L,55.0,33.0,54,RUS,European Russia
RU5M,57.87,39.2,54,RUS,European Russia
RU5N,58.55,43.68,54,RUS,European Russia
RU5P,53.92,37.58,54,RUS,European Russia
RU5R,52.72,41.57,54,RUS,European Russia
RU5S,54.4,40.6,54,RUS,European Russia
RU5T,56.48,44.53,54,RUS,European Russia
RU5U,57.02,41.52,54,RUS,European Russia
RU5V,56.08,40.62,54,RUS,European Russia
RU5W,51.75,36.02,54,RUS,European Russia
RU5X,54.43,35.43,54,RUS,European Russia
RU5Y,52.95,33.4,54,RUS,European Russia
RU5Z,50.77,37.45,54,RUS,European Russia
RU6A,45.37,39.43,54,RUS,European Russia
RU6E,43.92,41.78,54,RUS,European Russia
RU6F,45.05,43.27,54,RUS,European Russia
RU6I,46.57,45.32,54,RUS,European Russia
RU6J,43.18,44.23,54,RUS,European Russia
RU6K,44.93,34.1,54,RUS,European Russia
RU6L,47.87,41.18,54,RUS,European Russia
RU6P,43.4,45.72,54,RUS,European Russia
RU6Q,43.2,44.97,54,RUS,European Russia
RU6R,50.0,30.0,54,RUS,European Russia
RU6U,47.23,47.23,54,RUS,European Russia
RU6W,43.1,46.88,54,RUS,European Russia
RU6X,43.58,43.4,54,RUS,European Russia
RU6Y,44.65,40.0,54,RUS,European Russia
RU7A,45.37,39.43,54,RUS,European Russia
RU7E,43.92,41.78,54,RUS,European Russia
RU7F,45.05,43.27,54,RUS,European Russia
RU7I,46.57,45.32,54,RUS,European Russia
RU7J,43.18,44.23,54,RUS,European Russia
RU7K,44.93,34.1,54,RUS,European Russia
RU7L,47.87,41.18,54,RUS,European Russia
RU7P,43.4,45.72,54,RUS,European Russia
RU7Q,43.2,44.97,54,RUS,European Russia
RU7R,50.0,30.0,54,RUS,European Russia
RU7U,47.23,47.23,54,RUS,European Russia
RU7W,43.1,46.88,54,RUS,European Russia
RU7X,43.58,43.4,54,RUS,European Russia
RU7Y,44.65,40.0,54,RUS,European Russia
RU8,55.88,84.08,15,RUS,Asiatic Russia
RU8A,54.75,60.7,15,RUS,Asiatic Russia
RU8C,58.7,61.33,15,RUS,Asiatic Russia
RU8F,58.0,56.32,54,RUS,European Russia
RU8H,58.75,82.13,15,RUS,Asiatic Russia
RU8J,62.25,70.17,15,RUS,Asiatic Russia
RU8K,65.3,74.03,15,RUS,Asiatic Russia
RU8L,57.83,69.0,15,RUS,Asiatic Russia
RU8M,56.22,73.27,15,RUS,Asiatic Russia
RU8O,55.45,79.55,15,RUS,Asiatic Russia
RU8Q,55.57,64.75,15,RUS,Asiatic Russia
RU8S,52.13,55.6,15,RUS,Asiatic Russia
RU8U,54.93,87.23,15,RUS,Asiatic Russia
RU8W,54.47,56.27,15,RUS,Asiatic Russia
RU8X,64.28,54.47,54,RUS,European Russia
RU8Y,52.77,82.62,15,RUS,Asiatic Russia
RU8Z,50.92,86.92,15,RUS,Asiatic Russia
RU9,55.88,84.08,15,RUS,Asiatic Russia
RU9A,54.75,60.7,15,RUS,Asiatic Russia
RU9C,58.7,61.33,15,RUS,Asiatic Russia
RU9F,58.0,56.32,54,RUS,European Russia
RU9H,58.75,82.13,15,RUS,Asiatic Russia
RU9J,62.25,70.17,15,RUS,Asiatic Russia
RU9K,65.3,74.03,15,RUS,Asiatic Russia
RU9L,57.83,69.0,15,RUS,Asiatic Russia
RU9M,56.22,73.27,15,RUS,Asiatic Russia
RU9O,55.45,79.55,15,RUS,Asiatic Russia
RU9Q,55.57,64.75,15,RUS,Asiatic Russia
RU9S,52.13,55.6,15,RUS,Asiatic Russia
RU9U,54.93,87.23,15,RUS,Asiatic Russia
RU9W,54.47,56.27,15,RUS,Asiatic Russia
RU9X,64.28,54.47,54,RUS,European Russia
RU9Y,52.77,82.62,15,RUS,Asiatic Russia
RU9Z,50.92,86.92,15,RUS,Asiatic Russia
RV0,55.88,84.08,15,RUS,Asiatic Russia
RV0A,59.88,91.67,15,RUS,Asiatic Russia
RV0C,54.8,136.83,15,RUS,Asiatic Russia
RV0D,48.6,132.2,15,RUS,Asiatic Russia
RV0E,50.55,142.6,15,RUS,Asiatic Russia
RV0G,53.55,127.83,15,RUS,Asiatic Russia
RV0I,62.9,153.7,15,RUS,Asiatic Russia
RV0K,66.67,171.0,15,RUS,Asiatic Russia
RV0L,45.33,134.67,15,RUS,Asiatic Russia
RV0O,53.8,109.33,15,RUS,Asiatic Russia
RV0Q,66.4,129.17,15,RUS,Asiatic Russia
RV0R,57.37,106.0,15,RUS,Asiatic Russia
RV0U,54.0,118.0,15,RUS,Asiatic Russia
RV0W,53.5,90.0,15,RUS,Asiatic Russia
RV0X,56.0,159.0,15,RUS,Asiatic Russia
RV0Y,51.78,94.75,15,RUS,Asiatic Russia
RV1A,59.95,30.3,54,RUS,European Russia
RV1C,60.05,31.75,54,RUS,European Russia
RV1I,64.28,54.47,54,RUS,European Russia
RV1N,63.82,33.0,54,RUS,European Russia
RV1O,63.5,43.0,54,RUS,European Russia
RV1P,68.83,54.83,54,RUS,European Russia
RV1Q,60.08,40.45,54,RUS,European Russia
RV1T,58.43,32.38,54,RUS,European Russia
RV1W,57.32,29.25,54,RUS,European Russia
RV1Z,68.03,34.57,54,RUS,European Russia
RV2A,55.75,37.62,54,RUS,European Russia
RV2D,55.7,36.97,54,RUS,European Russia
RV2E,52.85,36.43,54,RUS,European Russia
RV2F,54.72,20.52,126,RUS,Kaliningrad
RV2G,52.7,39.15,54,RUS,European Russia
RV2I,57.15,34.62,54,RUS,European Russia
RV2L,55.0,33.0,54,RUS,European Russia
RV2M,57.87,39.2,54,RUS,European Russia
RV2N,58.55,43.68,54,RUS,European Russia
RV2O,51.05,40.15,54,RUS,European Russia
RV2P,53.92,37.58,54,RUS,European Russia
RV2R,52.72,41.57,54,RUS,European Russia
RV2S,54.4,40.6,54,RUS,European Russia
RV2T,56.48,44.53,54,RUS,European Russia
RV2U,57.02,41.52,54,RUS,European Russia
RV2V,56.08,40.62,54,RUS,European Russia
RV2W,51.75,36.02,54,RUS,European Russia
RV2X,54.43,35.43,54,RUS,European Russia
RV2Y,52.95,33.4,54,RUS,European Russia
RV2Z,50.77,37.45,54,RUS,European Russia
RV3A,55.75,37.62,54,RUS,European Russia
RV3D,55.7,36.97,54,RUS,European Russia
RV3DSA/0,45.33,134.67,15,RUS,Asiatic Russia
RV3E,52.85,36.43,54,RUS,European Russia
RV3G,52.7,39.15,54,RUS,European Russia
RV3I,57.15,34.62,54,RUS,European Russia
RV3K,51.05,40.15,54,RUS,European Russia
RV3L,55.0,33.0,54,RUS,European Russia
RV3M,57.87,39.2,54,RUS,European Russia
RV3N,58.55,43.68,54,RUS,European Russia
RV3P,53.92,37.58,54,RUS,European Russia
RV3R,52.72,41.57,54,RUS,European Russia
RV3S,54.4,40.6,54,RUS,European Russia
RV3T,56.48,44.53,54,RUS,European Russia
RV3U,57.02,41.52,54,RUS,European Russia
RV3V,56.08,40.62,54,RUS,European Russia
RV3W,51.75,36.02,54,RUS,European Russia
RV3X,54.43,35.43,54,RUS,European Russia
RV3Y,52.95,33.4,54,RUS,European Russia
RV3Z,50.77,37.45,54,RUS,European Russia
RV4A,49.73,44.12,54,RUS,European Russia
RV4C,51.78,46.73,54,RUS,European Russia
RV4F,53.25,44.57,54,RUS,European Russia
RV4H,53.45,50.45,54,RUS,European Russia
RV4L,53.95,47.92,54,RUS,European Russia
RV4N,58.77,49.83,54,RUS,European Russia
RV4P,55.55,50.93,54,RUS,European Russia
RV4S,56.7,47.87,54,RUS,European Russia
RV4U,54.43,44.45,54,RUS,European Russia
RV4W,57.28,52.75,54,RUS,European Russia
RV4Y,55.55,47.1,54,RUS,European Russia
RV5A,55.75,37.62,54,RUS,European Russia
RV5D,55.7,36.97,54,RUS,European Russia
RV5E,52.85,36.43,54,RUS,European Russia
RV5G,52.7,39.15,54,RUS,European Russia
RV5I,57.15,34.62,54,RUS,European Russia
RV5K,51.05,40.15,54,RUS,European Russia
RV5L,55.0,33.0,54,RUS,European Russia
RV5M,57.87,39.2,54,RUS,European Russia
RV5N,58.55,43.68,54,RUS,European Russia
RV5P,53.92,37.58,54,RUS,European Russia
RV5R,52.72,41.57,54,RUS,European Russia
RV5S,54.4,40.6,54,RUS,European Russia
RV5T,56.48,44.53,54,RUS,European Russia
RV5U,57.02,41.52,54,RUS,European Russia
RV5V,56.08,40.62,54,RUS,European Russia
RV5W,51.75,36.02,54,RUS,European Russia
RV5X,54.43,35.43,54,RUS,European Russia
RV5Y,52.95,33.4,54,RUS,European Russia
RV5Z,50.77,37.45,54,RUS,European Russia
RV6A,45.37,39.43,54,RUS,European Russia
RV6E,43.92,41.78,54,RUS,European Russia
RV6F,45.05,43.27,54,RUS,European Russia
RV6I,46.57,45.32,54,RUS,European Russia
RV6J,43.18,44.23,54,RUS,European Russia
RV6K,44.93,34.1,54,RUS,European Russia
RV6L,47.87,41.18,54,RUS,European Russia
RV6P,43.4,45.72,54,RUS,European Russia
RV6Q,43.2,44.97,54,RUS,European Russia
RV6R,50.0,30.0,54,RUS,European Russia
RV6U,47.23,47.23,54,RUS,European Russia
RV6W,43.1,46.88,54,RUS,European Russia
RV6X,43.58,43.4,54,RUS,European Russia
RV6Y,44.65,40.0,54,RUS,European Russia
RV7A,45.37,39.43,54,RUS,European Russia
RV7B/9,65.3,74.03,15,RUS,Asiatic Russia
RV7E,43.92,41.78,54,RUS,European Russia
RV7F,45.05,43.27,54,RUS,European Russia
RV7I,46.57,45.32,54,RUS,European Russia
RV7J,43.18,44.23,54,RUS,European Russia
RV7K,44.93,34.1,54,RUS,European Russia
RV7L,47.87,41.18,54,RUS,European Russia
RV7P,43.4,45.72,54,RUS,European Russia
RV7Q,43.2,44.97,54,RUS,European Russia
RV7R,50.0,30.0,54,RUS,European Russia
RV7U,47.23,47.23,54,RUS,European Russia
RV7W,43.1,46.88,54,RUS,European Russia
RV7X,43.58,43.4,54,RUS,European Russia
RV7Y,44.65,40.0,54,RUS,European Russia
RV8,55.88,84.08,15,RUS,Asiatic Russia
RV8A,54.75,60.7,15,RUS,Asiatic Russia
RV8C,58.7,61.33,15,RUS,Asiatic Russia
RV8F,58.0,56.32,54,RUS,European Russia
RV8H,58.75,82.13,15,RUS,Asiatic Russia
RV8J,62.25,70.17,15,RUS,Asiatic Russia
RV8K,65.3,74.03,15,RUS,Asiatic Russia
RV8L,57.83,69.0,15,RUS,Asiatic Russia
RV8M,56.22,73.27,15,RUS,Asiatic Russia
RV8O,55.45,79.55,15,RUS,Asiatic Russia
RV8Q,55.57,64.75,15,RUS,Asiatic Russia
RV8S,52.13,55.6,15,RUS,Asiatic Russia
RV8U,54.93,87.23,15,RUS,Asiatic Russia
RV8W,54.47,56.27,15,RUS,Asiatic Russia
RV8X,64.28,54.47,54,RUS,European Russia
RV8Y,52.77,82.62,15,RUS,Asiatic Russia
RV8Z,50.92,86.92,15,RUS,Asiatic Russia
RV9,55.88,84.08,15,RUS,Asiatic Russia
RV9A,54.75,60.7,15,RUS,Asiatic Russia
RV9C,58.7,61.33,15,RUS,Asiatic Russia
RV9F,58.0,56.32,54,RUS,European Russia
RV9H,58.75,82.13,15,RUS,Asiatic Russia
RV9J,62.25,70.17,15,RUS,Asiatic Russia
RV9K,65.3,74.03,15,RUS,Asiatic Russia
RV9L,57.83,69.0,15,RUS,Asiatic Russia
RV9M,56.22,73.27,15,RUS,Asiatic Russia
RV9O,55.45,79.55,15,RUS,Asiatic Russia
RV9Q,55.57,64.75,15,RUS,Asiatic Russia
RV9S,52.13,55.6,15,RUS,Asiatic Russia
RV9U,54.93,87.23,15,RUS,Asiatic Russia
RV9W,54.47,56.27,15,RUS,Asiatic Russia
RV9X,64.28,54.47,54,RUS,European Russia
RV9Y,52.77,82.62,15,RUS,Asiatic Russia
RV9Z,50.92,86.92,15,RUS,Asiatic Russia
RW0,55.88,84.08,15,RUS,Asiatic Russia
RW0A,59.88,91.67,15,RUS,Asiatic Russia
RW0C,54.8,136.83,15,RUS,Asiatic Russia
RW0D,48.6,132.2,15,RUS,Asiatic Russia
RW0E,50.55,142.6,15,RUS,Asiatic Russia
RW0G,53.55,127.83,15,RUS,Asiatic Russia
RW0I,62.9,153.7,15,RUS,Asiatic Russia
RW0K,66.67,171.0,15,RUS,Asiatic Russia
RW0L,45.33,134.67,15,RUS,Asiatic Russia
RW0O,53.8,109.33,15,RUS,Asiatic Russia
RW0Q,66.4,129.17,15,RUS,Asiatic Russia
RW0R,57.37,106.0,15,RUS,Asiatic Russia
RW0U,54.0,118.0,15,RUS,Asiatic Russia
RW0W,53.5,90.0,15,RUS,Asiatic Russia
RW0X,56.0,159.0,15,RUS,Asiatic Russia
RW0Y,51.78,94.75,15,RUS,Asiatic Russia
RW1A,59.95,30.3,54,RUS,European Russia
RW1C,60.05,31.75,54,RUS,European Russia
RW1I,64.28,54.47,54,RUS,European Russia
RW1N,63.82,33.0,54,RUS,European Russia
RW1O,63.5,43.0,54,RUS,European Russia
RW1P,68.83,54.83,54,RUS,European Russia
RW1Q,60.08,40.45,54,RUS,European Russia
RW1T,58.43,32.38,54,RUS,European Russia
RW1W,57.32,29.25,54,RUS,European Russia
RW1Z,68.03,34.57,54,RUS,European Russia
RW2A,55.75,37.62,54,RUS,European Russia
RW2D,55.7,36.97,54,RUS,European Russia
RW2E,52.85,36.43,54,RUS,European Russia
RW2F,54.72,20.52,126,RUS,Kaliningrad
RW2G,52.7,39.15,54,RUS,European Russia
RW2I,57.15,34.62,54,RUS,European Russia
RW2L,55.0,33.0,54,RUS,European Russia
RW2M,57.87,39.2,54,RUS,European Russia
RW2N,58.55,43.68,54,RUS,European Russia
RW2O,51.05,40.15,54,RUS,European Russia
RW2P,53.92,37.58,54,RUS,European Russia
RW2R,52.72,41.57,54,RUS,European Russia
RW2S,54.4,40.6,54,RUS,European Russia
RW2T,56.48,44.53,54,RUS,European Russia
RW2U,57.02,41.52,54,RUS,European Russia
RW2V,56.08,40.62,54,RUS,European Russia
RW2W,51.75,36.02,54,RUS,European Russia
RW2X,54.43,35.43,54,RUS,European Russia
RW2Y,52.95,33.4,54,RUS,European Russia
RW2Z,50.77,37.45,54,RUS,European Russia
RW3A,55.75,37.62,54,RUS,European Russia
RW3D,55.7,36.97,54,RUS,European Russia
RW3E,52.85,36.43,54,RUS,European Russia
RW3G,52.7,39.15,54,RUS,European Russia
RW3I,57.15,34.62,54,RUS,European Russia
RW3K,51.05,40.15,54,RUS,European Russia
RW3L,55.0,33.0,54,RUS,European Russia
RW3M,57.87,39.2,54,RUS,European Russia
RW3N,58.55,43.68,54,RUS,European Russia
RW3P,53.92,37.58,54,RUS,European Russia
RW3R,52.72,41.57,54,RUS,European Russia
RW3S,54.4,40.6,54,RUS,European Russia
RW3T,56.48,44.53,54,RUS,European Russia
RW3U,57.02,41.52,54,RUS,European Russia
RW3V,56.08,40.62,54,RUS,European Russia
RW3W,51.75,36.02,54,RUS,European Russia
RW3X,54.43,35.43,54,RUS,European Russia
RW3Y,52.95,33.4,54,RUS,European Russia
RW3Z,50.77,37.45,54,RUS,European Russia
RW4A,49.73,44.12,54,RUS,European Russia
RW4C,51.78,46.73,54,RUS,European Russia
RW4F,53.25,44.57,54,RUS,European Russia
RW4H,53.45,50.45,54,RUS,European Russia
RW4L,53.95,47.92,54,RUS,European Russia
RW4N,58.77,49.83,54,RUS,European Russia
RW4P,55.55,50.93,54,RUS,European Russia
RW4S,56.7,47.87,54,RUS,European Russia
RW4U,54.43,44.45,54,RUS,European Russia
RW4W,57.28,52.75,54,RUS,European Russia
RW4Y,55.55,47.1,54,RUS,European Russia
RW5A,55.75,37.62,54,RUS,European Russia
RW5D,55.7,36.97,54,RUS,European Russia
RW5E,52.85,36.43,54,RUS,European Russia
RW5G,52.7,39.15,54,RUS,European Russia
RW5I,57.15,34.62,54,RUS,European Russia
RW5K,51.05,40.15,54,RUS,European Russia
RW5L,55.0,33.0,54,RUS,European Russia
RW5M,57.87,39.2,54,RUS,European Russia
RW5N,58.55,43.68,54,RUS,European Russia
RW5P,53.92,37.58,54,RUS,European Russia
RW5R,52.72,41.57,54,RUS,European Russia
RW5S,54.4,40.6,54,RUS,European Russia
RW5T,56.48,44.53,54,RUS,European Russia
RW5U,57.02,41.52,54,RUS,European Russia
RW5V,56.08,40.62,54,RUS,European Russia
RW5W,51.75,36.02,54,RUS,European Russia
RW5X,54.43,35.43,54,RUS,European Russia
RW5Y,52.95,33.4,54,RUS,European Russia
RW5Z,50.77,37.45,54,RUS,European Russia
RW6A,45.37,39.43,54,RUS,European Russia
RW6E,43.92,41.78,54,RUS,European Russia
RW6F,45.05,43.27,54,RUS,European Russia
RW6I,46.57,45.32,54,RUS,European Russia
RW6J,43.18,44.23,54,RUS,European Russia
RW6K,44.93,34.1,54,RUS,European Russia
RW6L,47.87,41.18,54,RUS,European Russia
RW6P,43.4,45.72,54,RUS,European Russia
RW6Q,43.2,44.97,54,RUS,European Russia
RW6R,50.0,30.0,54,RUS,European Russia
RW6U,47.23,47.23,54,RUS,European Russia
RW6W,43.1,46.88,54,RUS,European Russia
RW6X,43.58,43.4,54,RUS,European Russia
RW6Y,44.65,40.0,54,RUS,European Russia
RW7A,45.37,39.43,54,RUS,European Russia
RW7E,43.92,41.78,54,RUS,European Russia
RW7F,45.05,43.27,54,RUS,European Russia
RW7I,46.57,45.32,54,RUS,European Russia
RW7J,43.18,44.23,54,RUS,European Russia
RW7K,44.93,34.1,54,RUS,European Russia
RW7L,47.87,41.18,54,RUS,European Russia
RW7P,43.4,45.72,54,RUS,European Russia
RW7Q,43.2,44.97,54,RUS,European Russia
RW7R,50.0,30.0,54,RUS,European Russia
RW7U,47.23,47.23,54,RUS,European Russia
RW7W,43.1,46.88,54,RUS,European Russia
RW7X,43.58,43.4,54,RUS,European Russia
RW7Y,44.65,40.0,54,RUS,European Russia
RW8,55.88,84.08,15,RUS,Asiatic Russia
RW8A,54.75,60.7,15,RUS,Asiatic Russia
RW8C,58.7,61.33,15,RUS,Asiatic Russia
RW8F,58.0,56.32,54,RUS,European Russia
RW8H,58.75,82.13,15,RUS,Asiatic Russia
RW8J,62.25,70.17,15,RUS,Asiatic Russia
RW8K,65.3,74.03,15,RUS,Asiatic Russia
RW8L,57.83,69.0,15,RUS,Asiatic Russia
RW8M,56.22,73.27,15,RUS,Asiatic Russia
RW8O,55.45,79.55,15,RUS,Asiatic Russia
RW8Q,55.57,64.75,15,RUS,Asiatic Russia
RW8S,52.13,55.6,15,RUS,Asiatic Russia
RW8T/1,59.95,30.3,54,RUS,European Russia
RW8U,54.93,87.23,15,RUS,Asiatic Russia
RW8W,54.47,56.27,15,RUS,Asiatic Russia
RW8X,64.28,54.47,54,RUS,European Russia
RW8Y,52.77,82.62,15,RUS,Asiatic Russia
RW8Z,50.92,86.92,15,RUS,Asiatic Russia
RW9,55.88,84.08,15,RUS,Asiatic Russia
RW9A,54.75,60.7,15,RUS,Asiatic Russia
RW9C,58.7,61.33,15,RUS,Asiatic Russia
RW9F,58.0,56.32,54,RUS,European Russia
RW9H,58.75,82.13,15,RUS,Asiatic Russia
RW9J,62.25,70.17,15,RUS,Asiatic Russia
RW9K,65.3,74.03,15,RUS,Asiatic Russia
RW9L,57.83,69.0,15,RUS,Asiatic Russia
RW9M,56.22,73.27,15,RUS,Asiatic Russia
RW9O,55.45,79.55,15,RUS,Asiatic Russia
RW9Q,55.57,64.75,15,RUS,Asiatic Russia
RW9S,52.13,55.6,15,RUS,Asiatic Russia
RW9U,54.93,87.23,15,RUS,Asiatic Russia
RW9W,54.47,56.27,15,RUS,Asiatic Russia
RW9X,64.28,54.47,54,RUS,European Russia
RW9Y,52.77,82.62,15,RUS,Asiatic Russia
RW9Z,50.92,86.92,15,RUS,Asiatic Russia
RX0,55.88,84.08,15,RUS,Asiatic Russia
RX0A,59.88,91.67,15,RUS,Asiatic Russia
RX0C,54.8,136.83,15,RUS,Asiatic Russia
RX0D,48.6,132.2,15,RUS,Asiatic Russia
RX0E,50.55,142.6,15,RUS,Asiatic Russia
RX0G,53.55,127.83,15,RUS,Asiatic Russia
RX0I,62.9,153.7,15,RUS,Asiatic Russia
RX0K,66.67,171.0,15,RUS,Asiatic Russia
RX0L,45.33,134.67,15,RUS,Asiatic Russia
RX0O,53.8,109.33,15,RUS,Asiatic Russia
RX0Q,66.4,129.17,15,RUS,Asiatic Russia
RX0R,57.37,106.0,15,RUS,Asiatic Russia
RX0U,54.0,118.0,15,RUS,Asiatic Russia
RX0W,53.5,90.0,15,RUS,Asiatic Russia
RX0X,56.0,159.0,15,RUS,Asiatic Russia
RX0Y,51.78,94.75,15,RUS,Asiatic Russia
RX1A,59.95,30.3,54,RUS,European Russia
RX1C,60.05,31.75,54,RUS,European Russia
RX1I,64.28,54.47,54,RUS,European Russia
RX1N,63.82,33.0,54,RUS,European Russia
RX1O,63.5,43.0,54,RUS,European Russia
RX1P,68.83,54.83,54,RUS,European Russia
RX1Q,60.08,40.45,54,RUS,European Russia
RX1T,58.43,32.38,54,RUS,European Russia
RX1W,57.32,29.25,54,RUS,European Russia
RX1Z,68.03,34.57,54,RUS,European Russia
RX2A,55.75,37.62,54,RUS,European Russia
RX2D,55.7,36.97,54,RUS,European Russia
RX2E,52.85,36.43,54,RUS,European Russia
RX2F,54.72,20.52,126,RUS,Kaliningrad
RX2G,52.7,39.15,54,RUS,European Russia
RX2I,57.15,34.62,54,RUS,European Russia
RX2L,55.0,33.0,54,RUS,European Russia
RX2M,57.87,39.2,54,RUS,European Russia
RX2N,58.55,43.68,54,RUS,European Russia
RX2O,51.05,40.15,54,RUS,European Russia
RX2P,53.92,37.58,54,RUS,European Russia
RX2R,52.72,41.57,54,RUS,European Russia
RX2S,54.4,40.6,54,RUS,European Russia
RX2T,56.48,44.53,54,RUS,European Russia
RX2U,57.02,41.52,54,RUS,European Russia
RX2V,56.08,40.62,54,RUS,European Russia
RX2W,51.75,36.02,54,RUS,European Russia
RX2X,54.43,35.43,54,RUS,European Russia
RX2Y,52.95,33.4,54,RUS,European Russia
RX2Z,50.77,37.45,54,RUS,European Russia
RX3A,55.75,37.62,54,RUS,European Russia
RX3D,55.7,36.97,54,RUS,European Russia
RX3E,52.85,36.43,54,RUS,European Russia
RX3G,52.7,39.15,54,RUS,European Russia
RX3I,57.15,34.62,54,RUS,European Russia
RX3K,51.05,40.15,54,RUS,European Russia
RX3L,55.0,33.0,54,RUS,European Russia
RX3M,57.87,39.2,54,RUS,European Russia
RX3N,58.55,43.68,54,RUS,European Russia
RX3P,53.92,37.58,54,RUS,European Russia
RX3R,52.72,41.57,54,RUS,European Russia
RX3S,54.4,40.6,54,RUS,European Russia
RX3T,56.48,44.53,54,RUS,European Russia
RX3U,57.02,41.52,54,RUS,European Russia
RX3V,56.08,40.62,54,RUS,European Russia
RX3W,51.75,36.02,54,RUS,European Russia
RX3X,54.43,35.43,54,RUS,European Russia
RX3Y,52.95,33.4,54,RUS,European Russia
RX3Z,50.77,37.45,54,RUS,European Russia
RX4A,49.73,44.12,54,RUS,European Russia
RX4C,51.78,46.73,54,RUS,European Russia
RX4F,53.25,44.57,54,RUS,European Russia
RX4H,53.45,50.45,54,RUS,European Russia
RX4L,53.95,47.92,54,RUS,European Russia
RX4N,58.77,49.83,54,RUS,European Russia
RX4P,55.55,50.93,54,RUS,European Russia
RX4S,56.7,47.87,54,RUS,European Russia
RX4U,54.43,44.45,54,RUS,European Russia
RX4W,57.28,52.75,54,RUS,European Russia
RX4Y,55.55,47.1,54,RUS,European Russia
RX5A,55.75,37.62,54,RUS,European Russia
RX5D,55.7,36.97,54,RUS,European Russia
RX5E,52.85,36.43,54,RUS,European Russia
RX5G,52.7,39.15,54,RUS,European Russia
RX5I,57.15,34.62,54,RUS,European Russia
RX5K,51.05,40.15,54,RUS,European Russia
RX5L,55.0,33.0,54,RUS,European Russia
RX5M,57.87,39.2,54,RUS,European Russia
RX5N,58.55,43.68,54,RUS,European Russia
RX5P,53.92,37.58,54,RUS,European Russia
RX5R,52.72,41.57,54,RUS,European Russia
RX5S,54.4,40.6,54,RUS,European Russia
RX5T,56.48,44.53,54,RUS,European Russia
RX5U,57.02,41.52,54,RUS,European Russia
RX5V,56.08,40.62,54,RUS,European Russia
RX5W,51.75,36.02,54,RUS,European Russia
RX5X,54.43,35.43,54,RUS,European Russia
RX5Y,52.95,33.4,54,RUS,European Russia
RX5Z,50.77,37.45,54,RUS,European Russia
RX6A,45.37,39.43,54,RUS,European Russia
RX6E,43.92,41.78,54,RUS,European Russia
RX6F,45.05,43.27,54,RUS,European Russia
RX6I,46.57,45.32,54,RUS,European Russia
RX6J,43.18,44.23,54,RUS,European Russia
RX6K,44.93,34.1,54,RUS,European Russia
RX6L,47.87,41.18,54,RUS,European Russia
RX6P,43.4,45.72,54,RUS,European Russia
RX6Q,43.2,44.97,54,RUS,European Russia
RX6R,50.0,30.0,54,RUS,European Russia
RX6U,47.23,47.23,54,RUS,European Russia
RX6W,43.1,46.88,54,RUS,European Russia
RX6X,43.58,43.4,54,RUS,European Russia
RX6Y,44.65,40.0,54,RUS,European Russia
RX7A,45.37,39.43,54,RUS,European Russia
RX7E,43.92,41.78,54,RUS,European Russia
RX7F,45.05,43.27,54,RUS,European Russia
RX7I,46.57,45.32,54,RUS,European Russia
RX7J,43.18,44.23,54,RUS,European Russia
RX7K,44.93,34.1,54,RUS,European Russia
RX7L,47.87,41.18,54,RUS,European Russia
RX7P,43.4,45.72,54,RUS,European Russia
RX7Q,43.2,44.97,54,RUS,European Russia
RX7R,50.0,30.0,54,RUS,European Russia
RX7U,47.23,47.23,54,RUS,European Russia
RX7W,43.1,46.88,54,RUS,European Russia
RX7X,43.58,43.4,54,RUS,European Russia
RX7Y,44.65,40.0,54,RUS,European Russia
RX8,55.88,84.08,15,RUS,Asiatic Russia
RX8A,54.75,60.7,15,RUS,Asiatic Russia
RX8C,58.7,61.33,15,RUS,Asiatic Russia
RX8F,58.0,56.32,54,RUS,European Russia
RX8H,58.75,82.13,15,RUS,Asiatic Russia
RX8J,62.25,70.17,15,RUS,Asiatic Russia
RX8K,65.3,74.03,15,RUS,Asiatic Russia
RX8L,57.83,69.0,15,RUS,Asiatic Russia
RX8M,56.22,73.27,15,RUS,Asiatic Russia
RX8O,55.45,79.55,15,RUS,Asiatic Russia
RX8Q,55.57,64.75,15,RUS,Asiatic Russia
RX8S,52.13,55.6,15,RUS,Asiatic Russia
RX8U,54.93,87.23,15,RUS,Asiatic Russia
RX8W,54.47,56.27,15,RUS,Asiatic Russia
RX8X,64.28,54.47,54,RUS,European Russia
RX8Y,52.77,82.62,15,RUS,Asiatic Russia
RX8Z,50.92,86.92,15,RUS,Asiatic Russia
RX9,55.88,84.08,15,RUS,Asiatic Russia
RX9A,54.75,60.7,15,RUS,Asiatic Russia
RX9C,58.7,61.33,15,RUS,Asiatic Russia
RX9F,58.0,56.32,54,RUS,European Russia
RX9H,58.75,82.13,15,RUS,Asiatic Russia
RX9J,62.25,70.17,15,RUS,Asiatic Russia
RX9K,65.3,74.03,15,RUS,Asiatic Russia
RX9L,57.83,69.0,15,RUS,Asiatic Russia
RX9M,56.22,73.27,15,RUS,Asiatic Russia
RX9O,55.45,79.55,15,RUS,Asiatic Russia
RX9Q,55.57,64.75,15,RUS,Asiatic Russia
RX9S,52.13,55.6,15,RUS,Asiatic Russia
RX9U,54.93,87.23,15,RUS,Asiatic Russia
RX9W,54.47,56.27,15,RUS,Asiatic Russia
RX9X,64.28,54.47,54,RUS,European Russia
RX9Y,52.77,82.62,15,RUS,Asiatic Russia
RX9Z,50.92,86.92,15,RUS,Asiatic Russia
RY0,55.88,84.08,15,RUS,Asiatic Russia
RY0A,59.88,91.67,15,RUS,Asiatic Russia
RY0C,54.8,136.83,15,RUS,Asiatic Russia
RY0D,48.6,132.2,15,RUS,Asiatic Russia
RY0E,50.55,142.6,15,RUS,Asiatic Russia
RY0G,53.55,127.83,15,RUS,Asiatic Russia
RY0I,62.9,153.7,15,RUS,Asiatic Russia
RY0K,66.67,171.0,15,RUS,Asiatic Russia
RY0L,45.33,134.67,15,RUS,Asiatic Russia
RY0O,53.8,109.33,15,RUS,Asiatic Russia
RY0Q,66.4,129.17,15,RUS,Asiatic Russia
RY0R,57.37,106.0,15,RUS,Asiatic Russia
RY0U,54.0,118.0,15,RUS,Asiatic Russia
RY0W,53.5,90.0,15,RUS,Asiatic Russia
RY0X,56.0,159.0,15,RUS,Asiatic Russia
RY0Y,51.78,94.75,15,RUS,Asiatic Russia
RY1A,59.95,30.3,54,RUS,European Russia
RY1C,60.05,31.75,54,RUS,European Russia
RY1I,64.28,54.47,54,RUS,European Russia
RY1N,63.82,33.0,54,RUS,European Russia
RY1O,63.5,43.0,54,RUS,European Russia
RY1P,68.83,54.83,54,RUS,European Russia
RY1Q,60.08,40.45,54,RUS,European Russia
RY1T,58.43,32.38,54,RUS,European Russia
RY1W,57.32,29.25,54,RUS,European Russia
RY1Z,68.03,34.57,54,RUS,European Russia
RY2A,55.75,37.62,54,RUS,European Russia
RY2D,55.7,36.97,54,RUS,European Russia
RY2E,52.85,36.43,54,RUS,European Russia
RY2F,54.72,20.52,126,RUS,Kaliningrad
RY2G,52.7,39.15,54,RUS,European Russia
RY2I,57.15,34.62,54,RUS,European Russia
RY2L,55.0,33.0,54,RUS,European Russia
RY2M,57.87,39.2,54,RUS,European Russia
RY2N,58.55,43.68,54,RUS,European Russia
RY2O,51.05,40.15,54,RUS,European Russia
RY2P,53.92,37.58,54,RUS,European Russia
RY2R,52.72,41.57,54,RUS,European Russia
RY2S,54.4,40.6,54,RUS,European Russia
RY2T,56.48,44.53,54,RUS,European Russia
RY2U,57.02,41.52,54,RUS,European Russia
RY2V,56.08,40.62,54,RUS,European Russia
RY2W,51.75,36.02,54,RUS,European Russia
RY2X,54.43,35.43,54,RUS,European Russia
RY2Y,52.95,33.4,54,RUS,European Russia
RY2Z,50.77,37.45,54,RUS,European Russia
RY3A,55.75,37.62,54,RUS,European Russia
RY3D,55.7,36.97,54,RUS,European Russia
RY3E,52.85,36.43,54,RUS,European Russia
RY3G,52.7,39.15,54,RUS,European Russia
RY3I,57.15,34.62,54,RUS,European Russia
RY3K,51.05,40.15,54,RUS,European Russia
RY3L,55.0,33.0,54,RUS,European Russia
RY3M,57.87,39.2,54,RUS,European Russia
RY3N,58.55,43.68,54,RUS,European Russia
RY3P,53.92,37.58,54,RUS,European Russia
RY3R,52.72,41.57,54,RUS,European Russia
RY3S,54.4,40.6,54,RUS,European Russia
RY3T,56.48,44.53,54,RUS,European Russia
RY3U,57.02,41.52,54,RUS,European Russia
RY3V,56.08,40.62,54,RUS,European Russia
RY3W,51.75,36.02,54,RUS,European Russia
RY3X,54.43,35.43,54,RUS,European Russia
RY3Y,52.95,33.4,54,RUS,European Russia
RY3Z,50.77,37.45,54,RUS,European Russia
RY4A,49.73,44.12,54,RUS,European Russia
RY4C,51.78,46.73,54,RUS,European Russia
RY4F,53.25,44.57,54,RUS,European Russia
RY4H,53.45,50.45,54,RUS,European Russia
RY4L,53.95,47.92,54,RUS,European Russia
RY4N,58.77,49.83,54,RUS,European Russia
RY4P,55.55,50.93,54,RUS,European Russia
RY4S,56.7,47.87,54,RUS,European Russia
RY4U,54.43,44.45,54,RUS,European Russia
RY4W,57.28,52.75,54,RUS,European Russia
RY4Y,55.55,47.1,54,RUS,European Russia
RY5A,55.75,37.62,54,RUS,European Russia
RY5D,55.7,36.97,54,RUS,European Russia
RY5E,52.85,36.43,54,RUS,European Russia
RY5G,52.7,39.15,54,RUS,European Russia
RY5I,57.15,34.62,54,RUS,European Russia
RY5K,51.05,40.15,54,RUS,European Russia
RY5L,55.0,33.0,54,RUS,European Russia
RY5M,57.87,39.2,54,RUS,European Russia
RY5N,58.55,43.68,54,RUS,European Russia
RY5P,53.92,37.58,54,RUS,European Russia
RY5R,52.72,41.57,54,RUS,European Russia
RY5S,54.4,40.6,54,RUS,European Russia
RY5T,56.48,44.53,54,RUS,European Russia
RY5U,57.02,41.52,54,RUS,European Russia
RY5V,56.08,40.62,54,RUS,European Russia
RY5W,51.75,36.02,54,RUS,European Russia
RY5X,54.43,35.43,54,RUS,European Russia
RY5Y,52.95,33.4,54,RUS,European Russia
RY5Z,50.77,37.45,54,RUS,European Russia
RY6A,45.37,39.43,54,RUS,European Russia
RY6E,43.92,41.78,54,RUS,European Russia
RY6F,45.05,43.27,54,RUS,European Russia
RY6I,46.57,45.32,54,RUS,European Russia
RY6J,43.18,44.23,54,RUS,European Russia
RY6K,44.93,34.1,54,RUS,European Russia
RY6L,47.87,41.18,54,RUS,European Russia
RY6P,43.4,45.72,54,RUS,European Russia
RY6Q,43.2,44.97,54,RUS,European Russia
RY6R,50.0,30.0,54,RUS,European Russia
RY6U,47.23,47.23,54,RUS,European Russia
RY6W,43.1,46.88,54,RUS,European Russia
RY6X,43.58,43.4,54,RUS,European Russia
RY6Y,44.65,40.0,54,RUS,European Russia
RY7A,45.37,39.43,54,RUS,European Russia
RY7E,43.92,41.78,54,RUS,European Russia
RY7F,45.05,43.27,54,RUS,European Russia
RY7I,46.57,45.32,54,RUS,European Russia
RY7J,43.18,44.23,54,RUS,European Russia
RY7K,44.93,34.1,54,RUS,European Russia
RY7L,47.87,41.18,54,RUS,European Russia
RY7P,43.4,45.72,54,RUS,European Russia
RY7Q,43.2,44.97,54,RUS,European Russia
RY7R,50.0,30.0,54,RUS,European Russia
RY7U,47.23,47.23,54,RUS,European Russia
RY7W,43.1,46.88,54,RUS,European Russia
RY7X,43.58,43.4,54,RUS,European Russia
RY7Y,44.65,40.0,54,RUS,European Russia
RY8,55.88,84.08,15,RUS,Asiatic Russia
RY8A,54.75,60.7,15,RUS,Asiatic Russia
RY8C,58.7,61.33,15,RUS,Asiatic Russia
RY8F,58.0,56.32,54,RUS,European Russia
RY8H,58.75,82.13,15,RUS,Asiatic Russia
RY8J,62.25,70.17,15,RUS,Asiatic Russia
RY8K,65.3,74.03,15,RUS,Asiatic Russia
RY8L,57.83,69.0,15,RUS,Asiatic Russia
RY8M,56.22,73.27,15,RUS,Asiatic Russia
RY8O,55.45,79.55,15,RUS,Asiatic Russia
RY8Q,55.57,64.75,15,RUS,Asiatic Russia
RY8S,52.13,55.6,15,RUS,Asiatic Russia
RY8U,54.93,87.23,15,RUS,Asiatic Russia
RY8W,54.47,56.27,15,RUS,Asiatic Russia
RY8X,64.28,54.47,54,RUS,European Russia
RY8Y,52.77,82.62,15,RUS,Asiatic Russia
RY8Z,50.92,86.92,15,RUS,Asiatic Russia
RY9,55.88,84.08,15,RUS,Asiatic Russia
RY9A,54.75,60.7,15,RUS,Asiatic Russia
RY9C,58.7,61.33,15,RUS,Asiatic Russia
RY9F,58.0,56.32,54,RUS,European Russia
RY9H,58.75,82.13,15,RUS,Asiatic Russia
RY9J,62.25,70.17,15,RUS,Asiatic Russia
RY9K,65.3,74.03,15,RUS,Asiatic Russia
RY9L,57.83,69.0,15,RUS,Asiatic Russia
RY9M,56.22,73.27,15,RUS,Asiatic Russia
RY9O,55.45,79.55,15,RUS,Asiatic Russia
RY9Q,55.57,64.75,15,RUS,Asiatic Russia
RY9S,52.13,55.6,15,RUS,Asiatic Russia
RY9U,54.93,87.23,15,RUS,Asiatic Russia
RY9W,54.47,56.27,15,RUS,Asiatic Russia
RY9X,64.28,54.47,54,RUS,European Russia
RY9Y,52.77,82.62,15,RUS,Asiatic Russia
RY9Z,50.92,86.92,15,RUS,Asiatic Russia
RZ0,55.88,84.08,15,RUS,Asiatic Russia
RZ0A,59.88,91.67,15,RUS,Asiatic Russia
RZ0C,54.8,136.83,15,RUS,Asiatic Russia
RZ0D,48.6,132.2,15,RUS,Asiatic Russia
RZ0E,50.55,142.6,15,RUS,Asiatic Russia
RZ0G,53.55,127.83,15,RUS,Asiatic Russia
RZ0I,62.9,153.7,15,RUS,Asiatic Russia
RZ0K,66.67,171.0,15,RUS,Asiatic Russia
RZ0L,45.33,134.67,15,RUS,Asiatic Russia
RZ0O,53.8,109.33,15,RUS,Asiatic Russia
RZ0Q,66.4,129.17,15,RUS,Asiatic Russia
RZ0R,57.37,106.0,15,RUS,Asiatic Russia
RZ0U,54.0,118.0,15,RUS,Asiatic Russia
RZ0W,53.5,90.0,15,RUS,Asiatic Russia
RZ0X,56.0,159.0,15,RUS,Asiatic Russia
RZ0Y,51.78,94.75,15,RUS,Asiatic Russia
RZ1A,59.95,30.3,54,RUS,European Russia
RZ1C,60.05,31.75,54,RUS,European Russia
RZ1I,64.28,54.47,54,RUS,European Russia
RZ1N,63.82,33.0,54,RUS,European Russia
RZ1O,63.5,43.0,54,RUS,European Russia
RZ1P,68.83,54.83,54,RUS,European Russia
RZ1Q,60.08,40.45,54,RUS,European Russia
RZ1T,58.43,32.38,54,RUS,European Russia
RZ1W,57.32,29.25,54,RUS,European Russia
RZ1Z,68.03,34.57,54,RUS,European Russia
RZ2A,55.75,37.62,54,RUS,European Russia
RZ2D,55.7,36.97,54,RUS,European Russia
RZ2E,52.85,36.43,54,RUS,European Russia
RZ2F,54.72,20.52,126,RUS,Kaliningrad
RZ2G,52.7,39.15,54,RUS,European Russia
RZ2I,57.15,34.62,54,RUS,European Russia
RZ2L,55.0,33.0,54,RUS,European Russia
RZ2M,57.87,39.2,54,RUS,European Russia
RZ2N,58.55,43.68,54,RUS,European Russia
RZ2O,51.05,40.15,54,RUS,European Russia
RZ2P,53.92,37.58,54,RUS,European Russia
RZ2R,52.72,41.57,54,RUS,European Russia
RZ2S,54.4,40.6,54,RUS,European Russia
RZ2T,56.48,44.53,54,RUS,European Russia
RZ2U,57.02,41.52,54,RUS,European Russia
RZ2V,56.08,40.62,54,RUS,European Russia
RZ2W,51.75,36.02,54,RUS,European Russia
RZ2X,54.43,35.43,54,RUS,European Russia
RZ2Y,52.95,33.4,54,RUS,European Russia
RZ2Z,50.77,37.45,54,RUS,European Russia
RZ3A,55.75,37.62,54,RUS,European Russia
RZ3D,55.7,36.97,54,RUS,European Russia
RZ3E,52.85,36.43,54,RUS,European Russia
RZ3G,52.7,39.15,54,RUS,European Russia
RZ3I,57.15,34.62,54,RUS,European Russia
RZ3K,51.05,40.15,54,RUS,European Russia
RZ3L,55.0,33.0,54,RUS,European Russia
RZ3M,57.87,39.2,54,RUS,European Russia
RZ3N,58.55,43.68,54,RUS,European Russia
RZ3P,53.92,37.58,54,RUS,European Russia
RZ3R,52.72,41.57,54,RUS,European Russia
RZ3S,54.4,40.6,54,RUS,European Russia
RZ3T,56.48,44.53,54,RUS,European Russia
RZ3U,57.02,41.52,54,RUS,European Russia
RZ3V,56.08,40.62,54,RUS,European Russia
RZ3W,51.75,36.02,54,RUS,European Russia
RZ3X,54.43,35.43,54,RUS,European Russia
RZ3Y,52.95,33.4,54,RUS,European Russia
RZ3Z,50.77,37.45,54,RUS,European Russia
RZ4A,49.73,44.12,54,RUS,European Russia
RZ4C,51.78,46.73,54,RUS,European Russia
RZ4F,53.25,44.57,54,RUS,European Russia
RZ4H,53.45,50.45,54,RUS,European Russia
RZ4L,53.95,47.92,54,RUS,European Russia
RZ4N,58.77,49.83,54,RUS,European Russia
RZ4P,55.55,50.93,54,RUS,European Russia
RZ4S,56.7,47.87,54,RUS,European Russia
RZ4U,54.43,44.45,54,RUS,European Russia
RZ4W,57.28,52.75,54,RUS,European Russia
RZ4Y,55.55,47.1,54,RUS,European Russia
RZ5A,55.75,37.62,54,RUS,European Russia
RZ5D,55.7,36.97,54,RUS,European Russia
RZ5E,52.85,36.43,54,RUS,European Russia
RZ5G,52.7,39.15,54,RUS,European Russia
RZ5I,57.15,34.62,54,RUS,European Russia
RZ5K,51.05,40.15,54,RUS,European Russia
RZ5L,55.0,33.0,54,RUS,European Russia
RZ5M,57.87,39.2,54,RUS,European Russia
RZ5N,58.55,43.68,54,RUS,European Russia
RZ5P,53.92,37.58,54,RUS,European Russia
RZ5R,52.72,41.57,54,RUS,European Russia
RZ5S,54.4,40.6,54,RUS,European Russia
RZ5T,56.48,44.53,54,RUS,European Russia
RZ5U,57.02,41.52,54,RUS,European Russia
RZ5V,56.08,40.62,54,RUS,European Russia
RZ5W,51.75,36.02,54,RUS,European Russia
RZ5X,54.43,35.43,54,RUS,European Russia
RZ5Y,52.95,33.4,54,RUS,European Russia
RZ5Z,50.77,37.45,54,RUS,European Russia
RZ6A,45.37,39.43,54,RUS,European Russia
RZ6E,43.92,41.78,54,RUS,European Russia
RZ6F,45.05,43.27,54,RUS,European Russia
RZ6I,46.57,45.32,54,RUS,European Russia
RZ6J,43.18,44.23,54,RUS,European Russia
RZ6K,44.93,34.1,54,RUS,European Russia
RZ6L,47.87,41.18,54,RUS,European Russia
RZ6P,43.4,45.72,54,RUS,European Russia
RZ6Q,43.2,44.97,54,RUS,European Russia
RZ6R,50.0,30.0,54,RUS,European Russia
RZ6U,47.23,47.23,54,RUS,European Russia
RZ6W,43.1,46.88,54,RUS,European Russia
RZ6X,43.58,43.4,54,RUS,European Russia
RZ6Y,44.65,40.0,54,RUS,European Russia
RZ7A,45.37,39.43,54,RUS,European Russia
RZ7E,43.92,41.78,54,RUS,European Russia
RZ7F,45.05,43.27,54,RUS,European Russia
RZ7I,46.57,45.32,54,RUS,European Russia
RZ7J,43.18,44.23,54,RUS,European Russia
RZ7K,44.93,34.1,54,RUS,European Russia
RZ7L,47.87,41.18,54,RUS,European Russia
RZ7P,43.4,45.72,54,RUS,European Russia
RZ7Q,43.2,44.97,54,RUS,European Russia
RZ7R,50.0,30.0,54,RUS,European Russia
RZ7U,47.23,47.23,54,RUS,European Russia
RZ7W,43.1,46.88,54,RUS,European Russia
RZ7X,43.58,43.4,54,RUS,European Russia
RZ7Y,44.65,40.0,54,RUS,European Russia
RZ8,55.88,84.08,15,RUS,Asiatic Russia
RZ8A,54.75,60.7,15,RUS,Asiatic Russia
RZ8C,58.7,61.33,15,RUS,Asiatic Russia
RZ8F,58.0,56.32,54,RUS,European Russia
RZ8H,58.75,82.13,15,RUS,Asiatic Russia
RZ8J,62.25,70.17,15,RUS,Asiatic Russia
RZ8K,65.3,74.03,15,RUS,Asiatic Russia
RZ8L,57.83,69.0,15,RUS,Asiatic Russia
RZ8M,56.22,73.27,15,RUS,Asiatic Russia
RZ8O,55.45,79.55,15,RUS,Asiatic Russia
RZ8Q,55.57,64.75,15,RUS,Asiatic Russia
RZ8S,52.13,55.6,15,RUS,Asiatic Russia
RZ8U,54.93,87.23,15,RUS,Asiatic Russia
RZ8W,54.47,56.27,15,RUS,Asiatic Russia
RZ8X,64.28,54.47,54,RUS,European Russia
RZ8Y,52.77,82.62,15,RUS,Asiatic Russia
RZ8Z,50.92,86.92,15,RUS,Asiatic Russia
RZ9,55.88,84.08,15,RUS,Asiatic Russia
RZ9A,54.75,60.7,15,RUS,Asiatic Russia
RZ9C,58.7,61.33,15,RUS,Asiatic Russia
RZ9F,58.0,56.32,54,RUS,European Russia
RZ9H,58.75,82.13,15,RUS,Asiatic Russia
RZ9J,62.25,70.17,15,RUS,Asiatic Russia
RZ9K,65.3,74.03,15,RUS,Asiatic Russia
RZ9L,57.83,69.0,15,RUS,Asiatic Russia
RZ9M,56.22,73.27,15,RUS,Asiatic Russia
RZ9O,55.45,79.55,15,RUS,Asiatic Russia
RZ9Q,55.57,64.75,15,RUS,Asiatic Russia
RZ9S,52.13,55.6,15,RUS,Asiatic Russia
RZ9U,54.93,87.23,15,RUS,Asiatic Russia
RZ9W,54.47,56.27,15,RUS,Asiatic Russia
RZ9X,64.28,54.47,54,RUS,European Russia
RZ9Y,52.77,82.62,15,RUS,Asiatic Russia
RZ9Z,50.92,86.92,15,RUS,Asiatic Russia
S0,24.82,-13.85,302,ESH,Western Sahara
S2,24.12,89.65,305,BGD,Bangladesh
S3,24.12,89.65,305,BGD,Bangladesh
S4,-29.07,22.63,462,ZAF,South Africa
S5,46.0,14.0,499,SVN,Slovenia
S6,1.37,103.78,381,SGP,Singapore
S7,-4.67,55.47,379,SYC,Seychelles
S8,-29.07,22.63,462,ZAF,South Africa
S9,0.22,6.57,219,STP,Sao Tome & Principe
SA,58.9,15.33,284,SWE,Sweden
SA0,59.33,18.17,284,SWE,Sweden
SA1,57.5,18.52,284,SWE,Sweden
SA2,65.68,18.4,284,SWE,Sweden
SA3,62.0,16.28,284,SWE,Sweden
SA4,59.78,14.72,284,SWE,Sweden
SA5,59.15,16.47,284,SWE,Sweden
SA6,57.97,11.9,284,SWE,Sweden
SA7,56.43,14.0,284,SWE,Sweden
SB,58.9,15.33,284,SWE,Sweden
SB0,59.33,18.17,284,SWE,Sweden
SB1,57.5,18.52,284,SWE,Sweden
SB2,65.68,18.4,284,SWE,Sweden
SB3,62.0,16.28,284,SWE,Sweden
SB4,59.78,14.72,284,SWE,Sweden
SB5,59.15,16.47,284,SWE,Sweden
SB6,57.97,11.9,284,SWE,Sweden
SB7,56.43,14.0,284,SWE,Sweden
SC,58.9,15.33,284,SWE,Sweden
SC0,59.33,18.17,284,SWE,Sweden
SC1,57.5,18.52,284,SWE,Sweden
SC2,65.68,18.4,284,SWE,Sweden
SC3,62.0,16.28,284,SWE,Sweden
SC4,59.78,14.72,284,SWE,Sweden
SC5,59.15,16.47,284,SWE,Sweden
SC6,57.97,11.9,284,SWE,Sweden
SC7,56.43,14.0,284,SWE,Sweden
SD,58.9,15.33,284,SWE,Sweden
SD0,59.33,18.17,284,SWE,Sweden
SD1,57.5,18.52,284,SWE,Sweden
SD2,65.68,18.4,284,SWE,Sweden
SD3,62.0,16.28,284,SWE,Sweden
SD4,59.78,14.72,284,SWE,Sweden
SD5,59.15,16.47,284,SWE,Sweden
SD6,57.97,11.9,284,SWE,Sweden
SD7,56.43,14.0,284,SWE,Sweden
SE,58.9,15.33,284,SWE,Sweden
SE0,59.33,18.17,284,SWE,Sweden
SE1,57.5,18.52,284,SWE,Sweden
SE2,65.68,18.4,284,SWE,Sweden
SE3,62.0,16.28,284,SWE,Sweden
SE4,59.78,14.72,284,SWE,Sweden
SE5,59.15,16.47,284,SWE,Sweden
SE6,57.97,11.9,284,SWE,Sweden
SE7,56.43,14.0,284,SWE,Sweden
SF,58.9,15.33,284,SWE,Sweden
SF0,59.33,18.17,284,SWE,Sweden
SF1,57.5,18.52,284,SWE,Sweden
SF2,65.68,18.4,284,SWE,Sweden
SF3,62.0,16.28,284,SWE,Sweden
SF4,59.78,14.72,284,SWE,Sweden
SF5,59.15,16.47,284,SWE,Sweden
SF6,57.97,11.9,284,SWE,Sweden
SF7,56.43,14.0,284,SWE,Sweden
SG,58.9,15.33,284,SWE,Sweden
SG0,59.33,18.17,284,SWE,Sweden
SG1,57.5,18.52,284,SWE,Sweden
SG2,65.68,18.4,284,SWE,Sweden
SG3,62.0,16.28,284,SWE,Sweden
SG4,59.78,14.72,284,SWE,Sweden
SG5,59.15,16.47,284,SWE,Sweden
SG6,57.97,11.9,284,SWE,Sweden
SG7,56.43,14.0,284,SWE,Sweden
SH,58.9,15.33,284,SWE,Sweden
SH0,59.33,18.17,284,SWE,Sweden
SH1,57.5,18.52,284,SWE,Sweden
SH2,65.68,18.4,284,SWE,Sweden
SH3,62.0,16.28,284,SWE,Sweden
SH4,59.78,14.72,284,SWE,Sweden
SH5,59.15,16.47,284,SWE,Sweden
SH6,57.97,11.9,284,SWE,Sweden
SH7,56.43,14.0,284,SWE,Sweden
SI,58.9,15.33,284,SWE,Sweden
SI0,59.33,18.17,284,SWE,Sweden
SI1,57.5,18.52,284,SWE,Sweden
SI2,65.68,18.4,284,SWE,Sweden
SI3,62.0,16.28,284,SWE,Sweden
SI4,59.78,14.72,284,SWE,Sweden
SI5,59.15,16.47,284,SWE,Sweden
SI6,57.97,11.9,284,SWE,Sweden
SI7,56.43,14.0,284,SWE,Sweden
SJ,58.9,15.33,284,SWE,Sweden
SJ0,59.33,18.17,284,SWE,Sweden
SJ1,57.5,18.52,284,SWE,Sweden
SJ2,65.68,18.4,284,SWE,Sweden
SJ3,62.0,16.28,284,SWE,Sweden
SJ4,59.78,14.72,284,SWE,Sweden
SJ5,59.15,16.47,284,SWE,Sweden
SJ6,57.97,11.9,284,SWE,Sweden
SJ7,56.43,14.0,284,SWE,Sweden
SK,58.9,15.33,284,SWE,Sweden
SK0,59.33,18.17,284,SWE,Sweden
SK1,57.5,18.52,284,SWE,Sweden
SK2,65.68,18.4,284,SWE,Sweden
SK3,62.0,16.28,284,SWE,Sweden
SK4,59.78,14.72,284,SWE,Sweden
SK5,59.15,16.47,284,SWE,Sweden
SK6,57.97,11.9,284,SWE,Sweden
SK7,56.43,14.0,284,SWE,Sweden
SL,58.9,15.33,284,SWE,Sweden
SL0,59.33,18.17,284,SWE,Sweden
SL1,57.5,18.52,284,SWE,Sweden
SL2,65.68,18.4,284,SWE,Sweden
SL3,62.0,16.28,284,SWE,Sweden
SL4,59.78,14.72,284,SWE,Sweden
SL5,59.15,16.47,284,SWE,Sweden
SL6,57.97,11.9,284,SWE,Sweden
SL7,56.43,14.0,284,SWE,Sweden
SM,58.9,15.33,284,SWE,Sweden
SM0,59.33,18.17,284,SWE,Sweden
SM1,57.5,18.52,284,SWE,Sweden
SM2,65.68,18.4,284,SWE,Sweden
SM3,62.0,16.28,284,SWE,Sweden
SM4,59.78,14.72,284,SWE,Sweden
SM5,59.15,16.47,284,SWE,Sweden
SM6,57.97,11.9,284,SWE,Sweden
SM7,56.43,14.0,284,SWE,Sweden
SN,52.28,18.67,269,POL,Poland
SN1,53.42,14.53,269,POL,Poland
SN2,54.45,17.33,269,POL,Poland
SN3,53.0,15.9,269,POL,Poland
SN4,54.17,19.42,269,POL,Poland
SN5,52.27,21.03,269,POL,Poland
SN6,51.08,17.0,269,POL,Poland
SN7,53.28,15.92,269,POL,Poland
SN8,50.07,22.0,269,POL,Poland
SN9,50.25,18.98,269,POL,Poland
SO,52.28,18.67,269,POL,Poland
SO1,53.42,14.53,269,POL,Poland
SO2,54.45,17.33,269,POL,Poland
SO3,53.0,15.9,269,POL,Poland
SO4,54.17,19.42,269,POL,Poland
SO5,52.27,21.03,269,POL,Poland
SO6,51.08,17.0,269,POL,Poland
SO7,53.28,15.92,269,POL,Poland
SO8,50.07,22.0,269,POL,Poland
SO9,50.25,18.98,269,POL,Poland
SP,52.28,18.67,269,POL,Poland
SP1,53.42,14.53,269,POL,Poland
SP2,54.45,17.33,269,POL,Poland
SP3,53.0,15.9,269,POL,Poland
SP4,54.17,19.42,269,POL,Poland
SP5,52.27,21.03,269,POL,Poland
SP6,51.08,17.0,269,POL,Poland
SP7,53.28,15.92,269,POL,Poland
SP8,50.07,22.0,269,POL,Poland
SP9,50.25,18.98,269,POL,Poland
SQ,52.28,18.67,269,POL,Poland
SQ1,53.42,14.53,269,POL,Poland
SQ2,54.45,17.33,269,POL,Poland
SQ3,53.0,15.9,269,POL,Poland
SQ4,54.17,19.42,269,POL,Poland
SQ5,52.27,21.03,269,POL,Poland
SQ6,51.08,17.0,269,POL,Poland
SQ7,53.28,15.92,269,POL,Poland
SQ8,50.07,22.0,269,POL,Poland
SQ9,50.25,18.98,269,POL,Poland
SR,52.28,18.67,269,POL,Poland
SR1,53.42,14.53,269,POL,Poland
SR2,54.45,17.33,269,POL,Poland
SR3,53.0,15.9,269,POL,Poland
SR4,54.17,19.42,269,POL,Poland
SR5,52.27,21.03,269,POL,Poland
SR6,51.08,17.0,269,POL,Poland
SR7,53.28,15.92,269,POL,Poland
SR8,50.07,22.0,269,POL,Poland
SR9,50.25,18.98,269,POL,Poland
SS,26.28,28.6,478,EGY,Egypt
ST,14.47,28.62,466,SDN,Sudan
SU,26.28,28.6,478,EGY,Egypt
SV,39.78,21.78,236,GRC,Greece
SV1,37.97,23.72,236,GRC,Greece
SV2,40.8,22.5,236,GRC,Greece
SV2RSG/A,40.0,24.0,180,GRC,Mount Athos
SV3,37.23,21.8,236,GRC,Greece
SV4,39.63,22.42,236,GRC,Greece
SV5,36.17,27.93,45,GRC,Dodecanese
SV6,39.2,20.5,236,GRC,Greece
SV7,41.0,25.0,236,GRC,Greece
SV8,39.78,21.78,236,GRC,Greece
SV9,35.23,24.78,40,GRC,Crete
SW,39.78,21.78,236,GRC,Greece
SW1,37.97,23.72,236,GRC,Greece
SW2,40.8,22.5,236,GRC,Greece
SW3,37.23,21.8,236,GRC,Greece
SW4,39.63,22.42,236,GRC,Greece
SW5,36.17,27.93,45,GRC,Dodecanese
SW6,39.2,20.5,236,GRC,Greece
SW7,41.0,25.0,236,GRC,Greece
SW8,39.78,21.78,236,GRC,Greece
SW9,35.23,24.78,40,GRC,Crete
SX,39.78,21.78,236,GRC,Greece
SX1,37.97,23.72,236,GRC,Greece
SX2,40.8,22.5,236,GRC,Greece
SX3,37.23,21.8,236,GRC,Greece
SX4,39.63,22.42,236,GRC,Greece
SX5,36.17,27.93,45,GRC,Dodecanese
SX6,39.2,20.5,236,GRC,Greece
SX7,41.0,25.0,236,GRC,Greece
SX8,39.78,21.78,236,GRC,Greece
SX9,35.23,24.78,40,GRC,Crete
SY,39.78,21.78,236,GRC,Greece
SY1,37.97,23.72,236,GRC,Greece
SY2,40.8,22.5,236,GRC,Greece
SY3,37.23,21.8,236,GRC,Greece
SY4,39.63,22.42,236,GRC,Greece
SY5,36.17,27.93,45,GRC,Dodecanese
SY6,39.2,20.5,236,GRC,Greece
SY7,41.0,25.0,236,GRC,Greece
SY8,39.78,21.78,236,GRC,Greece
SY9,35.23,24.78,40,GRC,Crete
SZ,39.78,21.78,236,GRC,Greece
SZ1,37.97,23.72,236,GRC,Greece
SZ2,40.8,22.5,236,GRC,Greece
SZ3,37.23,21.8,236,GRC,Greece
SZ4,39.63,22.42,236,GRC,Greece
SZ5,36.17,27.93,45,GRC,Dodecanese
SZ6,39.2,20.5,236,GRC,Greece
SZ7,41.0,25.0,236,GRC,Greece
SZ8,39.78,21.78,236,GRC,Greece
SZ9,35.23,24.78,40,GRC,Crete
T2,-8.5,179.2,282,TUV,Tuvalu
T30,1.42,173.0,301,KIR,W. Kiribati (Gilbert Is.)
T31,-2.83,-171.72,31,KIR,C. Kiribati (British Phoenix Is.)
T32,1.8,-157.35,48,SOM,Somalia
T33,-0.88,169.53,490,KIR,E. Kiribati (Line Is.)
T4,21.5,-80.0,70,CUB,Cuba
T41,22.42,-83.67,70,CUB,Cuba
T42,23.13,-82.38,70,CUB,Cuba
T43,22.82,-82.35,70,CUB,Cuba
T44,21.75,-82.85,70,CUB,Cuba
T45,23.05,-81.58,70,CUB,Cuba
T46,22.4,-79.95,70,CUB,Cuba
T47,22.62,-78.33,70,CUB,Cuba
T48,20.48,-76.18,70,CUB,Cuba
T5,2.03,45.35,232,KIR,Banaba I. (Ocean I.)
T6,34.7,65.8,3,AFG,Afghanistan
T7,43.95,12.45,278,SMR,San Marino
T8,7.45,134.53,22,PLW,Palau
TA,39.18,35.65,390,TUR,Turkey
TA0,38.95,26.58,390,TUR,Turkey
TA1,41.02,28.97,390,TUR,Turkey
TA1AO/4,36.88,30.7,390,TUR,Turkey
TA2,39.92,32.83,390,TUR,Turkey
TA3,38.42,27.12,390,TUR,Turkey
TA3AC/1,41.02,28.97,390,TUR,Turkey
TA4,36.88,30.7,390,TUR,Turkey
TA5,37.85,32.5,390,TUR,Turkey
TA6,41.27,36.35,390,TUR,Turkey
TA6CQ/1,41.02,28.97,390,TUR,Turkey
TA7,40.98,39.72,390,TUR,Turkey
TA7H/1,41.02,28.97,390,TUR,Turkey
TA8,37.77,38.27,390,TUR,Turkey
TA9,39.95,41.28,390,TUR,Turkey
TB,39.18,35.65,390,TUR,Turkey
TB0,38.95,26.58,390,TUR,Turkey
TB1,41.02,28.97,390,TUR,Turkey
TB2,39.92,32.83,390,TUR,Turkey
TB3,38.42,27.12,390,TUR,Turkey
TB4,36.88,30.7,390,TUR,Turkey
TB5,37.85,32.5,390,TUR,Turkey
TB6,41.27,36.35,390,TUR,Turkey
TB7,40.98,39.72,390,TUR,Turkey
TB8,37.77,38.27,390,TUR,Turkey
TB9,39.95,41.28,390,TUR,Turkey
TC,39.18,35.65,390,TUR,Turkey
TC0,38.95,26.58,390,TUR,Turkey
TC1,41.02,28.97,390,TUR,Turkey
TC2,39.92,32.83,390,TUR,Turkey
TC3,38.42,27.12,390,TUR,Turkey
TC4,36.88,30.7,390,TUR,Turkey
TC5,37.85,32.5,390,TUR,Turkey
TC6,41.27,36.35,390,TUR,Turkey
TC7,40.98,39.72,390,TUR,Turkey
TC8,37.77,38.27,390,TUR,Turkey
TC9,39.95,41.28,390,TUR,Turkey
TD,15.5,-90.3,76,GTM,Guatemala
TE,10.0,-84.0,308,CRI,Costa Rica
TE2,9.93,-84.08,308,CRI,Costa Rica
TE3,9.8,-83.65,308,CRI,Costa Rica
TE4,10.42,-84.0,308,CRI,Costa Rica
TE5,10.57,-84.6,308,CRI,Costa Rica
TE6,9.98,-83.03,308,CRI,Costa Rica
TE7,10.43,-85.4,308,CRI,Costa Rica
TE8,9.97,-84.83,308,CRI,Costa Rica
TE9,5.52,-87.05,37,CRI,Cocos I.
TF,64.8,-18.73,242,ISL,Iceland
TG,15.5,-90.3,76,GTM,Guatemala
TH,46.0,2.0,227,FRA,France
TI,10.0,-84.0,308,CRI,Costa Rica
TI2,9.93,-84.08,308,CRI,Costa Rica
TI3,9.8,-83.65,308,CRI,Costa Rica
TI4,10.42,-84.0,308,CRI,Costa Rica
TI5,10.57,-84.6,308,CRI,Costa Rica
TI6,9.98,-83.03,308,CRI,Costa Rica
TI7,10.43,-85.4,308,CRI,Costa Rica
TI8,9.97,-84.83,308,CRI,Costa Rica
TI9,5.52,-87.05,37,CRI,Cocos I.
TJ,5.38,11.87,406,CMR,Cameroon
TK,42.0,9.0,214,FRA,Corsica
TL,6.75,20.33,408,CAF,Central Africa
TM,46.0,2.0,227,FRA,France
TN,-1.02,15.37,412,COG,Congo (Republic of the)
TO,46.0,2.0,227,FRA,France
TO1A,4.0,-53.0,63,GUF,French Guiana
TO4A,14.7,-61.03,84,MTQ,Martinique
TO5A,14.7,-61.03,84,MTQ,Martinique
TO5M,18.08,-63.03,213,MAF,Saint Martin
TO7A,14.7,-61.03,84,MTQ,Martinique
TO7K,-21.12,55.48,453,REU,Reunion I.
TO9W,18.08,-63.03,213,MAF,Saint Martin
TP,46.0,2.0,227,FRA,France
TQ,46.0,2.0,227,FRA,France
TR,-0.37,11.73,420,GAB,Gabon
TS,35.4,9.32,474,TUN,Tunisia
TT,15.8,18.17,410,TCD,Chad
TU,7.58,-5.8,428,CIV,Cote d'Ivoire
TV,46.0,2.0,227,FRA,France
TW,-13.3,-176.2,298,WLF,Wallis & Futuna
TX,46.0,2.0,227,FRA,France
TX3X,-19.87,158.32,512,NCL,Chesterfield Is.
TX5S,10.28,-109.22,36,FRA,Clipperton I. (no distinct ISO code; French sovereignty)
TX9A,-23.37,-149.48,508,PYF,Austral I.
TY,9.87,2.25,416,BEN,Benin
TZ,18.0,-2.58,442,MLI,Mali
U,53.65,41.37,54,RUS,European Russia
U0,55.88,84.08,15,RUS,Asiatic Russia
U0A,59.88,91.67,15,RUS,Asiatic Russia
U0C,54.8,136.83,15,RUS,Asiatic Russia
U0D,48.6,132.2,15,RUS,Asiatic Russia
U0E,50.55,142.6,15,RUS,Asiatic Russia
U0G,53.55,127.83,15,RUS,Asiatic Russia
U0I,62.9,153.7,15,RUS,Asiatic Russia
U0K,66.67,171.0,15,RUS,Asiatic Russia
U0L,45.33,134.67,15,RUS,Asiatic Russia
U0O,53.8,109.33,15,RUS,Asiatic Russia
U0Q,66.4,129.17,15,RUS,Asiatic Russia
U0R,57.37,106.0,15,RUS,Asiatic Russia
U0U,54.0,118.0,15,RUS,Asiatic Russia
U0W,53.5,90.0,15,RUS,Asiatic Russia
U0X,56.0,159.0,15,RUS,Asiatic Russia
U0Y,51.78,94.75,15,RUS,Asiatic Russia
U1A,59.95,30.3,54,RUS,European Russia
U1C,60.05,31.75,54,RUS,European Russia
U1I,64.28,54.47,54,RUS,European Russia
U1N,63.82,33.0,54,RUS,European Russia
U1O,63.5,43.0,54,RUS,European Russia
U1P,68.83,54.83,54,RUS,European Russia
U1Q,60.08,40.45,54,RUS,European Russia
U1T,58.43,32.38,54,RUS,European Russia
U1W,57.32,29.25,54,RUS,European Russia
U1Z,68.03,34.57,54,RUS,European Russia
U2A,55.75,37.62,54,RUS,European Russia
U2D,55.7,36.97,54,RUS,European Russia
U2E,52.85,36.43,54,RUS,European Russia
U2F,54.72,20.52,126,RUS,Kaliningrad
U2G,52.7,39.15,54,RUS,European Russia
U2I,57.15,34.62,54,RUS,European Russia
U2L,55.0,33.0,54,RUS,European Russia
U2M,57.87,39.2,54,RUS,European Russia
U2N,58.55,43.68,54,RUS,European Russia
U2O,51.05,40.15,54,RUS,European Russia
U2P,53.92,37.58,54,RUS,European Russia
U2R,52.72,41.57,54,RUS,European Russia
U2S,54.4,40.6,54,RUS,European Russia
U2T,56.48,44.53,54,RUS,European Russia
U2U,57.02,41.52,54,RUS,European Russia
U2V,56.08,40.62,54,RUS,European Russia
U2W,51.75,36.02,54,RUS,European Russia
U2X,54.43,35.43,54,RUS,European Russia
U2Y,52.95,33.4,54,RUS,European Russia
U2Z,50.77,37.45,54,RUS,European Russia
U3A,55.75,37.62,54,RUS,European Russia
U3D,55.7,36.97,54,RUS,European Russia
U3E,52.85,36.43,54,RUS,European Russia
U3G,52.7,39.15,54,RUS,European Russia
U3I,57.15,34.62,54,RUS,European Russia
U3K,51.05,40.15,54,RUS,European Russia
U3L,55.0,33.0,54,RUS,European Russia
U3M,57.87,39.2,54,RUS,European Russia
U3N,58.55,43.68,54,RUS,European Russia
U3P,53.92,37.58,54,RUS,European Russia
U3R,52.72,41.57,54,RUS,European Russia
U3S,54.4,40.6,54,RUS,European Russia
U3T,56.48,44.53,54,RUS,European Russia
U3U,57.02,41.52,54,RUS,European Russia
U3V,56.08,40.62,54,RUS,European Russia
U3W,51.75,36.02,54,RUS,European Russia
U3X,54.43,35.43,54,RUS,European Russia
U3Y,52.95,33.4,54,RUS,European Russia
U3Z,50.77,37.45,54,RUS,European Russia
U4A,49.73,44.12,54,RUS,European Russia
U4C,51.78,46.73,54,RUS,European Russia
U4F,53.25,44.57,54,RUS,European Russia
U4H,53.45,50.45,54,RUS,European Russia
U4L,53.95,47.92,54,RUS,European Russia
U4N,58.77,49.83,54,RUS,European Russia
U4P,55.55,50.93,54,RUS,European Russia
U4S,56.7,47.87,54,RUS,European Russia
U4U,54.43,44.45,54,RUS,European Russia
U4W,57.28,52.75,54,RUS,European Russia
U4Y,55.55,47.1,54,RUS,European Russia
U5,50.0,30.0,288,UKR,Ukraine
U5A,51.42,33.55,288,UKR,Ukraine
U5B,49.58,25.65,288,UKR,Ukraine
U5C,49.45,32.07,288,UKR,Ukraine
U5D,47.83,35.17,288,UKR,Ukraine
U5E,48.48,35.0,288,UKR,Ukraine
U5F,46.5,30.75,288,UKR,Ukraine
U5G,46.65,32.63,288,UKR,Ukraine
U5H,49.58,34.58,288,UKR,Ukraine
U5I,48.0,37.83,288,UKR,Ukraine
U5K,50.65,26.17,288,UKR,Ukraine
U5L,50.37,36.25,288,UKR,Ukraine
U5M,48.58,39.33,288,UKR,Ukraine
U5N,49.18,28.5,288,UKR,Ukraine
U5P,50.65,24.15,288,UKR,Ukraine
U5R,51.5,31.3,288,UKR,Ukraine
U5S,48.67,26.6,288,UKR,Ukraine
U5T,49.42,26.98,288,UKR,Ukraine
U5U,50.42,30.5,288,UKR,Ukraine
U5V,48.52,32.25,288,UKR,Ukraine
U5W,49.83,24.0,288,UKR,Ukraine
U5X,50.3,28.67,288,UKR,Ukraine
U5Y,48.32,25.87,288,UKR,Ukraine
U5Z,46.95,32.0,288,UKR,Ukraine
U6A,45.37,39.43,54,RUS,European Russia
U6E,43.92,41.78,54,RUS,European Russia
U6F,45.05,43.27,54,RUS,European Russia
U6I,46.57,45.32,54,RUS,European Russia
U6J,43.18,44.23,54,RUS,European Russia
U6K,44.93,34.1,54,RUS,European Russia
U6L,47.87,41.18,54,RUS,European Russia
U6P,43.4,45.72,54,RUS,European Russia
U6Q,43.2,44.97,54,RUS,European Russia
U6R,50.0,30.0,54,RUS,European Russia
U6U,47.23,47.23,54,RUS,European Russia
U6W,43.1,46.88,54,RUS,European Russia
U6X,43.58,43.4,54,RUS,European Russia
U6Y,44.65,40.0,54,RUS,European Russia
U7A,45.37,39.43,54,RUS,European Russia
U7E,43.92,41.78,54,RUS,European Russia
U7F,45.05,43.27,54,RUS,European Russia
U7I,46.57,45.32,54,RUS,European Russia
U7J,43.18,44.23,54,RUS,European Russia
U7K,44.93,34.1,54,RUS,European Russia
U7L,47.87,41.18,54,RUS,European Russia
U7P,43.4,45.72,54,RUS,European Russia
U7Q,43.2,44.97,54,RUS,European Russia
U7R,50.0,30.0,54,RUS,European Russia
U7U,47.23,47.23,54,RUS,European Russia
U7W,43.1,46.88,54,RUS,European Russia
U7X,43.58,43.4,54,RUS,European Russia
U7Y,44.65,40.0,54,RUS,European Russia
U8,55.88,84.08,15,RUS,Asiatic Russia
U8A,54.75,60.7,15,RUS,Asiatic Russia
U8C,58.7,61.33,15,RUS,Asiatic Russia
U8F,58.0,56.32,54,RUS,European Russia
U8H,58.75,82.13,15,RUS,Asiatic Russia
U8J,62.25,70.17,15,RUS,Asiatic Russia
U8K,65.3,74.03,15,RUS,Asiatic Russia
U8L,57.83,69.0,15,RUS,Asiatic Russia
U8M,56.22,73.27,15,RUS,Asiatic Russia
U8O,55.45,79.55,15,RUS,Asiatic Russia
U8Q,55.57,64.75,15,RUS,Asiatic Russia
U8S,52.13,55.6,15,RUS,Asiatic Russia
U8U,54.93,87.23,15,RUS,Asiatic Russia
U8W,54.47,56.27,15,RUS,Asiatic Russia
U8X,64.28,54.47,54,RUS,European Russia
U8Y,52.77,82.62,15,RUS,Asiatic Russia
U8Z,50.92,86.92,15,RUS,Asiatic Russia
U9,55.88,84.08,15,RUS,Asiatic Russia
U9A,54.75,60.7,15,RUS,Asiatic Russia
U9C,58.7,61.33,15,RUS,Asiatic Russia
U9F,58.0,56.32,54,RUS,European Russia
U9H,58.75,82.13,15,RUS,Asiatic Russia
U9J,62.25,70.17,15,RUS,Asiatic Russia
U9K,65.3,74.03,15,RUS,Asiatic Russia
U9L,57.83,69.0,15,RUS,Asiatic Russia
U9M,56.22,73.27,15,RUS,Asiatic Russia
U9O,55.45,79.55,15,RUS,Asiatic Russia
U9Q,55.57,64.75,15,RUS,Asiatic Russia
U9S,52.13,55.6,15,RUS,Asiatic Russia
U9U,54.93,87.23,15,RUS,Asiatic Russia
U9W,54.47,56.27,15,RUS,Asiatic Russia
U9X,64.28,54.47,54,RUS,European Russia
U9Y,52.77,82.62,15,RUS,Asiatic Russia
U9Z,50.92,86.92,15,RUS,Asiatic Russia
UA0,55.88,84.08,15,RUS,Asiatic Russia
UA0A,59.88,91.67,15,RUS,Asiatic Russia
UA0C,54.8,136.83,15,RUS,Asiatic Russia
UA0D,48.6,132.2,15,RUS,Asiatic Russia
UA0E,50.55,142.6,15,RUS,Asiatic Russia
UA0G,53.55,127.83,15,RUS,Asiatic Russia
UA0I,62.9,153.7,15,RUS,Asiatic Russia
UA0K,66.67,171.0,15,RUS,Asiatic Russia
UA0L,45.33,134.67,15,RUS,Asiatic Russia
UA0O,53.8,109.33,15,RUS,Asiatic Russia
UA0Q,66.4,129.17,15,RUS,Asiatic Russia
UA0R,57.37,106.0,15,RUS,Asiatic Russia
UA0U,54.0,118.0,15,RUS,Asiatic Russia
UA0W,53.5,90.0,15,RUS,Asiatic Russia
UA0X,56.0,159.0,15,RUS,Asiatic Russia
UA0Y,51.78,94.75,15,RUS,Asiatic Russia
UA1A,59.95,30.3,54,RUS,European Russia
UA1C,60.05,31.75,54,RUS,European Russia
UA1I,64.28,54.47,54,RUS,European Russia
UA1N,63.82,33.0,54,RUS,European Russia
UA1O,63.5,43.0,54,RUS,European Russia
UA1P,68.83,54.83,54,RUS,European Russia
UA1Q,60.08,40.45,54,RUS,European Russia
UA1T,58.43,32.38,54,RUS,European Russia
UA1W,57.32,29.25,54,RUS,European Russia
UA1Z,68.03,34.57,54,RUS,European Russia
UA2,54.72,20.52,126,RUS,Kaliningrad
UA3A,55.75,37.62,54,RUS,European Russia
UA3D,55.7,36.97,54,RUS,European Russia
UA3E,52.85,36.43,54,RUS,European Russia
UA3G,52.7,39.15,54,RUS,European Russia
UA3I,57.15,34.62,54,RUS,European Russia
UA3K,51.05,40.15,54,RUS,European Russia
UA3L,55.0,33.0,54,RUS,European Russia
UA3M,57.87,39.2,54,RUS,European Russia
UA3N,58.55,43.68,54,RUS,European Russia
UA3P,53.92,37.58,54,RUS,European Russia
UA3R,52.72,41.57,54,RUS,European Russia
UA3S,54.4,40.6,54,RUS,European Russia
UA3T,56.48,44.53,54,RUS,European Russia
UA3U,57.02,41.52,54,RUS,European Russia
UA3V,56.08,40.62,54,RUS,European Russia
UA3W,51.75,36.02,54,RUS,European Russia
UA3X,54.43,35.43,54,RUS,European Russia
UA3Y,52.95,33.4,54,RUS,European Russia
UA3Z,50.77,37.45,54,RUS,European Russia
UA4A,49.73,44.12,54,RUS,European Russia
UA4C,51.78,46.73,54,RUS,European Russia
UA4F,53.25,44.57,54,RUS,European Russia
UA4H,53.45,50.45,54,RUS,European Russia
UA4L,53.95,47.92,54,RUS,European Russia
UA4N,58.77,49.83,54,RUS,European Russia
UA4P,55.55,50.93,54,RUS,European Russia
UA4S,56.7,47.87,54,RUS,European Russia
UA4U,54.43,44.45,54,RUS,European Russia
UA4W,57.28,52.75,54,RUS,European Russia
UA4Y,55.55,47.1,54,RUS,European Russia
UA5A,55.75,37.62,54,RUS,European Russia
UA5D,55.7,36.97,54,RUS,European Russia
UA5E,52.85,36.43,54,RUS,European Russia
UA5G,52.7,39.15,54,RUS,European Russia
UA5I,57.15,34.62,54,RUS,European Russia
UA5K,51.05,40.15,54,RUS,European Russia
UA5L,55.0,33.0,54,RUS,European Russia
UA5M,57.87,39.2,54,RUS,European Russia
UA5N,58.55,43.68,54,RUS,European Russia
UA5P,53.92,37.58,54,RUS,European Russia
UA5R,52.72,41.57,54,RUS,European Russia
UA5S,54.4,40.6,54,RUS,European Russia
UA5T,56.48,44.53,54,RUS,European Russia
UA5U,57.02,41.52,54,RUS,European Russia
UA5V,56.08,40.62,54,RUS,European Russia
UA5W,51.75,36.02,54,RUS,European Russia
UA5X,54.43,35.43,54,RUS,European Russia
UA5Y,52.95,33.4,54,RUS,European Russia
UA5Z,50.77,37.45,54,RUS,European Russia
UA6A,45.37,39.43,54,RUS,European Russia
UA6E,43.92,41.78,54,RUS,European Russia
UA6F,45.05,43.27,54,RUS,European Russia
UA6I,46.57,45.32,54,RUS,European Russia
UA6J,43.18,44.23,54,RUS,European Russia
UA6K,44.93,34.1,54,RUS,European Russia
UA6L,47.87,41.18,54,RUS,European Russia
UA6P,43.4,45.72,54,RUS,European Russia
UA6Q,43.2,44.97,54,RUS,European Russia
UA6R,50.0,30.0,54,RUS,European Russia
UA6U,47.23,47.23,54,RUS,European Russia
UA6W,43.1,46.88,54,RUS,European Russia
UA6X,43.58,43.4,54,RUS,European Russia
UA6Y,44.65,40.0,54,RUS,European Russia
UA7A,45.37,39.43,54,RUS,European Russia
UA7E,43.92,41.78,54,RUS,European Russia
UA7F,45.05,43.27,54,RUS,European Russia
UA7I,46.57,45.32,54,RUS,European Russia
UA7J,43.18,44.23,54,RUS,European Russia
UA7K,44.93,34.1,54,RUS,European Russia
UA7L,47.87,41.18,54,RUS,European Russia
UA7P,43.4,45.72,54,RUS,European Russia
UA7Q,43.2,44.97,54,RUS,European Russia
UA7R,50.0,30.0,54,RUS,European Russia
UA7U,47.23,47.23,54,RUS,European Russia
UA7W,43.1,46.88,54,RUS,European Russia
UA7X,43.58,43.4,54,RUS,European Russia
UA7Y,44.65,40.0,54,RUS,European Russia
UA8,55.88,84.08,15,RUS,Asiatic Russia
UA8A,54.75,60.7,15,RUS,Asiatic Russia
UA8C,58.7,61.33,15,RUS,Asiatic Russia
UA8F,58.0,56.32,54,RUS,European Russia
UA8H,58.75,82.13,15,RUS,Asiatic Russia
UA8J,62.25,70.17,15,RUS,Asiatic Russia
UA8K,65.3,74.03,15,RUS,Asiatic Russia
UA8L,57.83,69.0,15,RUS,Asiatic Russia
UA8M,56.22,73.27,15,RUS,Asiatic Russia
UA8O,55.45,79.55,15,RUS,Asiatic Russia
UA8Q,55.57,64.75,15,RUS,Asiatic Russia
UA8S,52.13,55.6,15,RUS,Asiatic Russia
UA8U,54.93,87.23,15,RUS,Asiatic Russia
UA8W,54.47,56.27,15,RUS,Asiatic Russia
UA8X,64.28,54.47,54,RUS,European Russia
UA8Y,52.77,82.62,15,RUS,Asiatic Russia
UA8Z,50.92,86.92,15,RUS,Asiatic Russia
UA9,55.88,84.08,15,RUS,Asiatic Russia
UA9A,54.75,60.7,15,RUS,Asiatic Russia
UA9C,58.7,61.33,15,RUS,Asiatic Russia
UA9CHL/6,53.65,41.37,54,RUS,European Russia
UA9F,58.0,56.32,54,RUS,European Russia
UA9H,58.75,82.13,15,RUS,Asiatic Russia
UA9J,62.25,70.17,15,RUS,Asiatic Russia
UA9K,65.3,74.03,15,RUS,Asiatic Russia
UA9L,57.83,69.0,15,RUS,Asiatic Russia
UA9M,56.22,73.27,15,RUS,Asiatic Russia
UA9O,55.45,79.55,15,RUS,Asiatic Russia
UA9Q,55.57,64.75,15,RUS,Asiatic Russia
UA9S,52.13,55.6,15,RUS,Asiatic Russia
UA9U,54.93,87.23,15,RUS,Asiatic Russia
UA9W,54.47,56.27,15,RUS,Asiatic Russia
UA9X,64.28,54.47,54,RUS,European Russia
UA9Y,52.77,82.62,15,RUS,Asiatic Russia
UA9Z,50.92,86.92,15,RUS,Asiatic Russia
UB0,55.88,84.08,15,RUS,Asiatic Russia
UB0A,59.88,91.67,15,RUS,Asiatic Russia
UB0C,54.8,136.83,15,RUS,Asiatic Russia
UB0D,48.6,132.2,15,RUS,Asiatic Russia
UB0E,50.55,142.6,15,RUS,Asiatic Russia
UB0G,53.55,127.83,15,RUS,Asiatic Russia
UB0I,62.9,153.7,15,RUS,Asiatic Russia
UB0K,66.67,171.0,15,RUS,Asiatic Russia
UB0L,45.33,134.67,15,RUS,Asiatic Russia
UB0O,53.8,109.33,15,RUS,Asiatic Russia
UB0Q,66.4,129.17,15,RUS,Asiatic Russia
UB0R,57.37,106.0,15,RUS,Asiatic Russia
UB0U,54.0,118.0,15,RUS,Asiatic Russia
UB0W,53.5,90.0,15,RUS,Asiatic Russia
UB0X,56.0,159.0,15,RUS,Asiatic Russia
UB0Y,51.78,94.75,15,RUS,Asiatic Russia
UB1A,59.95,30.3,54,RUS,European Russia
UB1C,60.05,31.75,54,RUS,European Russia
UB1I,64.28,54.47,54,RUS,European Russia
UB1N,63.82,33.0,54,RUS,European Russia
UB1O,63.5,43.0,54,RUS,European Russia
UB1P,68.83,54.83,54,RUS,European Russia
UB1Q,60.08,40.45,54,RUS,European Russia
UB1T,58.43,32.38,54,RUS,European Russia
UB1W,57.32,29.25,54,RUS,European Russia
UB1Z,68.03,34.57,54,RUS,European Russia
UB2,54.72,20.52,126,RUS,Kaliningrad
UB3A,55.75,37.62,54,RUS,European Russia
UB3D,55.7,36.97,54,RUS,European Russia
UB3E,52.85,36.43,54,RUS,European Russia
UB3G,52.7,39.15,54,RUS,European Russia
UB3I,57.15,34.62,54,RUS,European Russia
UB3K,51.05,40.15,54,RUS,European Russia
UB3L,55.0,33.0,54,RUS,European Russia
UB3M,57.87,39.2,54,RUS,European Russia
UB3N,58.55,43.68,54,RUS,European Russia
UB3P,53.92,37.58,54,RUS,European Russia
UB3R,52.72,41.57,54,RUS,European Russia
UB3S,54.4,40.6,54,RUS,European Russia
UB3T,56.48,44.53,54,RUS,European Russia
UB3U,57.02,41.52,54,RUS,European Russia
UB3V,56.08,40.62,54,RUS,European Russia
UB3W,51.75,36.02,54,RUS,European Russia
UB3X,54.43,35.43,54,RUS,European Russia
UB3Y,52.95,33.4,54,RUS,European Russia
UB3Z,50.77,37.45,54,RUS,European Russia
UB4A,49.73,44.12,54,RUS,European Russia
UB4C,51.78,46.73,54,RUS,European Russia
UB4F,53.25,44.57,54,RUS,European Russia
UB4H,53.45,50.45,54,RUS,European Russia
UB4L,53.95,47.92,54,RUS,European Russia
UB4N,58.77,49.83,54,RUS,European Russia
UB4P,55.55,50.93,54,RUS,European Russia
UB4S,56.7,47.87,54,RUS,European Russia
UB4U,54.43,44.45,54,RUS,European Russia
UB4W,57.28,52.75,54,RUS,European Russia
UB4Y,55.55,47.1,54,RUS,European Russia
UB5A,55.75,37.62,54,RUS,European Russia
UB5D,55.7,36.97,54,RUS,European Russia
UB5E,52.85,36.43,54,RUS,European Russia
UB5G,52.7,39.15,54,RUS,European Russia
UB5I,57.15,34.62,54,RUS,European Russia
UB5K,51.05,40.15,54,RUS,European Russia
UB5L,55.0,33.0,54,RUS,European Russia
UB5M,57.87,39.2,54,RUS,European Russia
UB5N,58.55,43.68,54,RUS,European Russia
UB5P,53.92,37.58,54,RUS,European Russia
UB5R,52.72,41.57,54,RUS,European Russia
UB5S,54.4,40.6,54,RUS,European Russia
UB5T,56.48,44.53,54,RUS,European Russia
UB5U,57.02,41.52,54,RUS,European Russia
UB5V,56.08,40.62,54,RUS,European Russia
UB5W,51.75,36.02,54,RUS,European Russia
UB5X,54.43,35.43,54,RUS,European Russia
UB5Y,52.95,33.4,54,RUS,European Russia
UB5Z,50.77,37.45,54,RUS,European Russia
UB6A,45.37,39.43,54,RUS,European Russia
UB6E,43.92,41.78,54,RUS,European Russia
UB6F,45.05,43.27,54,RUS,European Russia
UB6I,46.57,45.32,54,RUS,European Russia
UB6J,43.18,44.23,54,RUS,European Russia
UB6K,44.93,34.1,54,RUS,European Russia
UB6L,47.87,41.18,54,RUS,European Russia
UB6P,43.4,45.72,54,RUS,European Russia
UB6Q,43.2,44.97,54,RUS,European Russia
UB6R,50.0,30.0,54,RUS,European Russia
UB6U,47.23,47.23,54,RUS,European Russia
UB6W,43.1,46.88,54,RUS,European Russia
UB6X,43.58,43.4,54,RUS,European Russia
UB6Y,44.65,40.0,54,RUS,European Russia
UB7A,45.37,39.43,54,RUS,European Russia
UB7E,43.92,41.78,54,RUS,European Russia
UB7F,45.05,43.27,54,RUS,European Russia
UB7I,46.57,45.32,54,RUS,European Russia
UB7J,43.18,44.23,54,RUS,European Russia
UB7K,44.93,34.1,54,RUS,European Russia
UB7L,47.87,41.18,54,RUS,European Russia
UB7P,43.4,45.72,54,RUS,European Russia
UB7Q,43.2,44.97,54,RUS,European Russia
UB7R,50.0,30.0,54,RUS,European Russia
UB7U,47.23,47.23,54,RUS,European Russia
UB7W,43.1,46.88,54,RUS,European Russia
UB7X,43.58,43.4,54,RUS,European Russia
UB7Y,44.65,40.0,54,RUS,European Russia
UB8,55.88,84.08,15,RUS,Asiatic Russia
UB8A,54.75,60.7,15,RUS,Asiatic Russia
UB8C,58.7,61.33,15,RUS,Asiatic Russia
UB8F,58.0,56.32,54,RUS,European Russia
UB8H,58.75,82.13,15,RUS,Asiatic Russia
UB8J,62.25,70.17,15,RUS,Asiatic Russia
UB8K,65.3,74.03,15,RUS,Asiatic Russia
UB8L,57.83,69.0,15,RUS,Asiatic Russia
UB8M,56.22,73.27,15,RUS,Asiatic Russia
UB8O,55.45,79.55,15,RUS,Asiatic Russia
UB8Q,55.57,64.75,15,RUS,Asiatic Russia
UB8S,52.13,55.6,15,RUS,Asiatic Russia
UB8U,54.93,87.23,15,RUS,Asiatic Russia
UB8W,54.47,56.27,15,RUS,Asiatic Russia
UB8X,64.28,54.47,54,RUS,European Russia
UB8Y,52.77,82.62,15,RUS,Asiatic Russia
UB8Z,50.92,86.92,15,RUS,Asiatic Russia
UB9,55.88,84.08,15,RUS,Asiatic Russia
UB9A,54.75,60.7,15,RUS,Asiatic Russia
UB9C,58.7,61.33,15,RUS,Asiatic Russia
UB9F,58.0,56.32,54,RUS,European Russia
UB9H,58.75,82.13,15,RUS,Asiatic Russia
UB9J,62.25,70.17,15,RUS,Asiatic Russia
UB9K,65.3,74.03,15,RUS,Asiatic Russia
UB9L,57.83,69.0,15,RUS,Asiatic Russia
UB9M,56.22,73.27,15,RUS,Asiatic Russia
UB9O,55.45,79.55,15,RUS,Asiatic Russia
UB9Q,55.57,64.75,15,RUS,Asiatic Russia
UB9S,52.13,55.6,15,RUS,Asiatic Russia
UB9U,54.93,87.23,15,RUS,Asiatic Russia
UB9W,54.47,56.27,15,RUS,Asiatic Russia
UB9X,64.28,54.47,54,RUS,European Russia
UB9Y,52.77,82.62,15,RUS,Asiatic Russia
UB9Z,50.92,86.92,15,RUS,Asiatic Russia
UC0,55.88,84.08,15,RUS,Asiatic Russia
UC0A,59.88,91.67,15,RUS,Asiatic Russia
UC0C,54.8,136.83,15,RUS,Asiatic Russia
UC0D,48.6,132.2,15,RUS,Asiatic Russia
UC0E,50.55,142.6,15,RUS,Asiatic Russia
UC0G,53.55,127.83,15,RUS,Asiatic Russia
UC0I,62.9,153.7,15,RUS,Asiatic Russia
UC0K,66.67,171.0,15,RUS,Asiatic Russia
UC0L,45.33,134.67,15,RUS,Asiatic Russia
UC0O,53.8,109.33,15,RUS,Asiatic Russia
UC0Q,66.4,129.17,15,RUS,Asiatic Russia
UC0R,57.37,106.0,15,RUS,Asiatic Russia
UC0U,54.0,118.0,15,RUS,Asiatic Russia
UC0W,53.5,90.0,15,RUS,Asiatic Russia
UC0X,56.0,159.0,15,RUS,Asiatic Russia
UC0Y,51.78,94.75,15,RUS,Asiatic Russia
UC1A,59.95,30.3,54,RUS,European Russia
UC1C,60.05,31.75,54,RUS,European Russia
UC1I,64.28,54.47,54,RUS,European Russia
UC1N,63.82,33.0,54,RUS,European Russia
UC1O,63.5,43.0,54,RUS,European Russia
UC1P,68.83,54.83,54,RUS,European Russia
UC1Q,60.08,40.45,54,RUS,European Russia
UC1T,58.43,32.38,54,RUS,European Russia
UC1W,57.32,29.25,54,RUS,European Russia
UC1Z,68.03,34.57,54,RUS,European Russia
UC2,54.72,20.52,126,RUS,Kaliningrad
UC3A,55.75,37.62,54,RUS,European Russia
UC3D,55.7,36.97,54,RUS,European Russia
UC3E,52.85,36.43,54,RUS,European Russia
UC3G,52.7,39.15,54,RUS,European Russia
UC3I,57.15,34.62,54,RUS,European Russia
UC3K,51.05,40.15,54,RUS,European Russia
UC3L,55.0,33.0,54,RUS,European Russia
UC3M,57.87,39.2,54,RUS,European Russia
UC3N,58.55,43.68,54,RUS,European Russia
UC3P,53.92,37.58,54,RUS,European Russia
UC3R,52.72,41.57,54,RUS,European Russia
UC3S,54.4,40.6,54,RUS,European Russia
UC3T,56.48,44.53,54,RUS,European Russia
UC3U,57.02,41.52,54,RUS,European Russia
UC3V,56.08,40.62,54,RUS,European Russia
UC3W,51.75,36.02,54,RUS,European Russia
UC3X,54.43,35.43,54,RUS,European Russia
UC3Y,52.95,33.4,54,RUS,European Russia
UC3Z,50.77,37.45,54,RUS,European Russia
UC4A,49.73,44.12,54,RUS,European Russia
UC4C,51.78,46.73,54,RUS,European Russia
UC4F,53.25,44.57,54,RUS,European Russia
UC4H,53.45,50.45,54,RUS,European Russia
UC4L,53.95,47.92,54,RUS,European Russia
UC4N,58.77,49.83,54,RUS,European Russia
UC4P,55.55,50.93,54,RUS,European Russia
UC4S,56.7,47.87,54,RUS,European Russia
UC4U,54.43,44.45,54,RUS,European Russia
UC4W,57.28,52.75,54,RUS,European Russia
UC4Y,55.55,47.1,54,RUS,European Russia
UC5A,55.75,37.62,54,RUS,European Russia
UC5D,55.7,36.97,54,RUS,European Russia
UC5E,52.85,36.43,54,RUS,European Russia
UC5G,52.7,39.15,54,RUS,European Russia
UC5I,57.15,34.62,54,RUS,European Russia
UC5K,51.05,40.15,54,RUS,European Russia
UC5L,55.0,33.0,54,RUS,European Russia
UC5M,57.87,39.2,54,RUS,European Russia
UC5N,58.55,43.68,54,RUS,European Russia
UC5P,53.92,37.58,54,RUS,European Russia
UC5R,52.72,41.57,54,RUS,European Russia
UC5S,54.4,40.6,54,RUS,European Russia
UC5T,56.48,44.53,54,RUS,European Russia
UC5U,57.02,41.52,54,RUS,European Russia
UC5V,56.08,40.62,54,RUS,European Russia
UC5W,51.75,36.02,54,RUS,European Russia
UC5X,54.43,35.43,54,RUS,European Russia
UC5Y,52.95,33.4,54,RUS,European Russia
UC5Z,50.77,37.45,54,RUS,European Russia
UC6A,45.37,39.43,54,RUS,European Russia
UC6E,43.92,41.78,54,RUS,European Russia
UC6F,45.05,43.27,54,RUS,European Russia
UC6I,46.57,45.32,54,RUS,European Russia
UC6J,43.18,44.23,54,RUS,European Russia
UC6K,44.93,34.1,54,RUS,European Russia
UC6L,47.87,41.18,54,RUS,European Russia
UC6P,43.4,45.72,54,RUS,European Russia
UC6Q,43.2,44.97,54,RUS,European Russia
UC6R,50.0,30.0,54,RUS,European Russia
UC6U,47.23,47.23,54,RUS,European Russia
UC6W,43.1,46.88,54,RUS,European Russia
UC6X,43.58,43.4,54,RUS,European Russia
UC6Y,44.65,40.0,54,RUS,European Russia
UC7A,45.37,39.43,54,RUS,European Russia
UC7E,43.92,41.78,54,RUS,European Russia
UC7F,45.05,43.27,54,RUS,European Russia
UC7I,46.57,45.32,54,RUS,European Russia
UC7J,43.18,44.23,54,RUS,European Russia
UC7K,44.93,34.1,54,RUS,European Russia
UC7L,47.87,41.18,54,RUS,European Russia
UC7P,43.4,45.72,54,RUS,European Russia
UC7Q,43.2,44.97,54,RUS,European Russia
UC7R,50.0,30.0,54,RUS,European Russia
UC7U,47.23,47.23,54,RUS,European Russia
UC7W,43.1,46.88,54,RUS,European Russia
UC7X,43.58,43.4,54,RUS,European Russia
UC7Y,44.65,40.0,54,RUS,European Russia
UC8,55.88,84.08,15,RUS,Asiatic Russia
UC8A,54.75,60.7,15,RUS,Asiatic Russia
UC8C,58.7,61.33,15,RUS,Asiatic Russia
UC8F,58.0,56.32,54,RUS,European Russia
UC8H,58.75,82.13,15,RUS,Asiatic Russia
UC8J,62.25,70.17,15,RUS,Asiatic Russia
UC8K,65.3,74.03,15,RUS,Asiatic Russia
UC8L,57.83,69.0,15,RUS,Asiatic Russia
UC8M,56.22,73.27,15,RUS,Asiatic Russia
UC8O,55.45,79.55,15,RUS,Asiatic Russia
UC8Q,55.57,64.75,15,RUS,Asiatic Russia
UC8S,52.13,55.6,15,RUS,Asiatic Russia
UC8U,54.93,87.23,15,RUS,Asiatic Russia
UC8W,54.47,56.27,15,RUS,Asiatic Russia
UC8X,64.28,54.47,54,RUS,European Russia
UC8Y,52.77,82.62,15,RUS,Asiatic Russia
UC8Z,50.92,86.92,15,RUS,Asiatic Russia
UC9,55.88,84.08,15,RUS,Asiatic Russia
UC9A,54.75,60.7,15,RUS,Asiatic Russia
UC9C,58.7,61.33,15,RUS,Asiatic Russia
UC9F,58.0,56.32,54,RUS,European Russia
UC9H,58.75,82.13,15,RUS,Asiatic Russia
UC9J,62.25,70.17,15,RUS,Asiatic Russia
UC9K,65.3,74.03,15,RUS,Asiatic Russia
UC9L,57.83,69.0,15,RUS,Asiatic Russia
UC9M,56.22,73.27,15,RUS,Asiatic Russia
UC9O,55.45,79.55,15,RUS,Asiatic Russia
UC9Q,55.57,64.75,15,RUS,Asiatic Russia
UC9S,52.13,55.6,15,RUS,Asiatic Russia
UC9U,54.93,87.23,15,RUS,Asiatic Russia
UC9W,54.47,56.27,15,RUS,Asiatic Russia
UC9X,64.28,54.47,54,RUS,European Russia
UC9Y,52.77,82.62,15,RUS,Asiatic Russia
UC9Z,50.92,86.92,15,RUS,Asiatic Russia
UD0,55.88,84.08,15,RUS,Asiatic Russia
UD0A,59.88,91.67,15,RUS,Asiatic Russia
UD0C,54.8,136.83,15,RUS,Asiatic Russia
UD0D,48.6,132.2,15,RUS,Asiatic Russia
UD0E,50.55,142.6,15,RUS,Asiatic Russia
UD0G,53.55,127.83,15,RUS,Asiatic Russia
UD0I,62.9,153.7,15,RUS,Asiatic Russia
UD0K,66.67,171.0,15,RUS,Asiatic Russia
UD0L,45.33,134.67,15,RUS,Asiatic Russia
UD0O,53.8,109.33,15,RUS,Asiatic Russia
UD0Q,66.4,129.17,15,RUS,Asiatic Russia
UD0R,57.37,106.0,15,RUS,Asiatic Russia
UD0U,54.0,118.0,15,RUS,Asiatic Russia
UD0W,53.5,90.0,15,RUS,Asiatic Russia
UD0X,56.0,159.0,15,RUS,Asiatic Russia
UD0Y,51.78,94.75,15,RUS,Asiatic Russia
UD1A,59.95,30.3,54,RUS,European Russia
UD1C,60.05,31.75,54,RUS,European Russia
UD1I,64.28,54.47,54,RUS,European Russia
UD1N,63.82,33.0,54,RUS,European Russia
UD1O,63.5,43.0,54,RUS,European Russia
UD1P,68.83,54.83,54,RUS,European Russia
UD1Q,60.08,40.45,54,RUS,European Russia
UD1T,58.43,32.38,54,RUS,European Russia
UD1W,57.32,29.25,54,RUS,European Russia
UD1Z,68.03,34.57,54,RUS,European Russia
UD2,54.72,20.52,126,RUS,Kaliningrad
UD3A,55.75,37.62,54,RUS,European Russia
UD3D,55.7,36.97,54,RUS,European Russia
UD3E,52.85,36.43,54,RUS,European Russia
UD3G,52.7,39.15,54,RUS,European Russia
UD3I,57.15,34.62,54,RUS,European Russia
UD3K,51.05,40.15,54,RUS,European Russia
UD3L,55.0,33.0,54,RUS,European Russia
UD3M,57.87,39.2,54,RUS,European Russia
UD3N,58.55,43.68,54,RUS,European Russia
UD3P,53.92,37.58,54,RUS,European Russia
UD3R,52.72,41.57,54,RUS,European Russia
UD3S,54.4,40.6,54,RUS,European Russia
UD3T,56.48,44.53,54,RUS,European Russia
UD3U,57.02,41.52,54,RUS,European Russia
UD3V,56.08,40.62,54,RUS,European Russia
UD3W,51.75,36.02,54,RUS,European Russia
UD3X,54.43,35.43,54,RUS,European Russia
UD3Y,52.95,33.4,54,RUS,European Russia
UD3Z,50.77,37.45,54,RUS,European Russia
UD4A,49.73,44.12,54,RUS,European Russia
UD4C,51.78,46.73,54,RUS,European Russia
UD4F,53.25,44.57,54,RUS,European Russia
UD4H,53.45,50.45,54,RUS,European Russia
UD4L,53.95,47.92,54,RUS,European Russia
UD4N,58.77,49.83,54,RUS,European Russia
UD4P,55.55,50.93,54,RUS,European Russia
UD4S,56.7,47.87,54,RUS,European Russia
UD4U,54.43,44.45,54,RUS,European Russia
UD4W,57.28,52.75,54,RUS,European Russia
UD4Y,55.55,47.1,54,RUS,European Russia
UD5A,55.75,37.62,54,RUS,European Russia
UD5D,55.7,36.97,54,RUS,European Russia
UD5E,52.85,36.43,54,RUS,European Russia
UD5G,52.7,39.15,54,RUS,European Russia
UD5I,57.15,34.62,54,RUS,European Russia
UD5K,51.05,40.15,54,RUS,European Russia
UD5L,55.0,33.0,54,RUS,European Russia
UD5M,57.87,39.2,54,RUS,European Russia
UD5N,58.55,43.68,54,RUS,European Russia
UD5P,53.92,37.58,54,RUS,European Russia
UD5R,52.72,41.57,54,RUS,European Russia
UD5S,54.4,40.6,54,RUS,European Russia
UD5T,56.48,44.53,54,RUS,European Russia
UD5U,57.02,41.52,54,RUS,European Russia
UD5V,56.08,40.62,54,RUS,European Russia
UD5W,51.75,36.02,54,RUS,European Russia
UD5X,54.43,35.43,54,RUS,European Russia
UD5Y,52.95,33.4,54,RUS,European Russia
UD5Z,50.77,37.45,54,RUS,European Russia
UD6A,45.37,39.43,54,RUS,European Russia
UD6AOP/0,56.0,159.0,15,RUS,Asiatic Russia
UD6E,43.92,41.78,54,RUS,European Russia
UD6F,45.05,43.27,54,RUS,European Russia
UD6I,46.57,45.32,54,RUS,European Russia
UD6J,43.18,44.23,54,RUS,European Russia
UD6K,44.93,34.1,54,RUS,European Russia
UD6L,47.87,41.18,54,RUS,European Russia
UD6P,43.4,45.72,54,RUS,European Russia
UD6Q,43.2,44.97,54,RUS,European Russia
UD6R,50.0,30.0,54,RUS,European Russia
UD6U,47.23,47.23,54,RUS,European Russia
UD6W,43.1,46.88,54,RUS,European Russia
UD6X,43.58,43.4,54,RUS,European Russia
UD6Y,44.65,40.0,54,RUS,European Russia
UD7A,45.37,39.43,54,RUS,European Russia
UD7E,43.92,41.78,54,RUS,European Russia
UD7F,45.05,43.27,54,RUS,European Russia
UD7I,46.57,45.32,54,RUS,European Russia
UD7J,43.18,44.23,54,RUS,European Russia
UD7K,44.93,34.1,54,RUS,European Russia
UD7L,47.87,41.18,54,RUS,European Russia
UD7P,43.4,45.72,54,RUS,European Russia
UD7Q,43.2,44.97,54,RUS,European Russia
UD7R,50.0,30.0,54,RUS,European Russia
UD7U,47.23,47.23,54,RUS,European Russia
UD7W,43.1,46.88,54,RUS,European Russia
UD7X,43.58,43.4,54,RUS,European Russia
UD7Y,44.65,40.0,54,RUS,European Russia
UD8,55.88,84.08,15,RUS,Asiatic Russia
UD8A,54.75,60.7,15,RUS,Asiatic Russia
UD8C,58.7,61.33,15,RUS,Asiatic Russia
UD8F,58.0,56.32,54,RUS,European Russia
UD8H,58.75,82.13,15,RUS,Asiatic Russia
UD8J,62.25,70.17,15,RUS,Asiatic Russia
UD8K,65.3,74.03,15,RUS,Asiatic Russia
UD8L,57.83,69.0,15,RUS,Asiatic Russia
UD8M,56.22,73.27,15,RUS,Asiatic Russia
UD8O,55.45,79.55,15,RUS,Asiatic Russia
UD8Q,55.57,64.75,15,RUS,Asiatic Russia
UD8S,52.13,55.6,15,RUS,Asiatic Russia
UD8U,54.93,87.23,15,RUS,Asiatic Russia
UD8W,54.47,56.27,15,RUS,Asiatic Russia
UD8X,64.28,54.47,54,RUS,European Russia
UD8Y,52.77,82.62,15,RUS,Asiatic Russia
UD8Z,50.92,86.92,15,RUS,Asiatic Russia
UD9,55.88,84.08,15,RUS,Asiatic Russia
UD9A,54.75,60.7,15,RUS,Asiatic Russia
UD9C,58.7,61.33,15,RUS,Asiatic Russia
UD9F,58.0,56.32,54,RUS,European Russia
UD9H,58.75,82.13,15,RUS,Asiatic Russia
UD9J,62.25,70.17,15,RUS,Asiatic Russia
UD9K,65.3,74.03,15,RUS,Asiatic Russia
UD9L,57.83,69.0,15,RUS,Asiatic Russia
UD9M,56.22,73.27,15,RUS,Asiatic Russia
UD9O,55.45,79.55,15,RUS,Asiatic Russia
UD9Q,55.57,64.75,15,RUS,Asiatic Russia
UD9S,52.13,55.6,15,RUS,Asiatic Russia
UD9U,54.93,87.23,15,RUS,Asiatic Russia
UD9W,54.47,56.27,15,RUS,Asiatic Russia
UD9X,64.28,54.47,54,RUS,European Russia
UD9Y,52.77,82.62,15,RUS,Asiatic Russia
UD9Z,50.92,86.92,15,RUS,Asiatic Russia
UE0,55.88,84.08,15,RUS,Asiatic Russia
UE0A,59.88,91.67,15,RUS,Asiatic Russia
UE0C,54.8,136.83,15,RUS,Asiatic Russia
UE0D,48.6,132.2,15,RUS,Asiatic Russia
UE0E,50.55,142.6,15,RUS,Asiatic Russia
UE0G,53.55,127.83,15,RUS,Asiatic Russia
UE0I,62.9,153.7,15,RUS,Asiatic Russia
UE0K,66.67,171.0,15,RUS,Asiatic Russia
UE0L,45.33,134.67,15,RUS,Asiatic Russia
UE0O,53.8,109.33,15,RUS,Asiatic Russia
UE0Q,66.4,129.17,15,RUS,Asiatic Russia
UE0R,57.37,106.0,15,RUS,Asiatic Russia
UE0U,54.0,118.0,15,RUS,Asiatic Russia
UE0W,53.5,90.0,15,RUS,Asiatic Russia
UE0X,56.0,159.0,15,RUS,Asiatic Russia
UE0Y,51.78,94.75,15,RUS,Asiatic Russia
UE1A,59.95,30.3,54,RUS,European Russia
UE1C,60.05,31.75,54,RUS,European Russia
UE1I,64.28,54.47,54,RUS,European Russia
UE1N,63.82,33.0,54,RUS,European Russia
UE1O,63.5,43.0,54,RUS,European Russia
UE1P,68.83,54.83,54,RUS,European Russia
UE1Q,60.08,40.45,54,RUS,European Russia
UE1T,58.43,32.38,54,RUS,European Russia
UE1W,57.32,29.25,54,RUS,European Russia
UE1Z,68.03,34.57,54,RUS,European Russia
UE2,54.72,20.52,126,RUS,Kaliningrad
UE3A,55.75,37.62,54,RUS,European Russia
UE3D,55.7,36.97,54,RUS,European Russia
UE3E,52.85,36.43,54,RUS,European Russia
UE3G,52.7,39.15,54,RUS,European Russia
UE3I,57.15,34.62,54,RUS,European Russia
UE3K,51.05,40.15,54,RUS,European Russia
UE3L,55.0,33.0,54,RUS,European Russia
UE3M,57.87,39.2,54,RUS,European Russia
UE3N,58.55,43.68,54,RUS,European Russia
UE3P,53.92,37.58,54,RUS,European Russia
UE3R,52.72,41.57,54,RUS,European Russia
UE3S,54.4,40.6,54,RUS,European Russia
UE3T,56.48,44.53,54,RUS,European Russia
UE3U,57.02,41.52,54,RUS,European Russia
UE3V,56.08,40.62,54,RUS,European Russia
UE3W,51.75,36.02,54,RUS,European Russia
UE3X,54.43,35.43,54,RUS,European Russia
UE3Y,52.95,33.4,54,RUS,European Russia
UE3Z,50.77,37.45,54,RUS,European Russia
UE4A,49.73,44.12,54,RUS,European Russia
UE4C,51.78,46.73,54,RUS,European Russia
UE4F,53.25,44.57,54,RUS,European Russia
UE4H,53.45,50.45,54,RUS,European Russia
UE4L,53.95,47.92,54,RUS,European Russia
UE4N,58.77,49.83,54,RUS,European Russia
UE4P,55.55,50.93,54,RUS,European Russia
UE4S,56.7,47.87,54,RUS,European Russia
UE4U,54.43,44.45,54,RUS,European Russia
UE4W,57.28,52.75,54,RUS,European Russia
UE4Y,55.55,47.1,54,RUS,European Russia
UE5A,55.75,37.62,54,RUS,European Russia
UE5D,55.7,36.97,54,RUS,European Russia
UE5E,52.85,36.43,54,RUS,European Russia
UE5G,52.7,39.15,54,RUS,European Russia
UE5I,57.15,34.62,54,RUS,European Russia
UE5K,51.05,40.15,54,RUS,European Russia
UE5L,55.0,33.0,54,RUS,European Russia
UE5M,57.87,39.2,54,RUS,European Russia
UE5N,58.55,43.68,54,RUS,European Russia
UE5P,53.92,37.58,54,RUS,European Russia
UE5R,52.72,41.57,54,RUS,European Russia
UE5S,54.4,40.6,54,RUS,European Russia
UE5T,56.48,44.53,54,RUS,European Russia
UE5U,57.02,41.52,54,RUS,European Russia
UE5V,56.08,40.62,54,RUS,European Russia
UE5W,51.75,36.02,54,RUS,European Russia
UE5X,54.43,35.43,54,RUS,European Russia
UE5Y,52.95,33.4,54,RUS,European Russia
UE5Z,50.77,37.45,54,RUS,European Russia
UE6A,45.37,39.43,54,RUS,European Russia
UE6E,43.92,41.78,54,RUS,European Russia
UE6F,45.05,43.27,54,RUS,European Russia
UE6I,46.57,45.32,54,RUS,European Russia
UE6J,43.18,44.23,54,RUS,European Russia
UE6K,44.93,34.1,54,RUS,European Russia
UE6L,47.87,41.18,54,RUS,European Russia
UE6P,43.4,45.72,54,RUS,European Russia
UE6Q,43.2,44.97,54,RUS,European Russia
UE6R,50.0,30.0,54,RUS,European Russia
UE6U,47.23,47.23,54,RUS,European Russia
UE6W,43.1,46.88,54,RUS,European Russia
UE6X,43.58,43.4,54,RUS,European Russia
UE6Y,44.65,40.0,54,RUS,European Russia
UE7A,45.37,39.43,54,RUS,European Russia
UE7E,43.92,41.78,54,RUS,European Russia
UE7F,45.05,43.27,54,RUS,European Russia
UE7I,46.57,45.32,54,RUS,European Russia
UE7J,43.18,44.23,54,RUS,European Russia
UE7K,44.93,34.1,54,RUS,European Russia
UE7L,47.87,41.18,54,RUS,European Russia
UE7P,43.4,45.72,54,RUS,European Russia
UE7Q,43.2,44.97,54,RUS,European Russia
UE7R,50.0,30.0,54,RUS,European Russia
UE7U,47.23,47.23,54,RUS,European Russia
UE7W,43.1,46.88,54,RUS,European Russia
UE7X,43.58,43.4,54,RUS,European Russia
UE7Y,44.65,40.0,54,RUS,European Russia
UE8,55.88,84.08,15,RUS,Asiatic Russia
UE83M,47.87,41.18,54,RUS,European Russia
UE8A,54.75,60.7,15,RUS,Asiatic Russia
UE8C,58.7,61.33,15,RUS,Asiatic Russia
UE8F,58.0,56.32,54,RUS,European Russia
UE8H,58.75,82.13,15,RUS,Asiatic Russia
UE8J,62.25,70.17,15,RUS,Asiatic Russia
UE8K,65.3,74.03,15,RUS,Asiatic Russia
UE8L,57.83,69.0,15,RUS,Asiatic Russia
UE8M,56.22,73.27,15,RUS,Asiatic Russia
UE8O,55.45,79.55,15,RUS,Asiatic Russia
UE8Q,55.57,64.75,15,RUS,Asiatic Russia
UE8S,52.13,55.6,15,RUS,Asiatic Russia
UE8U,54.93,87.23,15,RUS,Asiatic Russia
UE8W,54.47,56.27,15,RUS,Asiatic Russia
UE8X,64.28,54.47,54,RUS,European Russia
UE8Y,52.77,82.62,15,RUS,Asiatic Russia
UE8Z,50.92,86.92,15,RUS,Asiatic Russia
UE9,55.88,84.08,15,RUS,Asiatic Russia
UE9A,54.75,60.7,15,RUS,Asiatic Russia
UE9C,58.7,61.33,15,RUS,Asiatic Russia
UE9F,58.0,56.32,54,RUS,European Russia
UE9H,58.75,82.13,15,RUS,Asiatic Russia
UE9J,62.25,70.17,15,RUS,Asiatic Russia
UE9K,65.3,74.03,15,RUS,Asiatic Russia
UE9L,57.83,69.0,15,RUS,Asiatic Russia
UE9M,56.22,73.27,15,RUS,Asiatic Russia
UE9O,55.45,79.55,15,RUS,Asiatic Russia
UE9Q,55.57,64.75,15,RUS,Asiatic Russia
UE9S,52.13,55.6,15,RUS,Asiatic Russia
UE9U,54.93,87.23,15,RUS,Asiatic Russia
UE9W,54.47,56.27,15,RUS,Asiatic Russia
UE9X,64.28,54.47,54,RUS,European Russia
UE9Y,52.77,82.62,15,RUS,Asiatic Russia
UE9Z,50.92,86.92,15,RUS,Asiatic Russia
UF0,55.88,84.08,15,RUS,Asiatic Russia
UF0A,59.88,91.67,15,RUS,Asiatic Russia
UF0C,54.8,136.83,15,RUS,Asiatic Russia
UF0D,48.6,132.2,15,RUS,Asiatic Russia
UF0E,50.55,142.6,15,RUS,Asiatic Russia
UF0G,53.55,127.83,15,RUS,Asiatic Russia
UF0I,62.9,153.7,15,RUS,Asiatic Russia
UF0K,66.67,171.0,15,RUS,Asiatic Russia
UF0L,45.33,134.67,15,RUS,Asiatic Russia
UF0O,53.8,109.33,15,RUS,Asiatic Russia
UF0Q,66.4,129.17,15,RUS,Asiatic Russia
UF0R,57.37,106.0,15,RUS,Asiatic Russia
UF0U,54.0,118.0,15,RUS,Asiatic Russia
UF0W,53.5,90.0,15,RUS,Asiatic Russia
UF0X,56.0,159.0,15,RUS,Asiatic Russia
UF0Y,51.78,94.75,15,RUS,Asiatic Russia
UF1A,59.95,30.3,54,RUS,European Russia
UF1C,60.05,31.75,54,RUS,European Russia
UF1I,64.28,54.47,54,RUS,European Russia
UF1N,63.82,33.0,54,RUS,European Russia
UF1O,63.5,43.0,54,RUS,European Russia
UF1P,68.83,54.83,54,RUS,European Russia
UF1Q,60.08,40.45,54,RUS,European Russia
UF1T,58.43,32.38,54,RUS,European Russia
UF1W,57.32,29.25,54,RUS,European Russia
UF1Z,68.03,34.57,54,RUS,European Russia
UF2,54.72,20.52,126,RUS,Kaliningrad
UF3A,55.75,37.62,54,RUS,European Russia
UF3D,55.7,36.97,54,RUS,European Russia
UF3E,52.85,36.43,54,RUS,European Russia
UF3G,52.7,39.15,54,RUS,European Russia
UF3I,57.15,34.62,54,RUS,European Russia
UF3K,51.05,40.15,54,RUS,European Russia
UF3L,55.0,33.0,54,RUS,European Russia
UF3M,57.87,39.2,54,RUS,European Russia
UF3N,58.55,43.68,54,RUS,European Russia
UF3P,53.92,37.58,54,RUS,European Russia
UF3R,52.72,41.57,54,RUS,European Russia
UF3S,54.4,40.6,54,RUS,European Russia
UF3T,56.48,44.53,54,RUS,European Russia
UF3U,57.02,41.52,54,RUS,European Russia
UF3V,56.08,40.62,54,RUS,European Russia
UF3W,51.75,36.02,54,RUS,European Russia
UF3X,54.43,35.43,54,RUS,European Russia
UF3Y,52.95,33.4,54,RUS,European Russia
UF3Z,50.77,37.45,54,RUS,European Russia
UF4A,49.73,44.12,54,RUS,European Russia
UF4C,51.78,46.73,54,RUS,European Russia
UF4F,53.25,44.57,54,RUS,European Russia
UF4H,53.45,50.45,54,RUS,European Russia
UF4L,53.95,47.92,54,RUS,European Russia
UF4N,58.77,49.83,54,RUS,European Russia
UF4P,55.55,50.93,54,RUS,European Russia
UF4S,56.7,47.87,54,RUS,European Russia
UF4U,54.43,44.45,54,RUS,European Russia
UF4W,57.28,52.75,54,RUS,European Russia
UF4Y,55.55,47.1,54,RUS,European Russia
UF5A,55.75,37.62,54,RUS,European Russia
UF5D,55.7,36.97,54,RUS,European Russia
UF5E,52.85,36.43,54,RUS,European Russia
UF5G,52.7,39.15,54,RUS,European Russia
UF5I,57.15,34.62,54,RUS,European Russia
UF5K,51.05,40.15,54,RUS,European Russia
UF5L,55.0,33.0,54,RUS,European Russia
UF5M,57.87,39.2,54,RUS,European Russia
UF5N,58.55,43.68,54,RUS,European Russia
UF5P,53.92,37.58,54,RUS,European Russia
UF5R,52.72,41.57,54,RUS,European Russia
UF5S,54.4,40.6,54,RUS,European Russia
UF5T,56.48,44.53,54,RUS,European Russia
UF5U,57.02,41.52,54,RUS,European Russia
UF5V,56.08,40.62,54,RUS,European Russia
UF5W,51.75,36.02,54,RUS,European Russia
UF5X,54.43,35.43,54,RUS,European Russia
UF5Y,52.95,33.4,54,RUS,European Russia
UF5Z,50.77,37.45,54,RUS,European Russia
UF6A,45.37,39.43,54,RUS,European Russia
UF6E,43.92,41.78,54,RUS,European Russia
UF6F,45.05,43.27,54,RUS,European Russia
UF6I,46.57,45.32,54,RUS,European Russia
UF6J,43.18,44.23,54,RUS,European Russia
UF6K,44.93,34.1,54,RUS,European Russia
UF6L,47.87,41.18,54,RUS,European Russia
UF6P,43.4,45.72,54,RUS,European Russia
UF6Q,43.2,44.97,54,RUS,European Russia
UF6R,50.0,30.0,54,RUS,European Russia
UF6U,47.23,47.23,54,RUS,European Russia
UF6W,43.1,46.88,54,RUS,European Russia
UF6X,43.58,43.4,54,RUS,European Russia
UF6Y,44.65,40.0,54,RUS,European Russia
UF7A,45.37,39.43,54,RUS,European Russia
UF7E,43.92,41.78,54,RUS,European Russia
UF7F,45.05,43.27,54,RUS,European Russia
UF7I,46.57,45.32,54,RUS,European Russia
UF7J,43.18,44.23,54,RUS,European Russia
UF7K,44.93,34.1,54,RUS,European Russia
UF7L,47.87,41.18,54,RUS,European Russia
UF7P,43.4,45.72,54,RUS,European Russia
UF7Q,43.2,44.97,54,RUS,European Russia
UF7R,50.0,30.0,54,RUS,European Russia
UF7U,47.23,47.23,54,RUS,European Russia
UF7W,43.1,46.88,54,RUS,European Russia
UF7X,43.58,43.4,54,RUS,European Russia
UF7Y,44.65,40.0,54,RUS,European Russia
UF8,55.88,84.08,15,RUS,Asiatic Russia
UF8A,54.75,60.7,15,RUS,Asiatic Russia
UF8C,58.7,61.33,15,RUS,Asiatic Russia
UF8F,58.0,56.32,54,RUS,European Russia
UF8H,58.75,82.13,15,RUS,Asiatic Russia
UF8J,62.25,70.17,15,RUS,Asiatic Russia
UF8K,65.3,74.03,15,RUS,Asiatic Russia
UF8L,57.83,69.0,15,RUS,Asiatic Russia
UF8M,56.22,73.27,15,RUS,Asiatic Russia
UF8O,55.45,79.55,15,RUS,Asiatic Russia
UF8Q,55.57,64.75,15,RUS,Asiatic Russia
UF8S,52.13,55.6,15,RUS,Asiatic Russia
UF8U,54.93,87.23,15,RUS,Asiatic Russia
UF8W,54.47,56.27,15,RUS,Asiatic Russia
UF8X,64.28,54.47,54,RUS,European Russia
UF8Y,52.77,82.62,15,RUS,Asiatic Russia
UF8Z,50.92,86.92,15,RUS,Asiatic Russia
UF9,55.88,84.08,15,RUS,Asiatic Russia
UF9A,54.75,60.7,15,RUS,Asiatic Russia
UF9C,58.7,61.33,15,RUS,Asiatic Russia
UF9F,58.0,56.32,54,RUS,European Russia
UF9H,58.75,82.13,15,RUS,Asiatic Russia
UF9J,62.25,70.17,15,RUS,Asiatic Russia
UF9K,65.3,74.03,15,RUS,Asiatic Russia
UF9L,57.83,69.0,15,RUS,Asiatic Russia
UF9M,56.22,73.27,15,RUS,Asiatic Russia
UF9O,55.45,79.55,15,RUS,Asiatic Russia
UF9Q,55.57,64.75,15,RUS,Asiatic Russia
UF9S,52.13,55.6,15,RUS,Asiatic Russia
UF9U,54.93,87.23,15,RUS,Asiatic Russia
UF9W,54.47,56.27,15,RUS,Asiatic Russia
UF9X,64.28,54.47,54,RUS,European Russia
UF9Y,52.77,82.62,15,RUS,Asiatic Russia
UF9Z,50.92,86.92,15,RUS,Asiatic Russia
UG0,55.88,84.08,15,RUS,Asiatic Russia
UG0A,59.88,91.67,15,RUS,Asiatic Russia
UG0C,54.8,136.83,15,RUS,Asiatic Russia
UG0D,48.6,132.2,15,RUS,Asiatic Russia
UG0E,50.55,142.6,15,RUS,Asiatic Russia
UG0G,53.55,127.83,15,RUS,Asiatic Russia
UG0I,62.9,153.7,15,RUS,Asiatic Russia
UG0K,66.67,171.0,15,RUS,Asiatic Russia
UG0L,45.33,134.67,15,RUS,Asiatic Russia
UG0O,53.8,109.33,15,RUS,Asiatic Russia
UG0Q,66.4,129.17,15,RUS,Asiatic Russia
UG0R,57.37,106.0,15,RUS,Asiatic Russia
UG0U,54.0,118.0,15,RUS,Asiatic Russia
UG0W,53.5,90.0,15,RUS,Asiatic Russia
UG0X,56.0,159.0,15,RUS,Asiatic Russia
UG0Y,51.78,94.75,15,RUS,Asiatic Russia
UG1A,59.95,30.3,54,RUS,European Russia
UG1C,60.05,31.75,54,RUS,European Russia
UG1I,64.28,54.47,54,RUS,European Russia
UG1N,63.82,33.0,54,RUS,European Russia
UG1O,63.5,43.0,54,RUS,European Russia
UG1P,68.83,54.83,54,RUS,European Russia
UG1Q,60.08,40.45,54,RUS,European Russia
UG1T,58.43,32.38,54,RUS,European Russia
UG1W,57.32,29.25,54,RUS,European Russia
UG1Z,68.03,34.57,54,RUS,European Russia
UG2,54.72,20.52,126,RUS,Kaliningrad
UG3A,55.75,37.62,54,RUS,European Russia
UG3D,55.7,36.97,54,RUS,European Russia
UG3E,52.85,36.43,54,RUS,European Russia
UG3G,52.7,39.15,54,RUS,European Russia
UG3I,57.15,34.62,54,RUS,European Russia
UG3K,51.05,40.15,54,RUS,European Russia
UG3L,55.0,33.0,54,RUS,European Russia
UG3M,57.87,39.2,54,RUS,European Russia
UG3N,58.55,43.68,54,RUS,European Russia
UG3P,53.92,37.58,54,RUS,European Russia
UG3R,52.72,41.57,54,RUS,European Russia
UG3S,54.4,40.6,54,RUS,European Russia
UG3T,56.48,44.53,54,RUS,European Russia
UG3U,57.02,41.52,54,RUS,European Russia
UG3V,56.08,40.62,54,RUS,European Russia
UG3W,51.75,36.02,54,RUS,European Russia
UG3X,54.43,35.43,54,RUS,European Russia
UG3Y,52.95,33.4,54,RUS,European Russia
UG3Z,50.77,37.45,54,RUS,European Russia
UG4A,49.73,44.12,54,RUS,European Russia
UG4C,51.78,46.73,54,RUS,European Russia
UG4F,53.25,44.57,54,RUS,European Russia
UG4H,53.45,50.45,54,RUS,European Russia
UG4L,53.95,47.92,54,RUS,European Russia
UG4N,58.77,49.83,54,RUS,European Russia
UG4P,55.55,50.93,54,RUS,European Russia
UG4S,56.7,47.87,54,RUS,European Russia
UG4U,54.43,44.45,54,RUS,European Russia
UG4W,57.28,52.75,54,RUS,European Russia
UG4Y,55.55,47.1,54,RUS,European Russia
UG5A,55.75,37.62,54,RUS,European Russia
UG5D,55.7,36.97,54,RUS,European Russia
UG5E,52.85,36.43,54,RUS,European Russia
UG5G,52.7,39.15,54,RUS,European Russia
UG5I,57.15,34.62,54,RUS,European Russia
UG5K,51.05,40.15,54,RUS,European Russia
UG5L,55.0,33.0,54,RUS,European Russia
UG5M,57.87,39.2,54,RUS,European Russia
UG5N,58.55,43.68,54,RUS,European Russia
UG5P,53.92,37.58,54,RUS,European Russia
UG5R,52.72,41.57,54,RUS,European Russia
UG5S,54.4,40.6,54,RUS,European Russia
UG5T,56.48,44.53,54,RUS,European Russia
UG5U,57.02,41.52,54,RUS,European Russia
UG5V,56.08,40.62,54,RUS,European Russia
UG5W,51.75,36.02,54,RUS,European Russia
UG5X,54.43,35.43,54,RUS,European Russia
UG5Y,52.95,33.4,54,RUS,European Russia
UG5Z,50.77,37.45,54,RUS,European Russia
UG6A,45.37,39.43,54,RUS,European Russia
UG6E,43.92,41.78,54,RUS,European Russia
UG6F,45.05,43.27,54,RUS,European Russia
UG6I,46.57,45.32,54,RUS,European Russia
UG6J,43.18,44.23,54,RUS,European Russia
UG6K,44.93,34.1,54,RUS,European Russia
UG6L,47.87,41.18,54,RUS,European Russia
UG6P,43.4,45.72,54,RUS,European Russia
UG6Q,43.2,44.97,54,RUS,European Russia
UG6R,50.0,30.0,54,RUS,European Russia
UG6U,47.23,47.23,54,RUS,European Russia
UG6W,43.1,46.88,54,RUS,European Russia
UG6X,43.58,43.4,54,RUS,European Russia
UG6Y,44.65,40.0,54,RUS,European Russia
UG7A,45.37,39.43,54,RUS,European Russia
UG7E,43.92,41.78,54,RUS,European Russia
UG7F,45.05,43.27,54,RUS,European Russia
UG7I,46.57,45.32,54,RUS,European Russia
UG7J,43.18,44.23,54,RUS,European Russia
UG7K,44.93,34.1,54,RUS,European Russia
UG7L,47.87,41.18,54,RUS,European Russia
UG7P,43.4,45.72,54,RUS,European Russia
UG7Q,43.2,44.97,54,RUS,European Russia
UG7R,50.0,30.0,54,RUS,European Russia
UG7U,47.23,47.23,54,RUS,European Russia
UG7W,43.1,46.88,54,RUS,European Russia
UG7X,43.58,43.4,54,RUS,European Russia
UG7Y,44.65,40.0,54,RUS,European Russia
UG8,55.88,84.08,15,RUS,Asiatic Russia
UG8A,54.75,60.7,15,RUS,Asiatic Russia
UG8C,58.7,61.33,15,RUS,Asiatic Russia
UG8F,58.0,56.32,54,RUS,European Russia
UG8H,58.75,82.13,15,RUS,Asiatic Russia
UG8J,62.25,70.17,15,RUS,Asiatic Russia
UG8K,65.3,74.03,15,RUS,Asiatic Russia
UG8L,57.83,69.0,15,RUS,Asiatic Russia
UG8M,56.22,73.27,15,RUS,Asiatic Russia
UG8O,55.45,79.55,15,RUS,Asiatic Russia
UG8Q,55.57,64.75,15,RUS,Asiatic Russia
UG8S,52.13,55.6,15,RUS,Asiatic Russia
UG8U,54.93,87.23,15,RUS,Asiatic Russia
UG8W,54.47,56.27,15,RUS,Asiatic Russia
UG8X,64.28,54.47,54,RUS,European Russia
UG8Y,52.77,82.62,15,RUS,Asiatic Russia
UG8Z,50.92,86.92,15,RUS,Asiatic Russia
UG9,55.88,84.08,15,RUS,Asiatic Russia
UG9A,54.75,60.7,15,RUS,Asiatic Russia
UG9C,58.7,61.33,15,RUS,Asiatic Russia
UG9F,58.0,56.32,54,RUS,European Russia
UG9H,58.75,82.13,15,RUS,Asiatic Russia
UG9J,62.25,70.17,15,RUS,Asiatic Russia
UG9K,65.3,74.03,15,RUS,Asiatic Russia
UG9L,57.83,69.0,15,RUS,Asiatic Russia
UG9M,56.22,73.27,15,RUS,Asiatic Russia
UG9O,55.45,79.55,15,RUS,Asiatic Russia
UG9Q,55.57,64.75,15,RUS,Asiatic Russia
UG9S,52.13,55.6,15,RUS,Asiatic Russia
UG9U,54.93,87.23,15,RUS,Asiatic Russia
UG9W,54.47,56.27,15,RUS,Asiatic Russia
UG9X,64.28,54.47,54,RUS,European Russia
UG9Y,52.77,82.62,15,RUS,Asiatic Russia
UG9Z,50.92,86.92,15,RUS,Asiatic Russia
UH0,55.88,84.08,15,RUS,Asiatic Russia
UH0A,59.88,91.67,15,RUS,Asiatic Russia
UH0C,54.8,136.83,15,RUS,Asiatic Russia
UH0D,48.6,132.2,15,RUS,Asiatic Russia
UH0E,50.55,142.6,15,RUS,Asiatic Russia
UH0G,53.55,127.83,15,RUS,Asiatic Russia
UH0I,62.9,153.7,15,RUS,Asiatic Russia
UH0K,66.67,171.0,15,RUS,Asiatic Russia
UH0L,45.33,134.67,15,RUS,Asiatic Russia
UH0O,53.8,109.33,15,RUS,Asiatic Russia
UH0Q,66.4,129.17,15,RUS,Asiatic Russia
UH0R,57.37,106.0,15,RUS,Asiatic Russia
UH0U,54.0,118.0,15,RUS,Asiatic Russia
UH0W,53.5,90.0,15,RUS,Asiatic Russia
UH0X,56.0,159.0,15,RUS,Asiatic Russia
UH0Y,51.78,94.75,15,RUS,Asiatic Russia
UH1A,59.95,30.3,54,RUS,European Russia
UH1C,60.05,31.75,54,RUS,European Russia
UH1I,64.28,54.47,54,RUS,European Russia
UH1N,63.82,33.0,54,RUS,European Russia
UH1O,63.5,43.0,54,RUS,European Russia
UH1P,68.83,54.83,54,RUS,European Russia
UH1Q,60.08,40.45,54,RUS,European Russia
UH1T,58.43,32.38,54,RUS,European Russia
UH1W,57.32,29.25,54,RUS,European Russia
UH1Z,68.03,34.57,54,RUS,European Russia
UH2,54.72,20.52,126,RUS,Kaliningrad
UH3A,55.75,37.62,54,RUS,European Russia
UH3D,55.7,36.97,54,RUS,European Russia
UH3E,52.85,36.43,54,RUS,European Russia
UH3G,52.7,39.15,54,RUS,European Russia
UH3I,57.15,34.62,54,RUS,European Russia
UH3K,51.05,40.15,54,RUS,European Russia
UH3L,55.0,33.0,54,RUS,European Russia
UH3M,57.87,39.2,54,RUS,European Russia
UH3N,58.55,43.68,54,RUS,European Russia
UH3P,53.92,37.58,54,RUS,European Russia
UH3R,52.72,41.57,54,RUS,European Russia
UH3S,54.4,40.6,54,RUS,European Russia
UH3T,56.48,44.53,54,RUS,European Russia
UH3U,57.02,41.52,54,RUS,European Russia
UH3V,56.08,40.62,54,RUS,European Russia
UH3W,51.75,36.02,54,RUS,European Russia
UH3X,54.43,35.43,54,RUS,European Russia
UH3Y,52.95,33.4,54,RUS,European Russia
UH3Z,50.77,37.45,54,RUS,European Russia
UH4A,49.73,44.12,54,RUS,European Russia
UH4C,51.78,46.73,54,RUS,European Russia
UH4F,53.25,44.57,54,RUS,European Russia
UH4H,53.45,50.45,54,RUS,European Russia
UH4L,53.95,47.92,54,RUS,European Russia
UH4N,58.77,49.83,54,RUS,European Russia
UH4P,55.55,50.93,54,RUS,European Russia
UH4S,56.7,47.87,54,RUS,European Russia
UH4U,54.43,44.45,54,RUS,European Russia
UH4W,57.28,52.75,54,RUS,European Russia
UH4Y,55.55,47.1,54,RUS,European Russia
UH5A,55.75,37.62,54,RUS,European Russia
UH5D,55.7,36.97,54,RUS,European Russia
UH5E,52.85,36.43,54,RUS,European Russia
UH5G,52.7,39.15,54,RUS,European Russia
UH5I,57.15,34.62,54,RUS,European Russia
UH5K,51.05,40.15,54,RUS,European Russia
UH5L,55.0,33.0,54,RUS,European Russia
UH5M,57.87,39.2,54,RUS,European Russia
UH5N,58.55,43.68,54,RUS,European Russia
UH5P,53.92,37.58,54,RUS,European Russia
UH5R,52.72,41.57,54,RUS,European Russia
UH5S,54.4,40.6,54,RUS,European Russia
UH5T,56.48,44.53,54,RUS,European Russia
UH5U,57.02,41.52,54,RUS,European Russia
UH5V,56.08,40.62,54,RUS,European Russia
UH5W,51.75,36.02,54,RUS,European Russia
UH5X,54.43,35.43,54,RUS,European Russia
UH5Y,52.95,33.4,54,RUS,European Russia
UH5Z,50.77,37.45,54,RUS,European Russia
UH6A,45.37,39.43,54,RUS,European Russia
UH6E,43.92,41.78,54,RUS,European Russia
UH6F,45.05,43.27,54,RUS,European Russia
UH6I,46.57,45.32,54,RUS,European Russia
UH6J,43.18,44.23,54,RUS,European Russia
UH6K,44.93,34.1,54,RUS,European Russia
UH6L,47.87,41.18,54,RUS,European Russia
UH6P,43.4,45.72,54,RUS,European Russia
UH6Q,43.2,44.97,54,RUS,European Russia
UH6R,50.0,30.0,54,RUS,European Russia
UH6U,47.23,47.23,54,RUS,European Russia
UH6W,43.1,46.88,54,RUS,European Russia
UH6X,43.58,43.4,54,RUS,European Russia
UH6Y,44.65,40.0,54,RUS,European Russia
UH7A,45.37,39.43,54,RUS,European Russia
UH7E,43.92,41.78,54,RUS,European Russia
UH7F,45.05,43.27,54,RUS,European Russia
UH7I,46.57,45.32,54,RUS,European Russia
UH7J,43.18,44.23,54,RUS,European Russia
UH7K,44.93,34.1,54,RUS,European Russia
UH7L,47.87,41.18,54,RUS,European Russia
UH7P,43.4,45.72,54,RUS,European Russia
UH7Q,43.2,44.97,54,RUS,European Russia
UH7R,50.0,30.0,54,RUS,European Russia
UH7U,47.23,47.23,54,RUS,European Russia
UH7W,43.1,46.88,54,RUS,European Russia
UH7X,43.58,43.4,54,RUS,European Russia
UH7Y,44.65,40.0,54,RUS,European Russia
UH8,55.88,84.08,15,RUS,Asiatic Russia
UH8A,54.75,60.7,15,RUS,Asiatic Russia
UH8C,58.7,61.33,15,RUS,Asiatic Russia
UH8F,58.0,56.32,54,RUS,European Russia
UH8H,58.75,82.13,15,RUS,Asiatic Russia
UH8J,62.25,70.17,15,RUS,Asiatic Russia
UH8K,65.3,74.03,15,RUS,Asiatic Russia
UH8L,57.83,69.0,15,RUS,Asiatic Russia
UH8M,56.22,73.27,15,RUS,Asiatic Russia
UH8O,55.45,79.55,15,RUS,Asiatic Russia
UH8Q,55.57,64.75,15,RUS,Asiatic Russia
UH8S,52.13,55.6,15,RUS,Asiatic Russia
UH8U,54.93,87.23,15,RUS,Asiatic Russia
UH8W,54.47,56.27,15,RUS,Asiatic Russia
UH8X,64.28,54.47,54,RUS,European Russia
UH8Y,52.77,82.62,15,RUS,Asiatic Russia
UH8Z,50.92,86.92,15,RUS,Asiatic Russia
UH9,55.88,84.08,15,RUS,Asiatic Russia
UH9A,54.75,60.7,15,RUS,Asiatic Russia
UH9C,58.7,61.33,15,RUS,Asiatic Russia
UH9F,58.0,56.32,54,RUS,European Russia
UH9H,58.75,82.13,15,RUS,Asiatic Russia
UH9J,62.25,70.17,15,RUS,Asiatic Russia
UH9K,65.3,74.03,15,RUS,Asiatic Russia
UH9L,57.83,69.0,15,RUS,Asiatic Russia
UH9M,56.22,73.27,15,RUS,Asiatic Russia
UH9O,55.45,79.55,15,RUS,Asiatic Russia
UH9Q,55.57,64.75,15,RUS,Asiatic Russia
UH9S,52.13,55.6,15,RUS,Asiatic Russia
UH9U,54.93,87.23,15,RUS,Asiatic Russia
UH9W,54.47,56.27,15,RUS,Asiatic Russia
UH9X,64.28,54.47,54,RUS,European Russia
UH9Y,52.77,82.62,15,RUS,Asiatic Russia
UH9Z,50.92,86.92,15,RUS,Asiatic Russia
UI0,55.88,84.08,15,RUS,Asiatic Russia
UI0A,59.88,91.67,15,RUS,Asiatic Russia
UI0C,54.8,136.83,15,RUS,Asiatic Russia
UI0D,48.6,132.2,15,RUS,Asiatic Russia
UI0E,50.55,142.6,15,RUS,Asiatic Russia
UI0G,53.55,127.83,15,RUS,Asiatic Russia
UI0I,62.9,153.7,15,RUS,Asiatic Russia
UI0K,66.67,171.0,15,RUS,Asiatic Russia
UI0L,45.33,134.67,15,RUS,Asiatic Russia
UI0O,53.8,109.33,15,RUS,Asiatic Russia
UI0Q,66.4,129.17,15,RUS,Asiatic Russia
UI0R,57.37,106.0,15,RUS,Asiatic Russia
UI0U,54.0,118.0,15,RUS,Asiatic Russia
UI0W,53.5,90.0,15,RUS,Asiatic Russia
UI0X,56.0,159.0,15,RUS,Asiatic Russia
UI0Y,51.78,94.75,15,RUS,Asiatic Russia
UI1A,59.95,30.3,54,RUS,European Russia
UI1C,60.05,31.75,54,RUS,European Russia
UI1I,64.28,54.47,54,RUS,European Russia
UI1N,63.82,33.0,54,RUS,European Russia
UI1O,63.5,43.0,54,RUS,European Russia
UI1P,68.83,54.83,54,RUS,European Russia
UI1Q,60.08,40.45,54,RUS,European Russia
UI1T,58.43,32.38,54,RUS,European Russia
UI1W,57.32,29.25,54,RUS,European Russia
UI1Z,68.03,34.57,54,RUS,European Russia
UI2,54.72,20.52,126,RUS,Kaliningrad
UI3A,55.75,37.62,54,RUS,European Russia
UI3D,55.7,36.97,54,RUS,European Russia
UI3E,52.85,36.43,54,RUS,European Russia
UI3G,52.7,39.15,54,RUS,European Russia
UI3I,57.15,34.62,54,RUS,European Russia
UI3K,51.05,40.15,54,RUS,European Russia
UI3L,55.0,33.0,54,RUS,European Russia
UI3M,57.87,39.2,54,RUS,European Russia
UI3N,58.55,43.68,54,RUS,European Russia
UI3P,53.92,37.58,54,RUS,European Russia
UI3R,52.72,41.57,54,RUS,European Russia
UI3S,54.4,40.6,54,RUS,European Russia
UI3T,56.48,44.53,54,RUS,European Russia
UI3U,57.02,41.52,54,RUS,European Russia
UI3V,56.08,40.62,54,RUS,European Russia
UI3W,51.75,36.02,54,RUS,European Russia
UI3X,54.43,35.43,54,RUS,European Russia
UI3Y,52.95,33.4,54,RUS,European Russia
UI3Z,50.77,37.45,54,RUS,European Russia
UI4A,49.73,44.12,54,RUS,European Russia
UI4C,51.78,46.73,54,RUS,European Russia
UI4F,53.25,44.57,54,RUS,European Russia
UI4H,53.45,50.45,54,RUS,European Russia
UI4L,53.95,47.92,54,RUS,European Russia
UI4N,58.77,49.83,54,RUS,European Russia
UI4P,55.55,50.93,54,RUS,European Russia
UI4S,56.7,47.87,54,RUS,European Russia
UI4U,54.43,44.45,54,RUS,European Russia
UI4W,57.28,52.75,54,RUS,European Russia
UI4Y,55.55,47.1,54,RUS,European Russia
UI5A,55.75,37.62,54,RUS,European Russia
UI5D,55.7,36.97,54,RUS,European Russia
UI5E,52.85,36.43,54,RUS,European Russia
UI5G,52.7,39.15,54,RUS,European Russia
UI5I,57.15,34.62,54,RUS,European Russia
UI5K,51.05,40.15,54,RUS,European Russia
UI5L,55.0,33.0,54,RUS,European Russia
UI5M,57.87,39.2,54,RUS,European Russia
UI5N,58.55,43.68,54,RUS,European Russia
UI5P,53.92,37.58,54,RUS,European Russia
UI5R,52.72,41.57,54,RUS,European Russia
UI5S,54.4,40.6,54,RUS,European Russia
UI5T,56.48,44.53,54,RUS,European Russia
UI5U,57.02,41.52,54,RUS,European Russia
UI5V,56.08,40.62,54,RUS,European Russia
UI5W,51.75,36.02,54,RUS,European Russia
UI5X,54.43,35.43,54,RUS,European Russia
UI5Y,52.95,33.4,54,RUS,European Russia
UI5Z,50.77,37.45,54,RUS,European Russia
UI6A,45.37,39.43,54,RUS,European Russia
UI6E,43.92,41.78,54,RUS,European Russia
UI6F,45.05,43.27,54,RUS,European Russia
UI6I,46.57,45.32,54,RUS,European Russia
UI6J,43.18,44.23,54,RUS,European Russia
UI6K,44.93,34.1,54,RUS,European Russia
UI6L,47.87,41.18,54,RUS,European Russia
UI6P,43.4,45.72,54,RUS,European Russia
UI6Q,43.2,44.97,54,RUS,European Russia
UI6R,50.0,30.0,54,RUS,European Russia
UI6U,47.23,47.23,54,RUS,European Russia
UI6W,43.1,46.88,54,RUS,European Russia
UI6X,43.58,43.4,54,RUS,European Russia
UI6Y,44.65,40.0,54,RUS,European Russia
UI7A,45.37,39.43,54,RUS,European Russia
UI7E,43.92,41.78,54,RUS,European Russia
UI7F,45.05,43.27,54,RUS,European Russia
UI7I,46.57,45.32,54,RUS,European Russia
UI7J,43.18,44.23,54,RUS,European Russia
UI7K,44.93,34.1,54,RUS,European Russia
UI7L,47.87,41.18,54,RUS,European Russia
UI7P,43.4,45.72,54,RUS,European Russia
UI7Q,43.2,44.97,54,RUS,European Russia
UI7R,50.0,30.0,54,RUS,European Russia
UI7U,47.23,47.23,54,RUS,European Russia
UI7W,43.1,46.88,54,RUS,European Russia
UI7X,43.58,43.4,54,RUS,European Russia
UI7Y,44.65,40.0,54,RUS,European Russia
UI8,55.88,84.08,15,RUS,Asiatic Russia
UI8A,54.75,60.7,15,RUS,Asiatic Russia
UI8C,58.7,61.33,15,RUS,Asiatic Russia
UI8F,58.0,56.32,54,RUS,European Russia
UI8H,58.75,82.13,15,RUS,Asiatic Russia
UI8J,62.25,70.17,15,RUS,Asiatic Russia
UI8K,65.3,74.03,15,RUS,Asiatic Russia
UI8L,57.83,69.0,15,RUS,Asiatic Russia
UI8M,56.22,73.27,15,RUS,Asiatic Russia
UI8O,55.45,79.55,15,RUS,Asiatic Russia
UI8Q,55.57,64.75,15,RUS,Asiatic Russia
UI8S,52.13,55.6,15,RUS,Asiatic Russia
UI8U,54.93,87.23,15,RUS,Asiatic Russia
UI8W,54.47,56.27,15,RUS,Asiatic Russia
UI8X,64.28,54.47,54,RUS,European Russia
UI8Y,52.77,82.62,15,RUS,Asiatic Russia
UI8Z,50.92,86.92,15,RUS,Asiatic Russia
UI9,55.88,84.08,15,RUS,Asiatic Russia
UI9A,54.75,60.7,15,RUS,Asiatic Russia
UI9C,58.7,61.33,15,RUS,Asiatic Russia
UI9F,58.0,56.32,54,RUS,European Russia
UI9H,58.75,82.13,15,RUS,Asiatic Russia
UI9J,62.25,70.17,15,RUS,Asiatic Russia
UI9K,65.3,74.03,15,RUS,Asiatic Russia
UI9L,57.83,69.0,15,RUS,Asiatic Russia
UI9M,56.22,73.27,15,RUS,Asiatic Russia
UI9O,55.45,79.55,15,RUS,Asiatic Russia
UI9Q,55.57,64.75,15,RUS,Asiatic Russia
UI9S,52.13,55.6,15,RUS,Asiatic Russia
UI9U,54.93,87.23,15,RUS,Asiatic Russia
UI9W,54.47,56.27,15,RUS,Asiatic Russia
UI9X,64.28,54.47,54,RUS,European Russia
UI9Y,52.77,82.62,15,RUS,Asiatic Russia
UI9Z,50.92,86.92,15,RUS,Asiatic Russia
UJ,41.4,63.97,292,UZB,Uzbekistan
UJ0A,41.27,69.22,292,UZB,Uzbekistan
UJ0B,41.17,69.75,292,UZB,Uzbekistan
UJ0C,38.83,66.08,292,UZB,Uzbekistan
UJ0D,40.42,68.67,292,UZB,Uzbekistan
UJ0F,40.75,72.17,292,UZB,Uzbekistan
UJ0G,40.42,71.25,292,UZB,Uzbekistan
UJ0I,39.83,66.25,292,UZB,Uzbekistan
UJ0L,40.17,63.67,292,UZB,Uzbekistan
UJ0O,41.0,71.17,292,UZB,Uzbekistan
UJ0Q,42.0,64.25,292,UZB,Uzbekistan
UJ0T,38.0,67.5,292,UZB,Uzbekistan
UJ0U,41.33,61.0,292,UZB,Uzbekistan
UJ0V,40.42,67.67,292,UZB,Uzbekistan
UJ0Z,43.17,58.75,292,UZB,Uzbekistan
UJ1A,41.27,69.22,292,UZB,Uzbekistan
UJ1B,41.17,69.75,292,UZB,Uzbekistan
UJ1C,38.83,66.08,292,UZB,Uzbekistan
UJ1D,40.42,68.67,292,UZB,Uzbekistan
UJ1F,40.75,72.17,292,UZB,Uzbekistan
UJ1G,40.42,71.25,292,UZB,Uzbekistan
UJ1I,39.83,66.25,292,UZB,Uzbekistan
UJ1L,40.17,63.67,292,UZB,Uzbekistan
UJ1O,41.0,71.17,292,UZB,Uzbekistan
UJ1Q,42.0,64.25,292,UZB,Uzbekistan
UJ1T,38.0,67.5,292,UZB,Uzbekistan
UJ1U,41.33,61.0,292,UZB,Uzbekistan
UJ1V,40.42,67.67,292,UZB,Uzbekistan
UJ1Z,43.17,58.75,292,UZB,Uzbekistan
UJ2A,41.27,69.22,292,UZB,Uzbekistan
UJ2B,41.17,69.75,292,UZB,Uzbekistan
UJ2C,38.83,66.08,292,UZB,Uzbekistan
UJ2D,40.42,68.67,292,UZB,Uzbekistan
UJ2F,40.75,72.17,292,UZB,Uzbekistan
UJ2G,40.42,71.25,292,UZB,Uzbekistan
UJ2I,39.83,66.25,292,UZB,Uzbekistan
UJ2L,40.17,63.67,292,UZB,Uzbekistan
UJ2O,41.0,71.17,292,UZB,Uzbekistan
UJ2Q,42.0,64.25,292,UZB,Uzbekistan
UJ2T,38.0,67.5,292,UZB,Uzbekistan
UJ2U,41.33,61.0,292,UZB,Uzbekistan
UJ2V,40.42,67.67,292,UZB,Uzbekistan
UJ2Z,43.17,58.75,292,UZB,Uzbekistan
UJ3A,41.27,69.22,292,UZB,Uzbekistan
UJ3B,41.17,69.75,292,UZB,Uzbekistan
UJ3C,38.83,66.08,292,UZB,Uzbekistan
UJ3D,40.42,68.67,292,UZB,Uzbekistan
UJ3F,40.75,72.17,292,UZB,Uzbekistan
UJ3G,40.42,71.25,292,UZB,Uzbekistan
UJ3I,39.83,66.25,292,UZB,Uzbekistan
UJ3L,40.17,63.67,292,UZB,Uzbekistan
UJ3O,41.0,71.17,292,UZB,Uzbekistan
UJ3Q,42.0,64.25,292,UZB,Uzbekistan
UJ3T,38.0,67.5,292,UZB,Uzbekistan
UJ3U,41.33,61.0,292,UZB,Uzbekistan
UJ3V,40.42,67.67,292,UZB,Uzbekistan
UJ3Z,43.17,58.75,292,UZB,Uzbekistan
UJ4A,41.27,69.22,292,UZB,Uzbekistan
UJ4B,41.17,69.75,292,UZB,Uzbekistan
UJ4C,38.83,66.08,292,UZB,Uzbekistan
UJ4D,40.42,68.67,292,UZB,Uzbekistan
UJ4F,40.75,72.17,292,UZB,Uzbekistan
UJ4G,40.42,71.25,292,UZB,Uzbekistan
UJ4I,39.83,66.25,292,UZB,Uzbekistan
UJ4L,40.17,63.67,292,UZB,Uzbekistan
UJ4O,41.0,71.17,292,UZB,Uzbekistan
UJ4Q,42.0,64.25,292,UZB,Uzbekistan
UJ4T,38.0,67.5,292,UZB,Uzbekistan
UJ4U,41.33,61.0,292,UZB,Uzbekistan
UJ4V,40.42,67.67,292,UZB,Uzbekistan
UJ4Z,43.17,58.75,292,UZB,Uzbekistan
UJ5A,41.27,69.22,292,UZB,Uzbekistan
UJ5B,41.17,69.75,292,UZB,Uzbekistan
UJ5C,38.83,66.08,292,UZB,Uzbekistan
UJ5D,40.42,68.67,292,UZB,Uzbekistan
UJ5F,40.75,72.17,292,UZB,Uzbekistan
UJ5G,40.42,71.25,292,UZB,Uzbekistan
UJ5I,39.83,66.25,292,UZB,Uzbekistan
UJ5L,40.17,63.67,292,UZB,Uzbekistan
UJ5O,41.0,71.17,292,UZB,Uzbekistan
UJ5Q,42.0,64.25,292,UZB,Uzbekistan
UJ5T,38.0,67.5,292,UZB,Uzbekistan
UJ5U,41.33,61.0,292,UZB,Uzbekistan
UJ5V,40.42,67.67,292,UZB,Uzbekistan
UJ5Z,43.17,58.75,292,UZB,Uzbekistan
UJ6A,41.27,69.22,292,UZB,Uzbekistan
UJ6B,41.17,69.75,292,UZB,Uzbekistan
UJ6C,38.83,66.08,292,UZB,Uzbekistan
UJ6D,40.42,68.67,292,UZB,Uzbekistan
UJ6F,40.75,72.17,292,UZB,Uzbekistan
UJ6G,40.42,71.25,292,UZB,Uzbekistan
UJ6I,39.83,66.25,292,UZB,Uzbekistan
UJ6L,40.17,63.67,292,UZB,Uzbekistan
UJ6O,41.0,71.17,292,UZB,Uzbekistan
UJ6Q,42.0,64.25,292,UZB,Uzbekistan
UJ6T,38.0,67.5,292,UZB,Uzbekistan
UJ6U,41.33,61.0,292,UZB,Uzbekistan
UJ6V,40.42,67.67,292,UZB,Uzbekistan
UJ6Z,43.17,58.75,292,UZB,Uzbekistan
UJ7A,41.27,69.22,292,UZB,Uzbekistan
UJ7B,41.17,69.75,292,UZB,Uzbekistan
UJ7C,38.83,66.08,292,UZB,Uzbekistan
UJ7D,40.42,68.67,292,UZB,Uzbekistan
UJ7F,40.75,72.17,292,UZB,Uzbekistan
UJ7G,40.42,71.25,292,UZB,Uzbekistan
UJ7I,39.83,66.25,292,UZB,Uzbekistan
UJ7L,40.17,63.67,292,UZB,Uzbekistan
UJ7O,41.0,71.17,292,UZB,Uzbekistan
UJ7Q,42.0,64.25,292,UZB,Uzbekistan
UJ7T,38.0,67.5,292,UZB,Uzbekistan
UJ7U,41.33,61.0,292,UZB,Uzbekistan
UJ7V,40.42,67.67,292,UZB,Uzbekistan
UJ7Z,43.17,58.75,292,UZB,Uzbekistan
UJ8A,41.27,69.22,292,UZB,Uzbekistan
UJ8B,41.17,69.75,292,UZB,Uzbekistan
UJ8C,38.83,66.08,292,UZB,Uzbekistan
UJ8D,40.42,68.67,292,UZB,Uzbekistan
UJ8F,40.75,72.17,292,UZB,Uzbekistan
UJ8G,40.42,71.25,292,UZB,Uzbekistan
UJ8I,39.83,66.25,292,UZB,Uzbekistan
UJ8L,40.17,63.67,292,UZB,Uzbekistan
UJ8O,41.0,71.17,292,UZB,Uzbekistan
UJ8Q,42.0,64.25,292,UZB,Uzbekistan
UJ8T,38.0,67.5,292,UZB,Uzbekistan
UJ8U,41.33,61.0,292,UZB,Uzbekistan
UJ8V,40.42,67.67,292,UZB,Uzbekistan
UJ8Z,43.17,58.75,292,UZB,Uzbekistan
UJ9A,41.27,69.22,292,UZB,Uzbekistan
UJ9B,41.17,69.75,292,UZB,Uzbekistan
UJ9C,38.83,66.08,292,UZB,Uzbekistan
UJ9D,40.42,68.67,292,UZB,Uzbekistan
UJ9F,40.75,72.17,292,UZB,Uzbekistan
UJ9G,40.42,71.25,292,UZB,Uzbekistan
UJ9I,39.83,66.25,292,UZB,Uzbekistan
UJ9L,40.17,63.67,292,UZB,Uzbekistan
UJ9O,41.0,71.17,292,UZB,Uzbekistan
UJ9Q,42.0,64.25,292,UZB,Uzbekistan
UJ9T,38.0,67.5,292,UZB,Uzbekistan
UJ9U,41.33,61.0,292,UZB,Uzbekistan
UJ9V,40.42,67.67,292,UZB,Uzbekistan
UJ9Z,43.17,58.75,292,UZB,Uzbekistan
UK,41.4,63.97,292,UZB,Uzbekistan
UK0A,41.27,69.22,292,UZB,Uzbekistan
UK0B,41.17,69.75,292,UZB,Uzbekistan
UK0C,38.83,66.08,292,UZB,Uzbekistan
UK0D,40.42,68.67,292,UZB,Uzbekistan
UK0F,40.75,72.17,292,UZB,Uzbekistan
UK0G,40.42,71.25,292,UZB,Uzbekistan
UK0I,39.83,66.25,292,UZB,Uzbekistan
UK0L,40.17,63.67,292,UZB,Uzbekistan
UK0O,41.0,71.17,292,UZB,Uzbekistan
UK0Q,42.0,64.25,292,UZB,Uzbekistan
UK0T,38.0,67.5,292,UZB,Uzbekistan
UK0U,41.33,61.0,292,UZB,Uzbekistan
UK0V,40.42,67.67,292,UZB,Uzbekistan
UK0Z,43.17,58.75,292,UZB,Uzbekistan
UK1A,41.27,69.22,292,UZB,Uzbekistan
UK1B,41.17,69.75,292,UZB,Uzbekistan
UK1C,38.83,66.08,292,UZB,Uzbekistan
UK1D,40.42,68.67,292,UZB,Uzbekistan
UK1F,40.75,72.17,292,UZB,Uzbekistan
UK1G,40.42,71.25,292,UZB,Uzbekistan
UK1I,39.83,66.25,292,UZB,Uzbekistan
UK1L,40.17,63.67,292,UZB,Uzbekistan
UK1O,41.0,71.17,292,UZB,Uzbekistan
UK1Q,42.0,64.25,292,UZB,Uzbekistan
UK1T,38.0,67.5,292,UZB,Uzbekistan
UK1U,41.33,61.0,292,UZB,Uzbekistan
UK1V,40.42,67.67,292,UZB,Uzbekistan
UK1Z,43.17,58.75,292,UZB,Uzbekistan
UK2A,41.27,69.22,292,UZB,Uzbekistan
UK2B,41.17,69.75,292,UZB,Uzbekistan
UK2C,38.83,66.08,292,UZB,Uzbekistan
UK2D,40.42,68.67,292,UZB,Uzbekistan
UK2F,40.75,72.17,292,UZB,Uzbekistan
UK2G,40.42,71.25,292,UZB,Uzbekistan
UK2I,39.83,66.25,292,UZB,Uzbekistan
UK2L,40.17,63.67,292,UZB,Uzbekistan
UK2O,41.0,71.17,292,UZB,Uzbekistan
UK2Q,42.0,64.25,292,UZB,Uzbekistan
UK2T,38.0,67.5,292,UZB,Uzbekistan
UK2U,41.33,61.0,292,UZB,Uzbekistan
UK2V,40.42,67.67,292,UZB,Uzbekistan
UK2Z,43.17,58.75,292,UZB,Uzbekistan
UK3A,41.27,69.22,292,UZB,Uzbekistan
UK3B,41.17,69.75,292,UZB,Uzbekistan
UK3C,38.83,66.08,292,UZB,Uzbekistan
UK3D,40.42,68.67,292,UZB,Uzbekistan
UK3F,40.75,72.17,292,UZB,Uzbekistan
UK3G,40.42,71.25,292,UZB,Uzbekistan
UK3I,39.83,66.25,292,UZB,Uzbekistan
UK3L,40.17,63.67,292,UZB,Uzbekistan
UK3O,41.0,71.17,292,UZB,Uzbekistan
UK3Q,42.0,64.25,292,UZB,Uzbekistan
UK3T,38.0,67.5,292,UZB,Uzbekistan
UK3U,41.33,61.0,292,UZB,Uzbekistan
UK3V,40.42,67.67,292,UZB,Uzbekistan
UK3Z,43.17,58.75,292,UZB,Uzbekistan
UK4A,41.27,69.22,292,UZB,Uzbekistan
UK4B,41.17,69.75,292,UZB,Uzbekistan
UK4C,38.83,66.08,292,UZB,Uzbekistan
UK4D,40.42,68.67,292,UZB,Uzbekistan
UK4F,40.75,72.17,292,UZB,Uzbekistan
UK4G,40.42,71.25,292,UZB,Uzbekistan
UK4I,39.83,66.25,292,UZB,Uzbekistan
UK4L,40.17,63.67,292,UZB,Uzbekistan
UK4O,41.0,71.17,292,UZB,Uzbekistan
UK4Q,42.0,64.25,292,UZB,Uzbekistan
UK4T,38.0,67.5,292,UZB,Uzbekistan
UK4U,41.33,61.0,292,UZB,Uzbekistan
UK4V,40.42,67.67,292,UZB,Uzbekistan
UK4Z,43.17,58.75,292,UZB,Uzbekistan
UK5A,41.27,69.22,292,UZB,Uzbekistan
UK5B,41.17,69.75,292,UZB,Uzbekistan
UK5C,38.83,66.08,292,UZB,Uzbekistan
UK5D,40.42,68.67,292,UZB,Uzbekistan
UK5F,40.75,72.17,292,UZB,Uzbekistan
UK5G,40.42,71.25,292,UZB,Uzbekistan
UK5I,39.83,66.25,292,UZB,Uzbekistan
UK5L,40.17,63.67,292,UZB,Uzbekistan
UK5O,41.0,71.17,292,UZB,Uzbekistan
UK5Q,42.0,64.25,292,UZB,Uzbekistan
UK5T,38.0,67.5,292,UZB,Uzbekistan
UK5U,41.33,61.0,292,UZB,Uzbekistan
UK5V,40.42,67.67,292,UZB,Uzbekistan
UK5Z,43.17,58.75,292,UZB,Uzbekistan
UK6A,41.27,69.22,292,UZB,Uzbekistan
UK6B,41.17,69.75,292,UZB,Uzbekistan
UK6C,38.83,66.08,292,UZB,Uzbekistan
UK6D,40.42,68.67,292,UZB,Uzbekistan
UK6F,40.75,72.17,292,UZB,Uzbekistan
UK6G,40.42,71.25,292,UZB,Uzbekistan
UK6I,39.83,66.25,292,UZB,Uzbekistan
UK6L,40.17,63.67,292,UZB,Uzbekistan
UK6O,41.0,71.17,292,UZB,Uzbekistan
UK6Q,42.0,64.25,292,UZB,Uzbekistan
UK6T,38.0,67.5,292,UZB,Uzbekistan
UK6U,41.33,61.0,292,UZB,Uzbekistan
UK6V,40.42,67.67,292,UZB,Uzbekistan
UK6Z,43.17,58.75,292,UZB,Uzbekistan
UK7A,41.27,69.22,292,UZB,Uzbekistan
UK7B,41.17,69.75,292,UZB,Uzbekistan
UK7C,38.83,66.08,292,UZB,Uzbekistan
UK7D,40.42,68.67,292,UZB,Uzbekistan
UK7F,40.75,72.17,292,UZB,Uzbekistan
UK7G,40.42,71.25,292,UZB,Uzbekistan
UK7I,39.83,66.25,292,UZB,Uzbekistan
UK7L,40.17,63.67,292,UZB,Uzbekistan
UK7O,41.0,71.17,292,UZB,Uzbekistan
UK7Q,42.0,64.25,292,UZB,Uzbekistan
UK7T,38.0,67.5,292,UZB,Uzbekistan
UK7U,41.33,61.0,292,UZB,Uzbekistan
UK7V,40.42,67.67,292,UZB,Uzbekistan
UK7Z,43.17,58.75,292,UZB,Uzbekistan
UK8A,41.27,69.22,292,UZB,Uzbekistan
UK8B,41.17,69.75,292,UZB,Uzbekistan
UK8C,38.83,66.08,292,UZB,Uzbekistan
UK8D,40.42,68.67,292,UZB,Uzbekistan
UK8F,40.75,72.17,292,UZB,Uzbekistan
UK8G,40.42,71.25,292,UZB,Uzbekistan
UK8I,39.83,66.25,292,UZB,Uzbekistan
UK8L,40.17,63.67,292,UZB,Uzbekistan
UK8O,41.0,71.17,292,UZB,Uzbekistan
UK8Q,42.0,64.25,292,UZB,Uzbekistan
UK8T,38.0,67.5,292,UZB,Uzbekistan
UK8U,41.33,61.0,292,UZB,Uzbekistan
UK8V,40.42,67.67,292,UZB,Uzbekistan
UK8Z,43.17,58.75,292,UZB,Uzbekistan
UK9A,41.27,69.22,292,UZB,Uzbekistan
UK9B,41.17,69.75,292,UZB,Uzbekistan
UK9C,38.83,66.08,292,UZB,Uzbekistan
UK9D,40.42,68.67,292,UZB,Uzbekistan
UK9F,40.75,72.17,292,UZB,Uzbekistan
UK9G,40.42,71.25,292,UZB,Uzbekistan
UK9I,39.83,66.25,292,UZB,Uzbekistan
UK9L,40.17,63.67,292,UZB,Uzbekistan
UK9O,41.0,71.17,292,UZB,Uzbekistan
UK9Q,42.0,64.25,292,UZB,Uzbekistan
UK9T,38.0,67.5,292,UZB,Uzbekistan
UK9U,41.33,61.0,292,UZB,Uzbekistan
UK9V,40.42,67.67,292,UZB,Uzbekistan
UK9Z,43.17,58.75,292,UZB,Uzbekistan
UL,41.4,63.97,292,UZB,Uzbekistan
UL0A,41.27,69.22,292,UZB,Uzbekistan
UL0B,41.17,69.75,292,UZB,Uzbekistan
UL0C,38.83,66.08,292,UZB,Uzbekistan
UL0D,40.42,68.67,292,UZB,Uzbekistan
UL0F,40.75,72.17,292,UZB,Uzbekistan
UL0G,40.42,71.25,292,UZB,Uzbekistan
UL0I,39.83,66.25,292,UZB,Uzbekistan
UL0L,40.17,63.67,292,UZB,Uzbekistan
UL0O,41.0,71.17,292,UZB,Uzbekistan
UL0Q,42.0,64.25,292,UZB,Uzbekistan
UL0T,38.0,67.5,292,UZB,Uzbekistan
UL0U,41.33,61.0,292,UZB,Uzbekistan
UL0V,40.42,67.67,292,UZB,Uzbekistan
UL0Z,43.17,58.75,292,UZB,Uzbekistan
UL1A,41.27,69.22,292,UZB,Uzbekistan
UL1B,41.17,69.75,292,UZB,Uzbekistan
UL1C,38.83,66.08,292,UZB,Uzbekistan
UL1D,40.42,68.67,292,UZB,Uzbekistan
UL1F,40.75,72.17,292,UZB,Uzbekistan
UL1G,40.42,71.25,292,UZB,Uzbekistan
UL1I,39.83,66.25,292,UZB,Uzbekistan
UL1L,40.17,63.67,292,UZB,Uzbekistan
UL1O,41.0,71.17,292,UZB,Uzbekistan
UL1Q,42.0,64.25,292,UZB,Uzbekistan
UL1T,38.0,67.5,292,UZB,Uzbekistan
UL1U,41.33,61.0,292,UZB,Uzbekistan
UL1V,40.42,67.67,292,UZB,Uzbekistan
UL1Z,43.17,58.75,292,UZB,Uzbekistan
UL2A,41.27,69.22,292,UZB,Uzbekistan
UL2B,41.17,69.75,292,UZB,Uzbekistan
UL2C,38.83,66.08,292,UZB,Uzbekistan
UL2D,40.42,68.67,292,UZB,Uzbekistan
UL2F,40.75,72.17,292,UZB,Uzbekistan
UL2G,40.42,71.25,292,UZB,Uzbekistan
UL2I,39.83,66.25,292,UZB,Uzbekistan
UL2L,40.17,63.67,292,UZB,Uzbekistan
UL2O,41.0,71.17,292,UZB,Uzbekistan
UL2Q,42.0,64.25,292,UZB,Uzbekistan
UL2T,38.0,67.5,292,UZB,Uzbekistan
UL2U,41.33,61.0,292,UZB,Uzbekistan
UL2V,40.42,67.67,292,UZB,Uzbekistan
UL2Z,43.17,58.75,292,UZB,Uzbekistan
UL3A,41.27,69.22,292,UZB,Uzbekistan
UL3B,41.17,69.75,292,UZB,Uzbekistan
UL3C,38.83,66.08,292,UZB,Uzbekistan
UL3D,40.42,68.67,292,UZB,Uzbekistan
UL3F,40.75,72.17,292,UZB,Uzbekistan
UL3G,40.42,71.25,292,UZB,Uzbekistan
UL3I,39.83,66.25,292,UZB,Uzbekistan
UL3L,40.17,63.67,292,UZB,Uzbekistan
UL3O,41.0,71.17,292,UZB,Uzbekistan
UL3Q,42.0,64.25,292,UZB,Uzbekistan
UL3T,38.0,67.5,292,UZB,Uzbekistan
UL3U,41.33,61.0,292,UZB,Uzbekistan
UL3V,40.42,67.67,292,UZB,Uzbekistan
UL3Z,43.17,58.75,292,UZB,Uzbekistan
UL4A,41.27,69.22,292,UZB,Uzbekistan
UL4B,41.17,69.75,292,UZB,Uzbekistan
UL4C,38.83,66.08,292,UZB,Uzbekistan
UL4D,40.42,68.67,292,UZB,Uzbekistan
UL4F,40.75,72.17,292,UZB,Uzbekistan
UL4G,40.42,71.25,292,UZB,Uzbekistan
UL4I,39.83,66.25,292,UZB,Uzbekistan
UL4L,40.17,63.67,292,UZB,Uzbekistan
UL4O,41.0,71.17,292,UZB,Uzbekistan
UL4Q,42.0,64.25,292,UZB,Uzbekistan
UL4T,38.0,67.5,292,UZB,Uzbekistan
UL4U,41.33,61.0,292,UZB,Uzbekistan
UL4V,40.42,67.67,292,UZB,Uzbekistan
UL4Z,43.17,58.75,292,UZB,Uzbekistan
UL5A,41.27,69.22,292,UZB,Uzbekistan
UL5B,41.17,69.75,292,UZB,Uzbekistan
UL5C,38.83,66.08,292,UZB,Uzbekistan
UL5D,40.42,68.67,292,UZB,Uzbekistan
UL5F,40.75,72.17,292,UZB,Uzbekistan
UL5G,40.42,71.25,292,UZB,Uzbekistan
UL5I,39.83,66.25,292,UZB,Uzbekistan
UL5L,40.17,63.67,292,UZB,Uzbekistan
UL5O,41.0,71.17,292,UZB,Uzbekistan
UL5Q,42.0,64.25,292,UZB,Uzbekistan
UL5T,38.0,67.5,292,UZB,Uzbekistan
UL5U,41.33,61.0,292,UZB,Uzbekistan
UL5V,40.42,67.67,292,UZB,Uzbekistan
UL5Z,43.17,58.75,292,UZB,Uzbekistan
UL6A,41.27,69.22,292,UZB,Uzbekistan
UL6B,41.17,69.75,292,UZB,Uzbekistan
UL6C,38.83,66.08,292,UZB,Uzbekistan
UL6D,40.42,68.67,292,UZB,Uzbekistan
UL6F,40.75,72.17,292,UZB,Uzbekistan
UL6G,40.42,71.25,292,UZB,Uzbekistan
UL6I,39.83,66.25,292,UZB,Uzbekistan
UL6L,40.17,63.67,292,UZB,Uzbekistan
UL6O,41.0,71.17,292,UZB,Uzbekistan
UL6Q,42.0,64.25,292,UZB,Uzbekistan
UL6T,38.0,67.5,292,UZB,Uzbekistan
UL6U,41.33,61.0,292,UZB,Uzbekistan
UL6V,40.42,67.67,292,UZB,Uzbekistan
UL6Z,43.17,58.75,292,UZB,Uzbekistan
UL7A,41.27,69.22,292,UZB,Uzbekistan
UL7B,41.17,69.75,292,UZB,Uzbekistan
UL7C,38.83,66.08,292,UZB,Uzbekistan
UL7D,40.42,68.67,292,UZB,Uzbekistan
UL7F,40.75,72.17,292,UZB,Uzbekistan
UL7G,40.42,71.25,292,UZB,Uzbekistan
UL7I,39.83,66.25,292,UZB,Uzbekistan
UL7L,40.17,63.67,292,UZB,Uzbekistan
UL7O,41.0,71.17,292,UZB,Uzbekistan
UL7Q,42.0,64.25,292,UZB,Uzbekistan
UL7T,38.0,67.5,292,UZB,Uzbekistan
UL7U,41.33,61.0,292,UZB,Uzbekistan
UL7V,40.42,67.67,292,UZB,Uzbekistan
UL7Z,43.17,58.75,292,UZB,Uzbekistan
UL8A,41.27,69.22,292,UZB,Uzbekistan
UL8B,41.17,69.75,292,UZB,Uzbekistan
UL8C,38.83,66.08,292,UZB,Uzbekistan
UL8D,40.42,68.67,292,UZB,Uzbekistan
UL8F,40.75,72.17,292,UZB,Uzbekistan
UL8G,40.42,71.25,292,UZB,Uzbekistan
UL8I,39.83,66.25,292,UZB,Uzbekistan
UL8L,40.17,63.67,292,UZB,Uzbekistan
UL8O,41.0,71.17,292,UZB,Uzbekistan
UL8Q,42.0,64.25,292,UZB,Uzbekistan
UL8T,38.0,67.5,292,UZB,Uzbekistan
UL8U,41.33,61.0,292,UZB,Uzbekistan
UL8V,40.42,67.67,292,UZB,Uzbekistan
UL8Z,43.17,58.75,292,UZB,Uzbekistan
UL9A,41.27,69.22,292,UZB,Uzbekistan
UL9B,41.17,69.75,292,UZB,Uzbekistan
UL9C,38.83,66.08,292,UZB,Uzbekistan
UL9D,40.42,68.67,292,UZB,Uzbekistan
UL9F,40.75,72.17,292,UZB,Uzbekistan
UL9G,40.42,71.25,292,UZB,Uzbekistan
UL9I,39.83,66.25,292,UZB,Uzbekistan
UL9L,40.17,63.67,292,UZB,Uzbekistan
UL9O,41.0,71.17,292,UZB,Uzbekistan
UL9Q,42.0,64.25,292,UZB,Uzbekistan
UL9T,38.0,67.5,292,UZB,Uzbekistan
UL9U,41.33,61.0,292,UZB,Uzbekistan
UL9V,40.42,67.67,292,UZB,Uzbekistan
UL9Z,43.17,58.75,292,UZB,Uzbekistan
UM,41.4,63.97,292,UZB,Uzbekistan
UM0A,41.27,69.22,292,UZB,Uzbekistan
UM0B,41.17,69.75,292,UZB,Uzbekistan
UM0C,38.83,66.08,292,UZB,Uzbekistan
UM0D,40.42,68.67,292,UZB,Uzbekistan
UM0F,40.75,72.17,292,UZB,Uzbekistan
UM0G,40.42,71.25,292,UZB,Uzbekistan
UM0I,39.83,66.25,292,UZB,Uzbekistan
UM0L,40.17,63.67,292,UZB,Uzbekistan
UM0O,41.0,71.17,292,UZB,Uzbekistan
UM0Q,42.0,64.25,292,UZB,Uzbekistan
UM0T,38.0,67.5,292,UZB,Uzbekistan
UM0U,41.33,61.0,292,UZB,Uzbekistan
UM0V,40.42,67.67,292,UZB,Uzbekistan
UM0Z,43.17,58.75,292,UZB,Uzbekistan
UM1A,41.27,69.22,292,UZB,Uzbekistan
UM1B,41.17,69.75,292,UZB,Uzbekistan
UM1C,38.83,66.08,292,UZB,Uzbekistan
UM1D,40.42,68.67,292,UZB,Uzbekistan
UM1F,40.75,72.17,292,UZB,Uzbekistan
UM1G,40.42,71.25,292,UZB,Uzbekistan
UM1I,39.83,66.25,292,UZB,Uzbekistan
UM1L,40.17,63.67,292,UZB,Uzbekistan
UM1O,41.0,71.17,292,UZB,Uzbekistan
UM1Q,42.0,64.25,292,UZB,Uzbekistan
UM1T,38.0,67.5,292,UZB,Uzbekistan
UM1U,41.33,61.0,292,UZB,Uzbekistan
UM1V,40.42,67.67,292,UZB,Uzbekistan
UM1Z,43.17,58.75,292,UZB,Uzbekistan
UM2A,41.27,69.22,292,UZB,Uzbekistan
UM2B,41.17,69.75,292,UZB,Uzbekistan
UM2C,38.83,66.08,292,UZB,Uzbekistan
UM2D,40.42,68.67,292,UZB,Uzbekistan
UM2F,40.75,72.17,292,UZB,Uzbekistan
UM2G,40.42,71.25,292,UZB,Uzbekistan
UM2I,39.83,66.25,292,UZB,Uzbekistan
UM2L,40.17,63.67,292,UZB,Uzbekistan
UM2O,41.0,71.17,292,UZB,Uzbekistan
UM2Q,42.0,64.25,292,UZB,Uzbekistan
UM2T,38.0,67.5,292,UZB,Uzbekistan
UM2U,41.33,61.0,292,UZB,Uzbekistan
UM2V,40.42,67.67,292,UZB,Uzbekistan
UM2Z,43.17,58.75,292,UZB,Uzbekistan
UM3A,41.27,69.22,292,UZB,Uzbekistan
UM3B,41.17,69.75,292,UZB,Uzbekistan
UM3C,38.83,66.08,292,UZB,Uzbekistan
UM3D,40.42,68.67,292,UZB,Uzbekistan
UM3F,40.75,72.17,292,UZB,Uzbekistan
UM3G,40.42,71.25,292,UZB,Uzbekistan
UM3I,39.83,66.25,292,UZB,Uzbekistan
UM3L,40.17,63.67,292,UZB,Uzbekistan
UM3O,41.0,71.17,292,UZB,Uzbekistan
UM3Q,42.0,64.25,292,UZB,Uzbekistan
UM3T,38.0,67.5,292,UZB,Uzbekistan
UM3U,41.33,61.0,292,UZB,Uzbekistan
UM3V,40.42,67.67,292,UZB,Uzbekistan
UM3Z,43.17,58.75,292,UZB,Uzbekistan
UM4A,41.27,69.22,292,UZB,Uzbekistan
UM4B,41.17,69.75,292,UZB,Uzbekistan
UM4C,38.83,66.08,292,UZB,Uzbekistan
UM4D,40.42,68.67,292,UZB,Uzbekistan
UM4F,40.75,72.17,292,UZB,Uzbekistan
UM4G,40.42,71.25,292,UZB,Uzbekistan
UM4I,39.83,66.25,292,UZB,Uzbekistan
UM4L,40.17,63.67,292,UZB,Uzbekistan
UM4O,41.0,71.17,292,UZB,Uzbekistan
UM4Q,42.0,64.25,292,UZB,Uzbekistan
UM4T,38.0,67.5,292,UZB,Uzbekistan
UM4U,41.33,61.0,292,UZB,Uzbekistan
UM4V,40.42,67.67,292,UZB,Uzbekistan
UM4Z,43.17,58.75,292,UZB,Uzbekistan
UM5A,41.27,69.22,292,UZB,Uzbekistan
UM5B,41.17,69.75,292,UZB,Uzbekistan
UM5C,38.83,66.08,292,UZB,Uzbekistan
UM5D,40.42,68.67,292,UZB,Uzbekistan
UM5F,40.75,72.17,292,UZB,Uzbekistan
UM5G,40.42,71.25,292,UZB,Uzbekistan
UM5I,39.83,66.25,292,UZB,Uzbekistan
UM5L,40.17,63.67,292,UZB,Uzbekistan
UM5O,41.0,71.17,292,UZB,Uzbekistan
UM5Q,42.0,64.25,292,UZB,Uzbekistan
UM5T,38.0,67.5,292,UZB,Uzbekistan
UM5U,41.33,61.0,292,UZB,Uzbekistan
UM5V,40.42,67.67,292,UZB,Uzbekistan
UM5Z,43.17,58.75,292,UZB,Uzbekistan
UM6A,41.27,69.22,292,UZB,Uzbekistan
UM6B,41.17,69.75,292,UZB,Uzbekistan
UM6C,38.83,66.08,292,UZB,Uzbekistan
UM6D,40.42,68.67,292,UZB,Uzbekistan
UM6F,40.75,72.17,292,UZB,Uzbekistan
UM6G,40.42,71.25,292,UZB,Uzbekistan
UM6I,39.83,66.25,292,UZB,Uzbekistan
UM6L,40.17,63.67,292,UZB,Uzbekistan
UM6O,41.0,71.17,292,UZB,Uzbekistan
UM6Q,42.0,64.25,292,UZB,Uzbekistan
UM6T,38.0,67.5,292,UZB,Uzbekistan
UM6U,41.33,61.0,292,UZB,Uzbekistan
UM6V,40.42,67.67,292,UZB,Uzbekistan
UM6Z,43.17,58.75,292,UZB,Uzbekistan
UM7A,41.27,69.22,292,UZB,Uzbekistan
UM7B,41.17,69.75,292,UZB,Uzbekistan
UM7C,38.83,66.08,292,UZB,Uzbekistan
UM7D,40.42,68.67,292,UZB,Uzbekistan
UM7F,40.75,72.17,292,UZB,Uzbekistan
UM7G,40.42,71.25,292,UZB,Uzbekistan
UM7I,39.83,66.25,292,UZB,Uzbekistan
UM7L,40.17,63.67,292,UZB,Uzbekistan
UM7O,41.0,71.17,292,UZB,Uzbekistan
UM7Q,42.0,64.25,292,UZB,Uzbekistan
UM7T,38.0,67.5,292,UZB,Uzbekistan
UM7U,41.33,61.0,292,UZB,Uzbekistan
UM7V,40.42,67.67,292,UZB,Uzbekistan
UM7Z,43.17,58.75,292,UZB,Uzbekistan
UM8A,41.27,69.22,292,UZB,Uzbekistan
UM8B,41.17,69.75,292,UZB,Uzbekistan
UM8C,38.83,66.08,292,UZB,Uzbekistan
UM8D,40.42,68.67,292,UZB,Uzbekistan
UM8F,40.75,72.17,292,UZB,Uzbekistan
UM8G,40.42,71.25,292,UZB,Uzbekistan
UM8I,39.83,66.25,292,UZB,Uzbekistan
UM8L,40.17,63.67,292,UZB,Uzbekistan
UM8O,41.0,71.17,292,UZB,Uzbekistan
UM8Q,42.0,64.25,292,UZB,Uzbekistan
UM8T,38.0,67.5,292,UZB,Uzbekistan
UM8U,41.33,61.0,292,UZB,Uzbekistan
UM8V,40.42,67.67,292,UZB,Uzbekistan
UM8Z,43.17,58.75,292,UZB,Uzbekistan
UM9A,41.27,69.22,292,UZB,Uzbekistan
UM9B,41.17,69.75,292,UZB,Uzbekistan
UM9C,38.83,66.08,292,UZB,Uzbekistan
UM9D,40.42,68.67,292,UZB,Uzbekistan
UM9F,40.75,72.17,292,UZB,Uzbekistan
UM9G,40.42,71.25,292,UZB,Uzbekistan
UM9I,39.83,66.25,292,UZB,Uzbekistan
UM9L,40.17,63.67,292,UZB,Uzbekistan
UM9O,41.0,71.17,292,UZB,Uzbekistan
UM9Q,42.0,64.25,292,UZB,Uzbekistan
UM9T,38.0,67.5,292,UZB,Uzbekistan
UM9U,41.33,61.0,292,UZB,Uzbekistan
UM9V,40.42,67.67,292,UZB,Uzbekistan
UM9Z,43.17,58.75,292,UZB,Uzbekistan
UN,48.17,65.18,130,KAZ,Kazakhstan
UN0A,43.87,52.0,130,KAZ,Kazakhstan
UN0B,53.28,69.38,130,KAZ,Kazakhstan
UN0C,54.88,69.17,130,KAZ,Kazakhstan
UN0F,52.3,76.95,130,KAZ,Kazakhstan
UN0G,43.27,76.88,130,KAZ,Kazakhstan
UN0I,50.28,57.17,130,KAZ,Kazakhstan
UN0J,49.98,82.62,130,KAZ,Kazakhstan
UN0K,44.85,65.52,130,KAZ,Kazakhstan
UN0L,53.12,63.38,130,KAZ,Kazakhstan
UN0M,51.23,51.37,130,KAZ,Kazakhstan
UN0N,42.32,69.58,130,KAZ,Kazakhstan
UN0O,47.12,51.88,130,KAZ,Kazakhstan
UN0P,49.83,73.17,130,KAZ,Kazakhstan
UN0S,45.0,64.0,130,KAZ,Kazakhstan
UN0T,42.9,71.37,130,KAZ,Kazakhstan
UN0Z,51.17,71.43,130,KAZ,Kazakhstan
UN1A,43.87,52.0,130,KAZ,Kazakhstan
UN1B,53.28,69.38,130,KAZ,Kazakhstan
UN1C,54.88,69.17,130,KAZ,Kazakhstan
UN1F,52.3,76.95,130,KAZ,Kazakhstan
UN1G,43.27,76.88,130,KAZ,Kazakhstan
UN1I,50.28,57.17,130,KAZ,Kazakhstan
UN1J,49.98,82.62,130,KAZ,Kazakhstan
UN1K,44.85,65.52,130,KAZ,Kazakhstan
UN1L,53.12,63.38,130,KAZ,Kazakhstan
UN1M,51.23,51.37,130,KAZ,Kazakhstan
UN1N,42.32,69.58,130,KAZ,Kazakhstan
UN1O,47.12,51.88,130,KAZ,Kazakhstan
UN1P,49.83,73.17,130,KAZ,Kazakhstan
UN1S,45.0,64.0,130,KAZ,Kazakhstan
UN1T,42.9,71.37,130,KAZ,Kazakhstan
UN1Z,51.17,71.43,130,KAZ,Kazakhstan
UN2A,43.87,52.0,130,KAZ,Kazakhstan
UN2B,53.28,69.38,130,KAZ,Kazakhstan
UN2C,54.88,69.17,130,KAZ,Kazakhstan
UN2F,52.3,76.95,130,KAZ,Kazakhstan
UN2G,43.27,76.88,130,KAZ,Kazakhstan
UN2I,50.28,57.17,130,KAZ,Kazakhstan
UN2J,49.98,82.62,130,KAZ,Kazakhstan
UN2K,44.85,65.52,130,KAZ,Kazakhstan
UN2L,53.12,63.38,130,KAZ,Kazakhstan
UN2M,51.23,51.37,130,KAZ,Kazakhstan
UN2N,42.32,69.58,130,KAZ,Kazakhstan
UN2O,47.12,51.88,130,KAZ,Kazakhstan
UN2P,49.83,73.17,130,KAZ,Kazakhstan
UN2S,45.0,64.0,130,KAZ,Kazakhstan
UN2T,42.9,71.37,130,KAZ,Kazakhstan
UN2Z,51.17,71.43,130,KAZ,Kazakhstan
UN3A,43.87,52.0,130,KAZ,Kazakhstan
UN3B,53.28,69.38,130,KAZ,Kazakhstan
UN3C,54.88,69.17,130,KAZ,Kazakhstan
UN3F,52.3,76.95,130,KAZ,Kazakhstan
UN3G,43.27,76.88,130,KAZ,Kazakhstan
UN3I,50.28,57.17,130,KAZ,Kazakhstan
UN3J,49.98,82.62,130,KAZ,Kazakhstan
UN3K,44.85,65.52,130,KAZ,Kazakhstan
UN3L,53.12,63.38,130,KAZ,Kazakhstan
UN3M,51.23,51.37,130,KAZ,Kazakhstan
UN3N,42.32,69.58,130,KAZ,Kazakhstan
UN3O,47.12,51.88,130,KAZ,Kazakhstan
UN3P,49.83,73.17,130,KAZ,Kazakhstan
UN3S,45.0,64.0,130,KAZ,Kazakhstan
UN3T,42.9,71.37,130,KAZ,Kazakhstan
UN3Z,51.17,71.43,130,KAZ,Kazakhstan
UN4A,43.87,52.0,130,KAZ,Kazakhstan
UN4B,53.28,69.38,130,KAZ,Kazakhstan
UN4C,54.88,69.17,130,KAZ,Kazakhstan
UN4F,52.3,76.95,130,KAZ,Kazakhstan
UN4G,43.27,76.88,130,KAZ,Kazakhstan
UN4I,50.28,57.17,130,KAZ,Kazakhstan
UN4J,49.98,82.62,130,KAZ,Kazakhstan
UN4K,44.85,65.52,130,KAZ,Kazakhstan
UN4L,53.12,63.38,130,KAZ,Kazakhstan
UN4M,51.23,51.37,130,KAZ,Kazakhstan
UN4N,42.32,69.58,130,KAZ,Kazakhstan
UN4O,47.12,51.88,130,KAZ,Kazakhstan
UN4P,49.83,73.17,130,KAZ,Kazakhstan
UN4S,45.0,64.0,130,KAZ,Kazakhstan
UN4T,42.9,71.37,130,KAZ,Kazakhstan
UN4Z,51.17,71.43,130,KAZ,Kazakhstan
UN5A,43.87,52.0,130,KAZ,Kazakhstan
UN5B,53.28,69.38,130,KAZ,Kazakhstan
UN5C,54.88,69.17,130,KAZ,Kazakhstan
UN5F,52.3,76.95,130,KAZ,Kazakhstan
UN5G,43.27,76.88,130,KAZ,Kazakhstan
UN5I,50.28,57.17,130,KAZ,Kazakhstan
UN5J,49.98,82.62,130,KAZ,Kazakhstan
UN5K,44.85,65.52,130,KAZ,Kazakhstan
UN5L,53.12,63.38,130,KAZ,Kazakhstan
UN5M,51.23,51.37,130,KAZ,Kazakhstan
UN5N,42.32,69.58,130,KAZ,Kazakhstan
UN5O,47.12,51.88,130,KAZ,Kazakhstan
UN5P,49.83,73.17,130,KAZ,Kazakhstan
UN5S,45.0,64.0,130,KAZ,Kazakhstan
UN5T,42.9,71.37,130,KAZ,Kazakhstan
UN5Z,51.17,71.43,130,KAZ,Kazakhstan
UN6A,43.87,52.0,130,KAZ,Kazakhstan
UN6B,53.28,69.38,130,KAZ,Kazakhstan
UN6C,54.88,69.17,130,KAZ,Kazakhstan
UN6F,52.3,76.95,130,KAZ,Kazakhstan
UN6G,43.27,76.88,130,KAZ,Kazakhstan
UN6I,50.28,57.17,130,KAZ,Kazakhstan
UN6J,49.98,82.62,130,KAZ,Kazakhstan
UN6K,44.85,65.52,130,KAZ,Kazakhstan
UN6L,53.12,63.38,130,KAZ,Kazakhstan
UN6M,51.23,51.37,130,KAZ,Kazakhstan
UN6N,42.32,69.58,130,KAZ,Kazakhstan
UN6O,47.12,51.88,130,KAZ,Kazakhstan
UN6P,49.83,73.17,130,KAZ,Kazakhstan
UN6S,45.0,64.0,130,KAZ,Kazakhstan
UN6T,42.9,71.37,130,KAZ,Kazakhstan
UN6Z,51.17,71.43,130,KAZ,Kazakhstan
UN7A,43.87,52.0,130,KAZ,Kazakhstan
UN7B,53.28,69.38,130,KAZ,Kazakhstan
UN7C,54.88,69.17,130,KAZ,Kazakhstan
UN7F,52.3,76.95,130,KAZ,Kazakhstan
UN7G,43.27,76.88,130,KAZ,Kazakhstan
UN7I,50.28,57.17,130,KAZ,Kazakhstan
UN7J,49.98,82.62,130,KAZ,Kazakhstan
UN7K,44.85,65.52,130,KAZ,Kazakhstan
UN7L,53.12,63.38,130,KAZ,Kazakhstan
UN7M,51.23,51.37,130,KAZ,Kazakhstan
UN7N,42.32,69.58,130,KAZ,Kazakhstan
UN7O,47.12,51.88,130,KAZ,Kazakhstan
UN7P,49.83,73.17,130,KAZ,Kazakhstan
UN7S,45.0,64.0,130,KAZ,Kazakhstan
UN7T,42.9,71.37,130,KAZ,Kazakhstan
UN7Z,51.17,71.43,130,KAZ,Kazakhstan
UN8A,43.87,52.0,130,KAZ,Kazakhstan
UN8B,53.28,69.38,130,KAZ,Kazakhstan
UN8C,54.88,69.17,130,KAZ,Kazakhstan
UN8F,52.3,76.95,130,KAZ,Kazakhstan
UN8G,43.27,76.88,130,KAZ,Kazakhstan
UN8I,50.28,57.17,130,KAZ,Kazakhstan
UN8J,49.98,82.62,130,KAZ,Kazakhstan
UN8K,44.85,65.52,130,KAZ,Kazakhstan
UN8L,53.12,63.38,130,KAZ,Kazakhstan
UN8M,51.23,51.37,130,KAZ,Kazakhstan
UN8N,42.32,69.58,130,KAZ,Kazakhstan
UN8O,47.12,51.88,130,KAZ,Kazakhstan
UN8P,49.83,73.17,130,KAZ,Kazakhstan
UN8S,45.0,64.0,130,KAZ,Kazakhstan
UN8T,42.9,71.37,130,KAZ,Kazakhstan
UN8Z,51.17,71.43,130,KAZ,Kazakhstan
UN9A,43.87,52.0,130,KAZ,Kazakhstan
UN9B,53.28,69.38,130,KAZ,Kazakhstan
UN9C,54.88,69.17,130,KAZ,Kazakhstan
UN9F,52.3,76.95,130,KAZ,Kazakhstan
UN9G,43.27,76.88,130,KAZ,Kazakhstan
UN9I,50.28,57.17,130,KAZ,Kazakhstan
UN9J,49.98,82.62,130,KAZ,Kazakhstan
UN9K,44.85,65.52,130,KAZ,Kazakhstan
UN9L,53.12,63.38,130,KAZ,Kazakhstan
UN9M,51.23,51.37,130,KAZ,Kazakhstan
UN9N,42.32,69.58,130,KAZ,Kazakhstan
UN9O,47.12,51.88,130,KAZ,Kazakhstan
UN9P,49.83,73.17,130,KAZ,Kazakhstan
UN9S,45.0,64.0,130,KAZ,Kazakhstan
UN9T,42.9,71.37,130,KAZ,Kazakhstan
UN9Z,51.17,71.43,130,KAZ,Kazakhstan
UO,48.17,65.18,130,KAZ,Kazakhstan
UO0A,43.87,52.0,130,KAZ,Kazakhstan
UO0B,53.28,69.38,130,KAZ,Kazakhstan
UO0C,54.88,69.17,130,KAZ,Kazakhstan
UO0F,52.3,76.95,130,KAZ,Kazakhstan
UO0G,43.27,76.88,130,KAZ,Kazakhstan
UO0I,50.28,57.17,130,KAZ,Kazakhstan
UO0J,49.98,82.62,130,KAZ,Kazakhstan
UO0K,44.85,65.52,130,KAZ,Kazakhstan
UO0L,53.12,63.38,130,KAZ,Kazakhstan
UO0M,51.23,51.37,130,KAZ,Kazakhstan
UO0N,42.32,69.58,130,KAZ,Kazakhstan
UO0O,47.12,51.88,130,KAZ,Kazakhstan
UO0P,49.83,73.17,130,KAZ,Kazakhstan
UO0S,45.0,64.0,130,KAZ,Kazakhstan
UO0T,42.9,71.37,130,KAZ,Kazakhstan
UO0Z,51.17,71.43,130,KAZ,Kazakhstan
UO1A,43.87,52.0,130,KAZ,Kazakhstan
UO1B,53.28,69.38,130,KAZ,Kazakhstan
UO1C,54.88,69.17,130,KAZ,Kazakhstan
UO1F,52.3,76.95,130,KAZ,Kazakhstan
UO1G,43.27,76.88,130,KAZ,Kazakhstan
UO1I,50.28,57.17,130,KAZ,Kazakhstan
UO1J,49.98,82.62,130,KAZ,Kazakhstan
UO1K,44.85,65.52,130,KAZ,Kazakhstan
UO1L,53.12,63.38,130,KAZ,Kazakhstan
UO1M,51.23,51.37,130,KAZ,Kazakhstan
UO1N,42.32,69.58,130,KAZ,Kazakhstan
UO1O,47.12,51.88,130,KAZ,Kazakhstan
UO1P,49.83,73.17,130,KAZ,Kazakhstan
UO1S,45.0,64.0,130,KAZ,Kazakhstan
UO1T,42.9,71.37,130,KAZ,Kazakhstan
UO1Z,51.17,71.43,130,KAZ,Kazakhstan
UO2A,43.87,52.0,130,KAZ,Kazakhstan
UO2B,53.28,69.38,130,KAZ,Kazakhstan
UO2C,54.88,69.17,130,KAZ,Kazakhstan
UO2F,52.3,76.95,130,KAZ,Kazakhstan
UO2G,43.27,76.88,130,KAZ,Kazakhstan
UO2I,50.28,57.17,130,KAZ,Kazakhstan
UO2J,49.98,82.62,130,KAZ,Kazakhstan
UO2K,44.85,65.52,130,KAZ,Kazakhstan
UO2L,53.12,63.38,130,KAZ,Kazakhstan
UO2M,51.23,51.37,130,KAZ,Kazakhstan
UO2N,42.32,69.58,130,KAZ,Kazakhstan
UO2O,47.12,51.88,130,KAZ,Kazakhstan
UO2P,49.83,73.17,130,KAZ,Kazakhstan
UO2S,45.0,64.0,130,KAZ,Kazakhstan
UO2T,42.9,71.37,130,KAZ,Kazakhstan
UO2Z,51.17,71.43,130,KAZ,Kazakhstan
UO3A,43.87,52.0,130,KAZ,Kazakhstan
UO3B,53.28,69.38,130,KAZ,Kazakhstan
UO3C,54.88,69.17,130,KAZ,Kazakhstan
UO3F,52.3,76.95,130,KAZ,Kazakhstan
UO3G,43.27,76.88,130,KAZ,Kazakhstan
UO3I,50.28,57.17,130,KAZ,Kazakhstan
UO3J,49.98,82.62,130,KAZ,Kazakhstan
UO3K,44.85,65.52,130,KAZ,Kazakhstan
UO3L,53.12,63.38,130,KAZ,Kazakhstan
UO3M,51.23,51.37,130,KAZ,Kazakhstan
UO3N,42.32,69.58,130,KAZ,Kazakhstan
UO3O,47.12,51.88,130,KAZ,Kazakhstan
UO3P,49.83,73.17,130,KAZ,Kazakhstan
UO3S,45.0,64.0,130,KAZ,Kazakhstan
UO3T,42.9,71.37,130,KAZ,Kazakhstan
UO3Z,51.17,71.43,130,KAZ,Kazakhstan
UO4A,43.87,52.0,130,KAZ,Kazakhstan
UO4B,53.28,69.38,130,KAZ,Kazakhstan
UO4C,54.88,69.17,130,KAZ,Kazakhstan
UO4F,52.3,76.95,130,KAZ,Kazakhstan
UO4G,43.27,76.88,130,KAZ,Kazakhstan
UO4I,50.28,57.17,130,KAZ,Kazakhstan
UO4J,49.98,82.62,130,KAZ,Kazakhstan
UO4K,44.85,65.52,130,KAZ,Kazakhstan
UO4L,53.12,63.38,130,KAZ,Kazakhstan
UO4M,51.23,51.37,130,KAZ,Kazakhstan
UO4N,42.32,69.58,130,KAZ,Kazakhstan
UO4O,47.12,51.88,130,KAZ,Kazakhstan
UO4P,49.83,73.17,130,KAZ,Kazakhstan
UO4S,45.0,64.0,130,KAZ,Kazakhstan
UO4T,42.9,71.37,130,KAZ,Kazakhstan
UO4Z,51.17,71.43,130,KAZ,Kazakhstan
UO5A,43.87,52.0,130,KAZ,Kazakhstan
UO5B,53.28,69.38,130,KAZ,Kazakhstan
UO5C,54.88,69.17,130,KAZ,Kazakhstan
UO5F,52.3,76.95,130,KAZ,Kazakhstan
UO5G,43.27,76.88,130,KAZ,Kazakhstan
UO5I,50.28,57.17,130,KAZ,Kazakhstan
UO5J,49.98,82.62,130,KAZ,Kazakhstan
UO5K,44.85,65.52,130,KAZ,Kazakhstan
UO5L,53.12,63.38,130,KAZ,Kazakhstan
UO5M,51.23,51.37,130,KAZ,Kazakhstan
UO5N,42.32,69.58,130,KAZ,Kazakhstan
UO5O,47.12,51.88,130,KAZ,Kazakhstan
UO5P,49.83,73.17,130,KAZ,Kazakhstan
UO5S,45.0,64.0,130,KAZ,Kazakhstan
UO5T,42.9,71.37,130,KAZ,Kazakhstan
UO5Z,51.17,71.43,130,KAZ,Kazakhstan
UO6A,43.87,52.0,130,KAZ,Kazakhstan
UO6B,53.28,69.38,130,KAZ,Kazakhstan
UO6C,54.88,69.17,130,KAZ,Kazakhstan
UO6F,52.3,76.95,130,KAZ,Kazakhstan
UO6G,43.27,76.88,130,KAZ,Kazakhstan
UO6I,50.28,57.17,130,KAZ,Kazakhstan
UO6J,49.98,82.62,130,KAZ,Kazakhstan
UO6K,44.85,65.52,130,KAZ,Kazakhstan
UO6L,53.12,63.38,130,KAZ,Kazakhstan
UO6M,51.23,51.37,130,KAZ,Kazakhstan
UO6N,42.32,69.58,130,KAZ,Kazakhstan
UO6O,47.12,51.88,130,KAZ,Kazakhstan
UO6P,49.83,73.17,130,KAZ,Kazakhstan
UO6S,45.0,64.0,130,KAZ,Kazakhstan
UO6T,42.9,71.37,130,KAZ,Kazakhstan
UO6Z,51.17,71.43,130,KAZ,Kazakhstan
UO7A,43.87,52.0,130,KAZ,Kazakhstan
UO7B,53.28,69.38,130,KAZ,Kazakhstan
UO7C,54.88,69.17,130,KAZ,Kazakhstan
UO7F,52.3,76.95,130,KAZ,Kazakhstan
UO7G,43.27,76.88,130,KAZ,Kazakhstan
UO7I,50.28,57.17,130,KAZ,Kazakhstan
UO7J,49.98,82.62,130,KAZ,Kazakhstan
UO7K,44.85,65.52,130,KAZ,Kazakhstan
UO7L,53.12,63.38,130,KAZ,Kazakhstan
UO7M,51.23,51.37,130,KAZ,Kazakhstan
UO7N,42.32,69.58,130,KAZ,Kazakhstan
UO7O,47.12,51.88,130,KAZ,Kazakhstan
UO7P,49.83,73.17,130,KAZ,Kazakhstan
UO7S,45.0,64.0,130,KAZ,Kazakhstan
UO7T,42.9,71.37,130,KAZ,Kazakhstan
UO7Z,51.17,71.43,130,KAZ,Kazakhstan
UO8A,43.87,52.0,130,KAZ,Kazakhstan
UO8B,53.28,69.38,130,KAZ,Kazakhstan
UO8C,54.88,69.17,130,KAZ,Kazakhstan
UO8F,52.3,76.95,130,KAZ,Kazakhstan
UO8G,43.27,76.88,130,KAZ,Kazakhstan
UO8I,50.28,57.17,130,KAZ,Kazakhstan
UO8J,49.98,82.62,130,KAZ,Kazakhstan
UO8K,44.85,65.52,130,KAZ,Kazakhstan
UO8L,53.12,63.38,130,KAZ,Kazakhstan
UO8M,51.23,51.37,130,KAZ,Kazakhstan
UO8N,42.32,69.58,130,KAZ,Kazakhstan
UO8O,47.12,51.88,130,KAZ,Kazakhstan
UO8P,49.83,73.17,130,KAZ,Kazakhstan
UO8S,45.0,64.0,130,KAZ,Kazakhstan
UO8T,42.9,71.37,130,KAZ,Kazakhstan
UO8Z,51.17,71.43,130,KAZ,Kazakhstan
UO9A,43.87,52.0,130,KAZ,Kazakhstan
UO9B,53.28,69.38,130,KAZ,Kazakhstan
UO9C,54.88,69.17,130,KAZ,Kazakhstan
UO9F,52.3,76.95,130,KAZ,Kazakhstan
UO9G,43.27,76.88,130,KAZ,Kazakhstan
UO9I,50.28,57.17,130,KAZ,Kazakhstan
UO9J,49.98,82.62,130,KAZ,Kazakhstan
UO9K,44.85,65.52,130,KAZ,Kazakhstan
UO9L,53.12,63.38,130,KAZ,Kazakhstan
UO9M,51.23,51.37,130,KAZ,Kazakhstan
UO9N,42.32,69.58,130,KAZ,Kazakhstan
UO9O,47.12,51.88,130,KAZ,Kazakhstan
UO9P,49.83,73.17,130,KAZ,Kazakhstan
UO9S,45.0,64.0,130,KAZ,Kazakhstan
UO9T,42.9,71.37,130,KAZ,Kazakhstan
UO9Z,51.17,71.43,130,KAZ,Kazakhstan
UP,48.17,65.18,130,KAZ,Kazakhstan
UP0A,43.87,52.0,130,KAZ,Kazakhstan
UP0B,53.28,69.38,130,KAZ,Kazakhstan
UP0C,54.88,69.17,130,KAZ,Kazakhstan
UP0F,52.3,76.95,130,KAZ,Kazakhstan
UP0G,43.27,76.88,130,KAZ,Kazakhstan
UP0I,50.28,57.17,130,KAZ,Kazakhstan
UP0J,49.98,82.62,130,KAZ,Kazakhstan
UP0K,44.85,65.52,130,KAZ,Kazakhstan
UP0L,53.12,63.38,130,KAZ,Kazakhstan
UP0M,51.23,51.37,130,KAZ,Kazakhstan
UP0N,42.32,69.58,130,KAZ,Kazakhstan
UP0O,47.12,51.88,130,KAZ,Kazakhstan
UP0P,49.83,73.17,130,KAZ,Kazakhstan
UP0S,45.0,64.0,130,KAZ,Kazakhstan
UP0T,42.9,71.37,130,KAZ,Kazakhstan
UP0Z,51.17,71.43,130,KAZ,Kazakhstan
UP1A,43.87,52.0,130,KAZ,Kazakhstan
UP1B,53.28,69.38,130,KAZ,Kazakhstan
UP1C,54.88,69.17,130,KAZ,Kazakhstan
UP1F,52.3,76.95,130,KAZ,Kazakhstan
UP1G,43.27,76.88,130,KAZ,Kazakhstan
UP1I,50.28,57.17,130,KAZ,Kazakhstan
UP1J,49.98,82.62,130,KAZ,Kazakhstan
UP1K,44.85,65.52,130,KAZ,Kazakhstan
UP1L,53.12,63.38,130,KAZ,Kazakhstan
UP1M,51.23,51.37,130,KAZ,Kazakhstan
UP1N,42.32,69.58,130,KAZ,Kazakhstan
UP1O,47.12,51.88,130,KAZ,Kazakhstan
UP1P,49.83,73.17,130,KAZ,Kazakhstan
UP1S,45.0,64.0,130,KAZ,Kazakhstan
UP1T,42.9,71.37,130,KAZ,Kazakhstan
UP1Z,51.17,71.43,130,KAZ,Kazakhstan
UP2A,43.87,52.0,130,KAZ,Kazakhstan
UP2B,53.28,69.38,130,KAZ,Kazakhstan
UP2C,54.88,69.17,130,KAZ,Kazakhstan
UP2F,52.3,76.95,130,KAZ,Kazakhstan
UP2G,43.27,76.88,130,KAZ,Kazakhstan
UP2I,50.28,57.17,130,KAZ,Kazakhstan
UP2J,49.98,82.62,130,KAZ,Kazakhstan
UP2K,44.85,65.52,130,KAZ,Kazakhstan
UP2L,53.12,63.38,130,KAZ,Kazakhstan
UP2M,51.23,51.37,130,KAZ,Kazakhstan
UP2N,42.32,69.58,130,KAZ,Kazakhstan
UP2O,47.12,51.88,130,KAZ,Kazakhstan
UP2P,49.83,73.17,130,KAZ,Kazakhstan
UP2S,45.0,64.0,130,KAZ,Kazakhstan
UP2T,42.9,71.37,130,KAZ,Kazakhstan
UP2Z,51.17,71.43,130,KAZ,Kazakhstan
UP3A,43.87,52.0,130,KAZ,Kazakhstan
UP3B,53.28,69.38,130,KAZ,Kazakhstan
UP3C,54.88,69.17,130,KAZ,Kazakhstan
UP3F,52.3,76.95,130,KAZ,Kazakhstan
UP3G,43.27,76.88,130,KAZ,Kazakhstan
UP3I,50.28,57.17,130,KAZ,Kazakhstan
UP3J,49.98,82.62,130,KAZ,Kazakhstan
UP3K,44.85,65.52,130,KAZ,Kazakhstan
UP3L,53.12,63.38,130,KAZ,Kazakhstan
UP3M,51.23,51.37,130,KAZ,Kazakhstan
UP3N,42.32,69.58,130,KAZ,Kazakhstan
UP3O,47.12,51.88,130,KAZ,Kazakhstan
UP3P,49.83,73.17,130,KAZ,Kazakhstan
UP3S,45.0,64.0,130,KAZ,Kazakhstan
UP3T,42.9,71.37,130,KAZ,Kazakhstan
UP3Z,51.17,71.43,130,KAZ,Kazakhstan
UP4A,43.87,52.0,130,KAZ,Kazakhstan
UP4B,53.28,69.38,130,KAZ,Kazakhstan
UP4C,54.88,69.17,130,KAZ,Kazakhstan
UP4F,52.3,76.95,130,KAZ,Kazakhstan
UP4G,43.27,76.88,130,KAZ,Kazakhstan
UP4I,50.28,57.17,130,KAZ,Kazakhstan
UP4J,49.98,82.62,130,KAZ,Kazakhstan
UP4K,44.85,65.52,130,KAZ,Kazakhstan
UP4L,53.12,63.38,130,KAZ,Kazakhstan
UP4M,51.23,51.37,130,KAZ,Kazakhstan
UP4N,42.32,69.58,130,KAZ,Kazakhstan
UP4O,47.12,51.88,130,KAZ,Kazakhstan
UP4P,49.83,73.17,130,KAZ,Kazakhstan
UP4S,45.0,64.0,130,KAZ,Kazakhstan
UP4T,42.9,71.37,130,KAZ,Kazakhstan
UP4Z,51.17,71.43,130,KAZ,Kazakhstan
UP5A,43.87,52.0,130,KAZ,Kazakhstan
UP5B,53.28,69.38,130,KAZ,Kazakhstan
UP5C,54.88,69.17,130,KAZ,Kazakhstan
UP5F,52.3,76.95,130,KAZ,Kazakhstan
UP5G,43.27,76.88,130,KAZ,Kazakhstan
UP5I,50.28,57.17,130,KAZ,Kazakhstan
UP5J,49.98,82.62,130,KAZ,Kazakhstan
UP5K,44.85,65.52,130,KAZ,Kazakhstan
UP5L,53.12,63.38,130,KAZ,Kazakhstan
UP5M,51.23,51.37,130,KAZ,Kazakhstan
UP5N,42.32,69.58,130,KAZ,Kazakhstan
UP5O,47.12,51.88,130,KAZ,Kazakhstan
UP5P,49.83,73.17,130,KAZ,Kazakhstan
UP5S,45.0,64.0,130,KAZ,Kazakhstan
UP5T,42.9,71.37,130,KAZ,Kazakhstan
UP5Z,51.17,71.43,130,KAZ,Kazakhstan
UP6A,43.87,52.0,130,KAZ,Kazakhstan
UP6B,53.28,69.38,130,KAZ,Kazakhstan
UP6C,54.88,69.17,130,KAZ,Kazakhstan
UP6F,52.3,76.95,130,KAZ,Kazakhstan
UP6G,43.27,76.88,130,KAZ,Kazakhstan
UP6I,50.28,57.17,130,KAZ,Kazakhstan
UP6J,49.98,82.62,130,KAZ,Kazakhstan
UP6K,44.85,65.52,130,KAZ,Kazakhstan
UP6L,53.12,63.38,130,KAZ,Kazakhstan
UP6M,51.23,51.37,130,KAZ,Kazakhstan
UP6N,42.32,69.58,130,KAZ,Kazakhstan
UP6O,47.12,51.88,130,KAZ,Kazakhstan
UP6P,49.83,73.17,130,KAZ,Kazakhstan
UP6S,45.0,64.0,130,KAZ,Kazakhstan
UP6T,42.9,71.37,130,KAZ,Kazakhstan
UP6Z,51.17,71.43,130,KAZ,Kazakhstan
UP7A,43.87,52.0,130,KAZ,Kazakhstan
UP7B,53.28,69.38,130,KAZ,Kazakhstan
UP7C,54.88,69.17,130,KAZ,Kazakhstan
UP7F,52.3,76.95,130,KAZ,Kazakhstan
UP7G,43.27,76.88,130,KAZ,Kazakhstan
UP7I,50.28,57.17,130,KAZ,Kazakhstan
UP7J,49.98,82.62,130,KAZ,Kazakhstan
UP7K,44.85,65.52,130,KAZ,Kazakhstan
UP7L,53.12,63.38,130,KAZ,Kazakhstan
UP7M,51.23,51.37,130,KAZ,Kazakhstan
UP7N,42.32,69.58,130,KAZ,Kazakhstan
UP7O,47.12,51.88,130,KAZ,Kazakhstan
UP7P,49.83,73.17,130,KAZ,Kazakhstan
UP7S,45.0,64.0,130,KAZ,Kazakhstan
UP7T,42.9,71.37,130,KAZ,Kazakhstan
UP7Z,51.17,71.43,130,KAZ,Kazakhstan
UP8A,43.87,52.0,130,KAZ,Kazakhstan
UP8B,53.28,69.38,130,KAZ,Kazakhstan
UP8C,54.88,69.17,130,KAZ,Kazakhstan
UP8F,52.3,76.95,130,KAZ,Kazakhstan
UP8G,43.27,76.88,130,KAZ,Kazakhstan
UP8I,50.28,57.17,130,KAZ,Kazakhstan
UP8J,49.98,82.62,130,KAZ,Kazakhstan
UP8K,44.85,65.52,130,KAZ,Kazakhstan
UP8L,53.12,63.38,130,KAZ,Kazakhstan
UP8M,51.23,51.37,130,KAZ,Kazakhstan
UP8N,42.32,69.58,130,KAZ,Kazakhstan
UP8O,47.12,51.88,130,KAZ,Kazakhstan
UP8P,49.83,73.17,130,KAZ,Kazakhstan
UP8S,45.0,64.0,130,KAZ,Kazakhstan
UP8T,42.9,71.37,130,KAZ,Kazakhstan
UP8Z,51.17,71.43,130,KAZ,Kazakhstan
UP9A,43.87,52.0,130,KAZ,Kazakhstan
UP9B,53.28,69.38,130,KAZ,Kazakhstan
UP9C,54.88,69.17,130,KAZ,Kazakhstan
UP9F,52.3,76.95,130,KAZ,Kazakhstan
UP9G,43.27,76.88,130,KAZ,Kazakhstan
UP9I,50.28,57.17,130,KAZ,Kazakhstan
UP9J,49.98,82.62,130,KAZ,Kazakhstan
UP9K,44.85,65.52,130,KAZ,Kazakhstan
UP9L,53.12,63.38,130,KAZ,Kazakhstan
UP9M,51.23,51.37,130,KAZ,Kazakhstan
UP9N,42.32,69.58,130,KAZ,Kazakhstan
UP9O,47.12,51.88,130,KAZ,Kazakhstan
UP9P,49.83,73.17,130,KAZ,Kazakhstan
UP9S,45.0,64.0,130,KAZ,Kazakhstan
UP9T,42.9,71.37,130,KAZ,Kazakhstan
UP9Z,51.17,71.43,130,KAZ,Kazakhstan
UQ,48.17,65.18,130,KAZ,Kazakhstan
UQ0A,43.87,52.0,130,KAZ,Kazakhstan
UQ0B,53.28,69.38,130,KAZ,Kazakhstan
UQ0C,54.88,69.17,130,KAZ,Kazakhstan
UQ0F,52.3,76.95,130,KAZ,Kazakhstan
UQ0G,43.27,76.88,130,KAZ,Kazakhstan
UQ0I,50.28,57.17,130,KAZ,Kazakhstan
UQ0J,49.98,82.62,130,KAZ,Kazakhstan
UQ0K,44.85,65.52,130,KAZ,Kazakhstan
UQ0L,53.12,63.38,130,KAZ,Kazakhstan
UQ0M,51.23,51.37,130,KAZ,Kazakhstan
UQ0N,42.32,69.58,130,KAZ,Kazakhstan
UQ0O,47.12,51.88,130,KAZ,Kazakhstan
UQ0P,49.83,73.17,130,KAZ,Kazakhstan
UQ0S,45.0,64.0,130,KAZ,Kazakhstan
UQ0T,42.9,71.37,130,KAZ,Kazakhstan
UQ0Z,51.17,71.43,130,KAZ,Kazakhstan
UQ1A,43.87,52.0,130,KAZ,Kazakhstan
UQ1B,53.28,69.38,130,KAZ,Kazakhstan
UQ1C,54.88,69.17,130,KAZ,Kazakhstan
UQ1F,52.3,76.95,130,KAZ,Kazakhstan
UQ1G,43.27,76.88,130,KAZ,Kazakhstan
UQ1I,50.28,57.17,130,KAZ,Kazakhstan
UQ1J,49.98,82.62,130,KAZ,Kazakhstan
UQ1K,44.85,65.52,130,KAZ,Kazakhstan
UQ1L,53.12,63.38,130,KAZ,Kazakhstan
UQ1M,51.23,51.37,130,KAZ,Kazakhstan
UQ1N,42.32,69.58,130,KAZ,Kazakhstan
UQ1O,47.12,51.88,130,KAZ,Kazakhstan
UQ1P,49.83,73.17,130,KAZ,Kazakhstan
UQ1S,45.0,64.0,130,KAZ,Kazakhstan
UQ1T,42.9,71.37,130,KAZ,Kazakhstan
UQ1Z,51.17,71.43,130,KAZ,Kazakhstan
UQ2A,43.87,52.0,130,KAZ,Kazakhstan
UQ2B,53.28,69.38,130,KAZ,Kazakhstan
UQ2C,54.88,69.17,130,KAZ,Kazakhstan
UQ2F,52.3,76.95,130,KAZ,Kazakhstan
UQ2G,43.27,76.88,130,KAZ,Kazakhstan
UQ2I,50.28,57.17,130,KAZ,Kazakhstan
UQ2J,49.98,82.62,130,KAZ,Kazakhstan
UQ2K,44.85,65.52,130,KAZ,Kazakhstan
UQ2L,53.12,63.38,130,KAZ,Kazakhstan
UQ2M,51.23,51.37,130,KAZ,Kazakhstan
UQ2N,42.32,69.58,130,KAZ,Kazakhstan
UQ2O,47.12,51.88,130,KAZ,Kazakhstan
UQ2P,49.83,73.17,130,KAZ,Kazakhstan
UQ2S,45.0,64.0,130,KAZ,Kazakhstan
UQ2T,42.9,71.37,130,KAZ,Kazakhstan
UQ2Z,51.17,71.43,130,KAZ,Kazakhstan
UQ3A,43.87,52.0,130,KAZ,Kazakhstan
UQ3B,53.28,69.38,130,KAZ,Kazakhstan
UQ3C,54.88,69.17,130,KAZ,Kazakhstan
UQ3F,52.3,76.95,130,KAZ,Kazakhstan
UQ3G,43.27,76.88,130,KAZ,Kazakhstan
UQ3I,50.28,57.17,130,KAZ,Kazakhstan
UQ3J,49.98,82.62,130,KAZ,Kazakhstan
UQ3K,44.85,65.52,130,KAZ,Kazakhstan
UQ3L,53.12,63.38,130,KAZ,Kazakhstan
UQ3M,51.23,51.37,130,KAZ,Kazakhstan
UQ3N,42.32,69.58,130,KAZ,Kazakhstan
UQ3O,47.12,51.88,130,KAZ,Kazakhstan
UQ3P,49.83,73.17,130,KAZ,Kazakhstan
UQ3S,45.0,64.0,130,KAZ,Kazakhstan
UQ3T,42.9,71.37,130,KAZ,Kazakhstan
UQ3Z,51.17,71.43,130,KAZ,Kazakhstan
UQ4A,43.87,52.0,130,KAZ,Kazakhstan
UQ4B,53.28,69.38,130,KAZ,Kazakhstan
UQ4C,54.88,69.17,130,KAZ,Kazakhstan
UQ4F,52.3,76.95,130,KAZ,Kazakhstan
UQ4G,43.27,76.88,130,KAZ,Kazakhstan
UQ4I,50.28,57.17,130,KAZ,Kazakhstan
UQ4J,49.98,82.62,130,KAZ,Kazakhstan
UQ4K,44.85,65.52,130,KAZ,Kazakhstan
UQ4L,53.12,63.38,130,KAZ,Kazakhstan
UQ4M,51.23,51.37,130,KAZ,Kazakhstan
UQ4N,42.32,69.58,130,KAZ,Kazakhstan
UQ4O,47.12,51.88,130,KAZ,Kazakhstan
UQ4P,49.83,73.17,130,KAZ,Kazakhstan
UQ4S,45.0,64.0,130,KAZ,Kazakhstan
UQ4T,42.9,71.37,130,KAZ,Kazakhstan
UQ4Z,51.17,71.43,130,KAZ,Kazakhstan
UQ5A,43.87,52.0,130,KAZ,Kazakhstan
UQ5B,53.28,69.38,130,KAZ,Kazakhstan
UQ5C,54.88,69.17,130,KAZ,Kazakhstan
UQ5F,52.3,76.95,130,KAZ,Kazakhstan
UQ5G,43.27,76.88,130,KAZ,Kazakhstan
UQ5I,50.28,57.17,130,KAZ,Kazakhstan
UQ5J,49.98,82.62,130,KAZ,Kazakhstan
UQ5K,44.85,65.52,130,KAZ,Kazakhstan
UQ5L,53.12,63.38,130,KAZ,Kazakhstan
UQ5M,51.23,51.37,130,KAZ,Kazakhstan
UQ5N,42.32,69.58,130,KAZ,Kazakhstan
UQ5O,47.12,51.88,130,KAZ,Kazakhstan
UQ5P,49.83,73.17,130,KAZ,Kazakhstan
UQ5S,45.0,64.0,130,KAZ,Kazakhstan
UQ5T,42.9,71.37,130,KAZ,Kazakhstan
UQ5Z,51.17,71.43,130,KAZ,Kazakhstan
UQ6A,43.87,52.0,130,KAZ,Kazakhstan
UQ6B,53.28,69.38,130,KAZ,Kazakhstan
UQ6C,54.88,69.17,130,KAZ,Kazakhstan
UQ6F,52.3,76.95,130,KAZ,Kazakhstan
UQ6G,43.27,76.88,130,KAZ,Kazakhstan
UQ6I,50.28,57.17,130,KAZ,Kazakhstan
UQ6J,49.98,82.62,130,KAZ,Kazakhstan
UQ6K,44.85,65.52,130,KAZ,Kazakhstan
UQ6L,53.12,63.38,130,KAZ,Kazakhstan
UQ6M,51.23,51.37,130,KAZ,Kazakhstan
UQ6N,42.32,69.58,130,KAZ,Kazakhstan
UQ6O,47.12,51.88,130,KAZ,Kazakhstan
UQ6P,49.83,73.17,130,KAZ,Kazakhstan
UQ6S,45.0,64.0,130,KAZ,Kazakhstan
UQ6T,42.9,71.37,130,KAZ,Kazakhstan
UQ6Z,51.17,71.43,130,KAZ,Kazakhstan
UQ7A,43.87,52.0,130,KAZ,Kazakhstan
UQ7B,53.28,69.38,130,KAZ,Kazakhstan
UQ7C,54.88,69.17,130,KAZ,Kazakhstan
UQ7F,52.3,76.95,130,KAZ,Kazakhstan
UQ7G,43.27,76.88,130,KAZ,Kazakhstan
UQ7I,50.28,57.17,130,KAZ,Kazakhstan
UQ7J,49.98,82.62,130,KAZ,Kazakhstan
UQ7K,44.85,65.52,130,KAZ,Kazakhstan
UQ7L,53.12,63.38,130,KAZ,Kazakhstan
UQ7M,51.23,51.37,130,KAZ,Kazakhstan
UQ7N,42.32,69.58,130,KAZ,Kazakhstan
UQ7O,47.12,51.88,130,KAZ,Kazakhstan
UQ7P,49.83,73.17,130,KAZ,Kazakhstan
UQ7S,45.0,64.0,130,KAZ,Kazakhstan
UQ7T,42.9,71.37,130,KAZ,Kazakhstan
UQ7Z,51.17,71.43,130,KAZ,Kazakhstan
UQ8A,43.87,52.0,130,KAZ,Kazakhstan
UQ8B,53.28,69.38,130,KAZ,Kazakhstan
UQ8C,54.88,69.17,130,KAZ,Kazakhstan
UQ8F,52.3,76.95,130,KAZ,Kazakhstan
UQ8G,43.27,76.88,130,KAZ,Kazakhstan
UQ8I,50.28,57.17,130,KAZ,Kazakhstan
UQ8J,49.98,82.62,130,KAZ,Kazakhstan
UQ8K,44.85,65.52,130,KAZ,Kazakhstan
UQ8L,53.12,63.38,130,KAZ,Kazakhstan
UQ8M,51.23,51.37,130,KAZ,Kazakhstan
UQ8N,42.32,69.58,130,KAZ,Kazakhstan
UQ8O,47.12,51.88,130,KAZ,Kazakhstan
UQ8P,49.83,73.17,130,KAZ,Kazakhstan
UQ8S,45.0,64.0,130,KAZ,Kazakhstan
UQ8T,42.9,71.37,130,KAZ,Kazakhstan
UQ8Z,51.17,71.43,130,KAZ,Kazakhstan
UQ9A,43.87,52.0,130,KAZ,Kazakhstan
UQ9B,53.28,69.38,130,KAZ,Kazakhstan
UQ9C,54.88,69.17,130,KAZ,Kazakhstan
UQ9F,52.3,76.95,130,KAZ,Kazakhstan
UQ9G,43.27,76.88,130,KAZ,Kazakhstan
UQ9I,50.28,57.17,130,KAZ,Kazakhstan
UQ9J,49.98,82.62,130,KAZ,Kazakhstan
UQ9K,44.85,65.52,130,KAZ,Kazakhstan
UQ9L,53.12,63.38,130,KAZ,Kazakhstan
UQ9M,51.23,51.37,130,KAZ,Kazakhstan
UQ9N,42.32,69.58,130,KAZ,Kazakhstan
UQ9O,47.12,51.88,130,KAZ,Kazakhstan
UQ9P,49.83,73.17,130,KAZ,Kazakhstan
UQ9S,45.0,64.0,130,KAZ,Kazakhstan
UQ9T,42.9,71.37,130,KAZ,Kazakhstan
UQ9Z,51.17,71.43,130,KAZ,Kazakhstan
UR,50.0,30.0,288,UKR,Ukraine
UR0A,51.42,33.55,288,UKR,Ukraine
UR0B,49.58,25.65,288,UKR,Ukraine
UR0C,49.45,32.07,288,UKR,Ukraine
UR0D,47.83,35.17,288,UKR,Ukraine
UR0E,48.48,35.0,288,UKR,Ukraine
UR0F,46.5,30.75,288,UKR,Ukraine
UR0G,46.65,32.63,288,UKR,Ukraine
UR0H,49.58,34.58,288,UKR,Ukraine
UR0I,48.0,37.83,288,UKR,Ukraine
UR0K,50.65,26.17,288,UKR,Ukraine
UR0L,50.37,36.25,288,UKR,Ukraine
UR0M,48.58,39.33,288,UKR,Ukraine
UR0N,49.18,28.5,288,UKR,Ukraine
UR0P,50.65,24.15,288,UKR,Ukraine
UR0R,51.5,31.3,288,UKR,Ukraine
UR0S,48.67,26.6,288,UKR,Ukraine
UR0T,49.42,26.98,288,UKR,Ukraine
UR0U,50.42,30.5,288,UKR,Ukraine
UR0V,48.52,32.25,288,UKR,Ukraine
UR0W,49.83,24.0,288,UKR,Ukraine
UR0X,50.3,28.67,288,UKR,Ukraine
UR0Y,48.32,25.87,288,UKR,Ukraine
UR0Z,46.95,32.0,288,UKR,Ukraine
UR1A,51.42,33.55,288,UKR,Ukraine
UR1B,49.58,25.65,288,UKR,Ukraine
UR1C,49.45,32.07,288,UKR,Ukraine
UR1D,47.83,35.17,288,UKR,Ukraine
UR1E,48.48,35.0,288,UKR,Ukraine
UR1F,46.5,30.75,288,UKR,Ukraine
UR1G,46.65,32.63,288,UKR,Ukraine
UR1H,49.58,34.58,288,UKR,Ukraine
UR1I,48.0,37.83,288,UKR,Ukraine
UR1K,50.65,26.17,288,UKR,Ukraine
UR1L,50.37,36.25,288,UKR,Ukraine
UR1M,48.58,39.33,288,UKR,Ukraine
UR1N,49.18,28.5,288,UKR,Ukraine
UR1P,50.65,24.15,288,UKR,Ukraine
UR1R,51.5,31.3,288,UKR,Ukraine
UR1S,48.67,26.6,288,UKR,Ukraine
UR1T,49.42,26.98,288,UKR,Ukraine
UR1U,50.42,30.5,288,UKR,Ukraine
UR1V,48.52,32.25,288,UKR,Ukraine
UR1W,49.83,24.0,288,UKR,Ukraine
UR1X,50.3,28.67,288,UKR,Ukraine
UR1Y,48.32,25.87,288,UKR,Ukraine
UR1Z,46.95,32.0,288,UKR,Ukraine
UR2A,51.42,33.55,288,UKR,Ukraine
UR2B,49.58,25.65,288,UKR,Ukraine
UR2C,49.45,32.07,288,UKR,Ukraine
UR2D,47.83,35.17,288,UKR,Ukraine
UR2E,48.48,35.0,288,UKR,Ukraine
UR2F,46.5,30.75,288,UKR,Ukraine
UR2G,46.65,32.63,288,UKR,Ukraine
UR2H,49.58,34.58,288,UKR,Ukraine
UR2I,48.0,37.83,288,UKR,Ukraine
UR2K,50.65,26.17,288,UKR,Ukraine
UR2L,50.37,36.25,288,UKR,Ukraine
UR2M,48.58,39.33,288,UKR,Ukraine
UR2N,49.18,28.5,288,UKR,Ukraine
UR2P,50.65,24.15,288,UKR,Ukraine
UR2R,51.5,31.3,288,UKR,Ukraine
UR2S,48.67,26.6,288,UKR,Ukraine
UR2T,49.42,26.98,288,UKR,Ukraine
UR2U,50.42,30.5,288,UKR,Ukraine
UR2V,48.52,32.25,288,UKR,Ukraine
UR2W,49.83,24.0,288,UKR,Ukraine
UR2X,50.3,28.67,288,UKR,Ukraine
UR2Y,48.32,25.87,288,UKR,Ukraine
UR2Z,46.95,32.0,288,UKR,Ukraine
UR3A,51.42,33.55,288,UKR,Ukraine
UR3B,49.58,25.65,288,UKR,Ukraine
UR3C,49.45,32.07,288,UKR,Ukraine
UR3D,47.83,35.17,288,UKR,Ukraine
UR3E,48.48,35.0,288,UKR,Ukraine
UR3F,46.5,30.75,288,UKR,Ukraine
UR3G,46.65,32.63,288,UKR,Ukraine
UR3H,49.58,34.58,288,UKR,Ukraine
UR3I,48.0,37.83,288,UKR,Ukraine
UR3K,50.65,26.17,288,UKR,Ukraine
UR3L,50.37,36.25,288,UKR,Ukraine
UR3M,48.58,39.33,288,UKR,Ukraine
UR3N,49.18,28.5,288,UKR,Ukraine
UR3P,50.65,24.15,288,UKR,Ukraine
UR3R,51.5,31.3,288,UKR,Ukraine
UR3S,48.67,26.6,288,UKR,Ukraine
UR3T,49.42,26.98,288,UKR,Ukraine
UR3U,50.42,30.5,288,UKR,Ukraine
UR3V,48.52,32.25,288,UKR,Ukraine
UR3W,49.83,24.0,288,UKR,Ukraine
UR3X,50.3,28.67,288,UKR,Ukraine
UR3Y,48.32,25.87,288,UKR,Ukraine
UR3Z,46.95,32.0,288,UKR,Ukraine
UR4A,51.42,33.55,288,UKR,Ukraine
UR4B,49.58,25.65,288,UKR,Ukraine
UR4C,49.45,32.07,288,UKR,Ukraine
UR4D,47.83,35.17,288,UKR,Ukraine
UR4E,48.48,35.0,288,UKR,Ukraine
UR4F,46.5,30.75,288,UKR,Ukraine
UR4G,46.65,32.63,288,UKR,Ukraine
UR4H,49.58,34.58,288,UKR,Ukraine
UR4I,48.0,37.83,288,UKR,Ukraine
UR4K,50.65,26.17,288,UKR,Ukraine
UR4L,50.37,36.25,288,UKR,Ukraine
UR4M,48.58,39.33,288,UKR,Ukraine
UR4N,49.18,28.5,288,UKR,Ukraine
UR4P,50.65,24.15,288,UKR,Ukraine
UR4R,51.5,31.3,288,UKR,Ukraine
UR4S,48.67,26.6,288,UKR,Ukraine
UR4T,49.42,26.98,288,UKR,Ukraine
UR4U,50.42,30.5,288,UKR,Ukraine
UR4V,48.52,32.25,288,UKR,Ukraine
UR4W,49.83,24.0,288,UKR,Ukraine
UR4X,50.3,28.67,288,UKR,Ukraine
UR4Y,48.32,25.87,288,UKR,Ukraine
UR4Z,46.95,32.0,288,UKR,Ukraine
UR5A,51.42,33.55,288,UKR,Ukraine
UR5B,49.58,25.65,288,UKR,Ukraine
UR5C,49.45,32.07,288,UKR,Ukraine
UR5D,47.83,35.17,288,UKR,Ukraine
UR5E,48.48,35.0,288,UKR,Ukraine
UR5F,46.5,30.75,288,UKR,Ukraine
UR5G,46.65,32.63,288,UKR,Ukraine
UR5H,49.58,34.58,288,UKR,Ukraine
UR5I,48.0,37.83,288,UKR,Ukraine
UR5K,50.65,26.17,288,UKR,Ukraine
UR5L,50.37,36.25,288,UKR,Ukraine
UR5M,48.58,39.33,288,UKR,Ukraine
UR5N,49.18,28.5,288,UKR,Ukraine
UR5P,50.65,24.15,288,UKR,Ukraine
UR5R,51.5,31.3,288,UKR,Ukraine
UR5S,48.67,26.6,288,UKR,Ukraine
UR5T,49.42,26.98,288,UKR,Ukraine
UR5U,50.42,30.5,288,UKR,Ukraine
UR5V,48.52,32.25,288,UKR,Ukraine
UR5W,49.83,24.0,288,UKR,Ukraine
UR5X,50.3,28.67,288,UKR,Ukraine
UR5Y,48.32,25.87,288,UKR,Ukraine
UR5Z,46.95,32.0,288,UKR,Ukraine
UR6A,51.42,33.55,288,UKR,Ukraine
UR6B,49.58,25.65,288,UKR,Ukraine
UR6C,49.45,32.07,288,UKR,Ukraine
UR6D,47.83,35.17,288,UKR,Ukraine
UR6E,48.48,35.0,288,UKR,Ukraine
UR6F,46.5,30.75,288,UKR,Ukraine
UR6G,46.65,32.63,288,UKR,Ukraine
UR6H,49.58,34.58,288,UKR,Ukraine
UR6I,48.0,37.83,288,UKR,Ukraine
UR6K,50.65,26.17,288,UKR,Ukraine
UR6L,50.37,36.25,288,UKR,Ukraine
UR6M,48.58,39.33,288,UKR,Ukraine
UR6N,49.18,28.5,288,UKR,Ukraine
UR6P,50.65,24.15,288,UKR,Ukraine
UR6R,51.5,31.3,288,UKR,Ukraine
UR6S,48.67,26.6,288,UKR,Ukraine
UR6T,49.42,26.98,288,UKR,Ukraine
UR6U,50.42,30.5,288,UKR,Ukraine
UR6V,48.52,32.25,288,UKR,Ukraine
UR6W,49.83,24.0,288,UKR,Ukraine
UR6X,50.3,28.67,288,UKR,Ukraine
UR6Y,48.32,25.87,288,UKR,Ukraine
UR6Z,46.95,32.0,288,UKR,Ukraine
UR7A,51.42,33.55,288,UKR,Ukraine
UR7B,49.58,25.65,288,UKR,Ukraine
UR7C,49.45,32.07,288,UKR,Ukraine
UR7D,47.83,35.17,288,UKR,Ukraine
UR7E,48.48,35.0,288,UKR,Ukraine
UR7F,46.5,30.75,288,UKR,Ukraine
UR7G,46.65,32.63,288,UKR,Ukraine
UR7H,49.58,34.58,288,UKR,Ukraine
UR7I,48.0,37.83,288,UKR,Ukraine
UR7K,50.65,26.17,288,UKR,Ukraine
UR7L,50.37,36.25,288,UKR,Ukraine
UR7M,48.58,39.33,288,UKR,Ukraine
UR7N,49.18,28.5,288,UKR,Ukraine
UR7P,50.65,24.15,288,UKR,Ukraine
UR7R,51.5,31.3,288,UKR,Ukraine
UR7S,48.67,26.6,288,UKR,Ukraine
UR7T,49.42,26.98,288,UKR,Ukraine
UR7U,50.42,30.5,288,UKR,Ukraine
UR7V,48.52,32.25,288,UKR,Ukraine
UR7W,49.83,24.0,288,UKR,Ukraine
UR7X,50.3,28.67,288,UKR,Ukraine
UR7Y,48.32,25.87,288,UKR,Ukraine
UR7Z,46.95,32.0,288,UKR,Ukraine
UR8A,51.42,33.55,288,UKR,Ukraine
UR8B,49.58,25.65,288,UKR,Ukraine
UR8C,49.45,32.07,288,UKR,Ukraine
UR8D,47.83,35.17,288,UKR,Ukraine
UR8E,48.48,35.0,288,UKR,Ukraine
UR8F,46.5,30.75,288,UKR,Ukraine
UR8G,46.65,32.63,288,UKR,Ukraine
UR8H,49.58,34.58,288,UKR,Ukraine
UR8I,48.0,37.83,288,UKR,Ukraine
UR8K,50.65,26.17,288,UKR,Ukraine
UR8L,50.37,36.25,288,UKR,Ukraine
UR8M,48.58,39.33,288,UKR,Ukraine
UR8N,49.18,28.5,288,UKR,Ukraine
UR8P,50.65,24.15,288,UKR,Ukraine
UR8R,51.5,31.3,288,UKR,Ukraine
UR8S,48.67,26.6,288,UKR,Ukraine
UR8T,49.42,26.98,288,UKR,Ukraine
UR8U,50.42,30.5,288,UKR,Ukraine
UR8V,48.52,32.25,288,UKR,Ukraine
UR8W,49.83,24.0,288,UKR,Ukraine
UR8X,50.3,28.67,288,UKR,Ukraine
UR8Y,48.32,25.87,288,UKR,Ukraine
UR8Z,46.95,32.0,288,UKR,Ukraine
UR9A,51.42,33.55,288,UKR,Ukraine
UR9B,49.58,25.65,288,UKR,Ukraine
UR9C,49.45,32.07,288,UKR,Ukraine
UR9D,47.83,35.17,288,UKR,Ukraine
UR9E,48.48,35.0,288,UKR,Ukraine
UR9F,46.5,30.75,288,UKR,Ukraine
UR9G,46.65,32.63,288,UKR,Ukraine
UR9H,49.58,34.58,288,UKR,Ukraine
UR9I,48.0,37.83,288,UKR,Ukraine
UR9K,50.65,26.17,288,UKR,Ukraine
UR9L,50.37,36.25,288,UKR,Ukraine
UR9M,48.58,39.33,288,UKR,Ukraine
UR9N,49.18,28.5,288,UKR,Ukraine
UR9P,50.65,24.15,288,UKR,Ukraine
UR9R,51.5,31.3,288,UKR,Ukraine
UR9S,48.67,26.6,288,UKR,Ukraine
UR9T,49.42,26.98,288,UKR,Ukraine
UR9U,50.42,30.5,288,UKR,Ukraine
UR9V,48.52,32.25,288,UKR,Ukraine
UR9W,49.83,24.0,288,UKR,Ukraine
UR9X,50.3,28.67,288,UKR,Ukraine
UR9Y,48.32,25.87,288,UKR,Ukraine
UR9Z,46.95,32.0,288,UKR,Ukraine
US,50.0,30.0,288,UKR,Ukraine
US0A,51.42,33.55,288,UKR,Ukraine
US0B,49.58,25.65,288,UKR,Ukraine
US0C,49.45,32.07,288,UKR,Ukraine
US0D,47.83,35.17,288,UKR,Ukraine
US0E,48.48,35.0,288,UKR,Ukraine
US0F,46.5,30.75,288,UKR,Ukraine
US0G,46.65,32.63,288,UKR,Ukraine
US0H,49.58,34.58,288,UKR,Ukraine
US0I,48.0,37.83,288,UKR,Ukraine
US0K,50.65,26.17,288,UKR,Ukraine
US0L,50.37,36.25,288,UKR,Ukraine
US0M,48.58,39.33,288,UKR,Ukraine
US0N,49.18,28.5,288,UKR,Ukraine
US0P,50.65,24.15,288,UKR,Ukraine
US0R,51.5,31.3,288,UKR,Ukraine
US0S,48.67,26.6,288,UKR,Ukraine
US0T,49.42,26.98,288,UKR,Ukraine
US0U,50.42,30.5,288,UKR,Ukraine
US0V,48.52,32.25,288,UKR,Ukraine
US0W,49.83,24.0,288,UKR,Ukraine
US0X,50.3,28.67,288,UKR,Ukraine
US0Y,48.32,25.87,288,UKR,Ukraine
US0Z,46.95,32.0,288,UKR,Ukraine
US1A,51.42,33.55,288,UKR,Ukraine
US1B,49.58,25.65,288,UKR,Ukraine
US1C,49.45,32.07,288,UKR,Ukraine
US1D,47.83,35.17,288,UKR,Ukraine
US1E,48.48,35.0,288,UKR,Ukraine
US1F,46.5,30.75,288,UKR,Ukraine
US1G,46.65,32.63,288,UKR,Ukraine
US1H,49.58,34.58,288,UKR,Ukraine
US1I,48.0,37.83,288,UKR,Ukraine
US1K,50.65,26.17,288,UKR,Ukraine
US1L,50.37,36.25,288,UKR,Ukraine
US1M,48.58,39.33,288,UKR,Ukraine
US1N,49.18,28.5,288,UKR,Ukraine
US1P,50.65,24.15,288,UKR,Ukraine
US1R,51.5,31.3,288,UKR,Ukraine
US1S,48.67,26.6,288,UKR,Ukraine
US1T,49.42,26.98,288,UKR,Ukraine
US1U,50.42,30.5,288,UKR,Ukraine
US1V,48.52,32.25,288,UKR,Ukraine
US1W,49.83,24.0,288,UKR,Ukraine
US1X,50.3,28.67,288,UKR,Ukraine
US1Y,48.32,25.87,288,UKR,Ukraine
US1Z,46.95,32.0,288,UKR,Ukraine
US2A,51.42,33.55,288,UKR,Ukraine
US2B,49.58,25.65,288,UKR,Ukraine
US2C,49.45,32.07,288,UKR,Ukraine
US2D,47.83,35.17,288,UKR,Ukraine
US2E,48.48,35.0,288,UKR,Ukraine
US2F,46.5,30.75,288,UKR,Ukraine
US2G,46.65,32.63,288,UKR,Ukraine
US2H,49.58,34.58,288,UKR,Ukraine
US2I,48.0,37.83,288,UKR,Ukraine
US2K,50.65,26.17,288,UKR,Ukraine
US2L,50.37,36.25,288,UKR,Ukraine
US2M,48.58,39.33,288,UKR,Ukraine
US2N,49.18,28.5,288,UKR,Ukraine
US2P,50.65,24.15,288,UKR,Ukraine
US2R,51.5,31.3,288,UKR,Ukraine
US2S,48.67,26.6,288,UKR,Ukraine
US2T,49.42,26.98,288,UKR,Ukraine
US2U,50.42,30.5,288,UKR,Ukraine
US2V,48.52,32.25,288,UKR,Ukraine
US2W,49.83,24.0,288,UKR,Ukraine
US2X,50.3,28.67,288,UKR,Ukraine
US2Y,48.32,25.87,288,UKR,Ukraine
US2Z,46.95,32.0,288,UKR,Ukraine
US3A,51.42,33.55,288,UKR,Ukraine
US3B,49.58,25.65,288,UKR,Ukraine
US3C,49.45,32.07,288,UKR,Ukraine
US3D,47.83,35.17,288,UKR,Ukraine
US3E,48.48,35.0,288,UKR,Ukraine
US3F,46.5,30.75,288,UKR,Ukraine
US3G,46.65,32.63,288,UKR,Ukraine
US3H,49.58,34.58,288,UKR,Ukraine
US3I,48.0,37.83,288,UKR,Ukraine
US3K,50.65,26.17,288,UKR,Ukraine
US3L,50.37,36.25,288,UKR,Ukraine
US3M,48.58,39.33,288,UKR,Ukraine
US3N,49.18,28.5,288,UKR,Ukraine
US3P,50.65,24.15,288,UKR,Ukraine
US3R,51.5,31.3,288,UKR,Ukraine
US3S,48.67,26.6,288,UKR,Ukraine
US3T,49.42,26.98,288,UKR,Ukraine
US3U,50.42,30.5,288,UKR,Ukraine
US3V,48.52,32.25,288,UKR,Ukraine
US3W,49.83,24.0,288,UKR,Ukraine
US3X,50.3,28.67,288,UKR,Ukraine
US3Y,48.32,25.87,288,UKR,Ukraine
US3Z,46.95,32.0,288,UKR,Ukraine
US4A,51.42,33.55,288,UKR,Ukraine
US4B,49.58,25.65,288,UKR,Ukraine
US4C,49.45,32.07,288,UKR,Ukraine
US4D,47.83,35.17,288,UKR,Ukraine
US4E,48.48,35.0,288,UKR,Ukraine
US4F,46.5,30.75,288,UKR,Ukraine
US4G,46.65,32.63,288,UKR,Ukraine
US4H,49.58,34.58,288,UKR,Ukraine
US4I,48.0,37.83,288,UKR,Ukraine
US4K,50.65,26.17,288,UKR,Ukraine
US4L,50.37,36.25,288,UKR,Ukraine
US4M,48.58,39.33,288,UKR,Ukraine
US4N,49.18,28.5,288,UKR,Ukraine
US4P,50.65,24.15,288,UKR,Ukraine
US4R,51.5,31.3,288,UKR,Ukraine
US4S,48.67,26.6,288,UKR,Ukraine
US4T,49.42,26.98,288,UKR,Ukraine
US4U,50.42,30.5,288,UKR,Ukraine
US4V,48.52,32.25,288,UKR,Ukraine
US4W,49.83,24.0,288,UKR,Ukraine
US4X,50.3,28.67,288,UKR,Ukraine
US4Y,48.32,25.87,288,UKR,Ukraine
US4Z,46.95,32.0,288,UKR,Ukraine
US5A,51.42,33.55,288,UKR,Ukraine
US5B,49.58,25.65,288,UKR,Ukraine
US5C,49.45,32.07,288,UKR,Ukraine
US5D,47.83,35.17,288,UKR,Ukraine
US5E,48.48,35.0,288,UKR,Ukraine
US5F,46.5,30.75,288,UKR,Ukraine
US5G,46.65,32.63,288,UKR,Ukraine
US5H,49.58,34.58,288,UKR,Ukraine
US5I,48.0,37.83,288,UKR,Ukraine
US5K,50.65,26.17,288,UKR,Ukraine
US5L,50.37,36.25,288,UKR,Ukraine
US5M,48.58,39.33,288,UKR,Ukraine
US5N,49.18,28.5,288,UKR,Ukraine
US5P,50.65,24.15,288,UKR,Ukraine
US5R,51.5,31.3,288,UKR,Ukraine
US5S,48.67,26.6,288,UKR,Ukraine
US5T,49.42,26.98,288,UKR,Ukraine
US5U,50.42,30.5,288,UKR,Ukraine
US5V,48.52,32.25,288,UKR,Ukraine
US5W,49.83,24.0,288,UKR,Ukraine
US5X,50.3,28.67,288,UKR,Ukraine
US5Y,48.32,25.87,288,UKR,Ukraine
US5Z,46.95,32.0,288,UKR,Ukraine
US6A,51.42,33.55,288,UKR,Ukraine
US6B,49.58,25.65,288,UKR,Ukraine
US6C,49.45,32.07,288,UKR,Ukraine
US6D,47.83,35.17,288,UKR,Ukraine
US6E,48.48,35.0,288,UKR,Ukraine
US6F,46.5,30.75,288,UKR,Ukraine
US6G,46.65,32.63,288,UKR,Ukraine
US6H,49.58,34.58,288,UKR,Ukraine
US6I,48.0,37.83,288,UKR,Ukraine
US6K,50.65,26.17,288,UKR,Ukraine
US6L,50.37,36.25,288,UKR,Ukraine
US6M,48.58,39.33,288,UKR,Ukraine
US6N,49.18,28.5,288,UKR,Ukraine
US6P,50.65,24.15,288,UKR,Ukraine
US6R,51.5,31.3,288,UKR,Ukraine
US6S,48.67,26.6,288,UKR,Ukraine
US6T,49.42,26.98,288,UKR,Ukraine
US6U,50.42,30.5,288,UKR,Ukraine
US6V,48.52,32.25,288,UKR,Ukraine
US6W,49.83,24.0,288,UKR,Ukraine
US6X,50.3,28.67,288,UKR,Ukraine
US6Y,48.32,25.87,288,UKR,Ukraine
US6Z,46.95,32.0,288,UKR,Ukraine
US7A,51.42,33.55,288,UKR,Ukraine
US7B,49.58,25.65,288,UKR,Ukraine
US7C,49.45,32.07,288,UKR,Ukraine
US7D,47.83,35.17,288,UKR,Ukraine
US7E,48.48,35.0,288,UKR,Ukraine
US7F,46.5,30.75,288,UKR,Ukraine
US7G,46.65,32.63,288,UKR,Ukraine
US7H,49.58,34.58,288,UKR,Ukraine
US7I,48.0,37.83,288,UKR,Ukraine
US7K,50.65,26.17,288,UKR,Ukraine
US7L,50.37,36.25,288,UKR,Ukraine
US7M,48.58,39.33,288,UKR,Ukraine
US7N,49.18,28.5,288,UKR,Ukraine
US7P,50.65,24.15,288,UKR,Ukraine
US7R,51.5,31.3,288,UKR,Ukraine
US7S,48.67,26.6,288,UKR,Ukraine
US7T,49.42,26.98,288,UKR,Ukraine
US7U,50.42,30.5,288,UKR,Ukraine
US7V,48.52,32.25,288,UKR,Ukraine
US7W,49.83,24.0,288,UKR,Ukraine
US7X,50.3,28.67,288,UKR,Ukraine
US7Y,48.32,25.87,288,UKR,Ukraine
US7Z,46.95,32.0,288,UKR,Ukraine
US8A,51.42,33.55,288,UKR,Ukraine
US8B,49.58,25.65,288,UKR,Ukraine
US8C,49.45,32.07,288,UKR,Ukraine
US8D,47.83,35.17,288,UKR,Ukraine
US8E,48.48,35.0,288,UKR,Ukraine
US8F,46.5,30.75,288,UKR,Ukraine
US8G,46.65,32.63,288,UKR,Ukraine
US8H,49.58,34.58,288,UKR,Ukraine
US8I,48.0,37.83,288,UKR,Ukraine
US8K,50.65,26.17,288,UKR,Ukraine
US8L,50.37,36.25,288,UKR,Ukraine
US8M,48.58,39.33,288,UKR,Ukraine
US8N,49.18,28.5,288,UKR,Ukraine
US8P,50.65,24.15,288,UKR,Ukraine
US8R,51.5,31.3,288,UKR,Ukraine
US8S,48.67,26.6,288,UKR,Ukraine
US8T,49.42,26.98,288,UKR,Ukraine
US8U,50.42,30.5,288,UKR,Ukraine
US8V,48.52,32.25,288,UKR,Ukraine
US8W,49.83,24.0,288,UKR,Ukraine
US8X,50.3,28.67,288,UKR,Ukraine
US8Y,48.32,25.87,288,UKR,Ukraine
US8Z,46.95,32.0,288,UKR,Ukraine
US9A,51.42,33.55,288,UKR,Ukraine
US9B,49.58,25.65,288,UKR,Ukraine
US9C,49.45,32.07,288,UKR,Ukraine
US9D,47.83,35.17,288,UKR,Ukraine
US9E,48.48,35.0,288,UKR,Ukraine
US9F,46.5,30.75,288,UKR,Ukraine
US9G,46.65,32.63,288,UKR,Ukraine
US9H,49.58,34.58,288,UKR,Ukraine
US9I,48.0,37.83,288,UKR,Ukraine
US9K,50.65,26.17,288,UKR,Ukraine
US9L,50.37,36.25,288,UKR,Ukraine
US9M,48.58,39.33,288,UKR,Ukraine
US9N,49.18,28.5,288,UKR,Ukraine
US9P,50.65,24.15,288,UKR,Ukraine
US9R,51.5,31.3,288,UKR,Ukraine
US9S,48.67,26.6,288,UKR,Ukraine
US9T,49.42,26.98,288,UKR,Ukraine
US9U,50.42,30.5,288,UKR,Ukraine
US9V,48.52,32.25,288,UKR,Ukraine
US9W,49.83,24.0,288,UKR,Ukraine
US9X,50.3,28.67,288,UKR,Ukraine
US9Y,48.32,25.87,288,UKR,Ukraine
US9Z,46.95,32.0,288,UKR,Ukraine
UT,50.0,30.0,288,UKR,Ukraine
UT0A,51.42,33.55,288,UKR,Ukraine
UT0B,49.58,25.65,288,UKR,Ukraine
UT0C,49.45,32.07,288,UKR,Ukraine
UT0D,47.83,35.17,288,UKR,Ukraine
UT0E,48.48,35.0,288,UKR,Ukraine
UT0F,46.5,30.75,288,UKR,Ukraine
UT0G,46.65,32.63,288,UKR,Ukraine
UT0H,49.58,34.58,288,UKR,Ukraine
UT0I,48.0,37.83,288,UKR,Ukraine
UT0K,50.65,26.17,288,UKR,Ukraine
UT0L,50.37,36.25,288,UKR,Ukraine
UT0M,48.58,39.33,288,UKR,Ukraine
UT0N,49.18,28.5,288,UKR,Ukraine
UT0P,50.65,24.15,288,UKR,Ukraine
UT0R,51.5,31.3,288,UKR,Ukraine
UT0S,48.67,26.6,288,UKR,Ukraine
UT0T,49.42,26.98,288,UKR,Ukraine
UT0U,50.42,30.5,288,UKR,Ukraine
UT0V,48.52,32.25,288,UKR,Ukraine
UT0W,49.83,24.0,288,UKR,Ukraine
UT0X,50.3,28.67,288,UKR,Ukraine
UT0Y,48.32,25.87,288,UKR,Ukraine
UT0Z,46.95,32.0,288,UKR,Ukraine
UT1A,51.42,33.55,288,UKR,Ukraine
UT1B,49.58,25.65,288,UKR,Ukraine
UT1C,49.45,32.07,288,UKR,Ukraine
UT1D,47.83,35.17,288,UKR,Ukraine
UT1E,48.48,35.0,288,UKR,Ukraine
UT1F,46.5,30.75,288,UKR,Ukraine
UT1G,46.65,32.63,288,UKR,Ukraine
UT1H,49.58,34.58,288,UKR,Ukraine
UT1I,48.0,37.83,288,UKR,Ukraine
UT1K,50.65,26.17,288,UKR,Ukraine
UT1L,50.37,36.25,288,UKR,Ukraine
UT1M,48.58,39.33,288,UKR,Ukraine
UT1N,49.18,28.5,288,UKR,Ukraine
UT1P,50.65,24.15,288,UKR,Ukraine
UT1R,51.5,31.3,288,UKR,Ukraine
UT1S,48.67,26.6,288,UKR,Ukraine
UT1T,49.42,26.98,288,UKR,Ukraine
UT1U,50.42,30.5,288,UKR,Ukraine
UT1V,48.52,32.25,288,UKR,Ukraine
UT1W,49.83,24.0,288,UKR,Ukraine
UT1X,50.3,28.67,288,UKR,Ukraine
UT1Y,48.32,25.87,288,UKR,Ukraine
UT1Z,46.95,32.0,288,UKR,Ukraine
UT2A,51.42,33.55,288,UKR,Ukraine
UT2B,49.58,25.65,288,UKR,Ukraine
UT2C,49.45,32.07,288,UKR,Ukraine
UT2D,47.83,35.17,288,UKR,Ukraine
UT2E,48.48,35.0,288,UKR,Ukraine
UT2F,46.5,30.75,288,UKR,Ukraine
UT2G,46.65,32.63,288,UKR,Ukraine
UT2H,49.58,34.58,288,UKR,Ukraine
UT2I,48.0,37.83,288,UKR,Ukraine
UT2K,50.65,26.17,288,UKR,Ukraine
UT2L,50.37,36.25,288,UKR,Ukraine
UT2M,48.58,39.33,288,UKR,Ukraine
UT2N,49.18,28.5,288,UKR,Ukraine
UT2P,50.65,24.15,288,UKR,Ukraine
UT2R,51.5,31.3,288,UKR,Ukraine
UT2S,48.67,26.6,288,UKR,Ukraine
UT2T,49.42,26.98,288,UKR,Ukraine
UT2U,50.42,30.5,288,UKR,Ukraine
UT2V,48.52,32.25,288,UKR,Ukraine
UT2W,49.83,24.0,288,UKR,Ukraine
UT2X,50.3,28.67,288,UKR,Ukraine
UT2Y,48.32,25.87,288,UKR,Ukraine
UT2Z,46.95,32.0,288,UKR,Ukraine
UT3A,51.42,33.55,288,UKR,Ukraine
UT3B,49.58,25.65,288,UKR,Ukraine
UT3C,49.45,32.07,288,UKR,Ukraine
UT3D,47.83,35.17,288,UKR,Ukraine
UT3E,48.48,35.0,288,UKR,Ukraine
UT3F,46.5,30.75,288,UKR,Ukraine
UT3G,46.65,32.63,288,UKR,Ukraine
UT3H,49.58,34.58,288,UKR,Ukraine
UT3I,48.0,37.83,288,UKR,Ukraine
UT3K,50.65,26.17,288,UKR,Ukraine
UT3L,50.37,36.25,288,UKR,Ukraine
UT3M,48.58,39.33,288,UKR,Ukraine
UT3N,49.18,28.5,288,UKR,Ukraine
UT3P,50.65,24.15,288,UKR,Ukraine
UT3R,51.5,31.3,288,UKR,Ukraine
UT3S,48.67,26.6,288,UKR,Ukraine
UT3T,49.42,26.98,288,UKR,Ukraine
UT3U,50.42,30.5,288,UKR,Ukraine
UT3V,48.52,32.25,288,UKR,Ukraine
UT3W,49.83,24.0,288,UKR,Ukraine
UT3X,50.3,28.67,288,UKR,Ukraine
UT3Y,48.32,25.87,288,UKR,Ukraine
UT3Z,46.95,32.0,288,UKR,Ukraine
UT4A,51.42,33.55,288,UKR,Ukraine
UT4B,49.58,25.65,288,UKR,Ukraine
UT4C,49.45,32.07,288,UKR,Ukraine
UT4D,47.83,35.17,288,UKR,Ukraine
UT4E,48.48,35.0,288,UKR,Ukraine
UT4F,46.5,30.75,288,UKR,Ukraine
UT4G,46.65,32.63,288,UKR,Ukraine
UT4H,49.58,34.58,288,UKR,Ukraine
UT4I,48.0,37.83,288,UKR,Ukraine
UT4K,50.65,26.17,288,UKR,Ukraine
UT4L,50.37,36.25,288,UKR,Ukraine
UT4M,48.58,39.33,288,UKR,Ukraine
UT4N,49.18,28.5,288,UKR,Ukraine
UT4P,50.65,24.15,288,UKR,Ukraine
UT4R,51.5,31.3,288,UKR,Ukraine
UT4S,48.67,26.6,288,UKR,Ukraine
UT4T,49.42,26.98,288,UKR,Ukraine
UT4U,50.42,30.5,288,UKR,Ukraine
UT4V,48.52,32.25,288,UKR,Ukraine
UT4W,49.83,24.0,288,UKR,Ukraine
UT4X,50.3,28.67,288,UKR,Ukraine
UT4Y,48.32,25.87,288,UKR,Ukraine
UT4Z,46.95,32.0,288,UKR,Ukraine
UT5A,51.42,33.55,288,UKR,Ukraine
UT5B,49.58,25.65,288,UKR,Ukraine
UT5C,49.45,32.07,288,UKR,Ukraine
UT5D,47.83,35.17,288,UKR,Ukraine
UT5E,48.48,35.0,288,UKR,Ukraine
UT5F,46.5,30.75,288,UKR,Ukraine
UT5G,46.65,32.63,288,UKR,Ukraine
UT5H,49.58,34.58,288,UKR,Ukraine
UT5I,48.0,37.83,288,UKR,Ukraine
UT5J,50.0,30.0,288,UKR,Ukraine
UT5K,50.65,26.17,288,UKR,Ukraine
UT5L,50.37,36.25,288,UKR,Ukraine
UT5M,48.58,39.33,288,UKR,Ukraine
UT5N,49.18,28.5,288,UKR,Ukraine
UT5P,50.65,24.15,288,UKR,Ukraine
UT5R,51.5,31.3,288,UKR,Ukraine
UT5S,48.67,26.6,288,UKR,Ukraine
UT5T,49.42,26.98,288,UKR,Ukraine
UT5U,50.42,30.5,288,UKR,Ukraine
UT5V,48.52,32.25,288,UKR,Ukraine
UT5W,49.83,24.0,288,UKR,Ukraine
UT5X,50.3,28.67,288,UKR,Ukraine
UT5Y,48.32,25.87,288,UKR,Ukraine
UT5Z,46.95,32.0,288,UKR,Ukraine
UT6A,51.42,33.55,288,UKR,Ukraine
UT6B,49.58,25.65,288,UKR,Ukraine
UT6C,49.45,32.07,288,UKR,Ukraine
UT6D,47.83,35.17,288,UKR,Ukraine
UT6E,48.48,35.0,288,UKR,Ukraine
UT6F,46.5,30.75,288,UKR,Ukraine
UT6G,46.65,32.63,288,UKR,Ukraine
UT6H,49.58,34.58,288,UKR,Ukraine
UT6I,48.0,37.83,288,UKR,Ukraine
UT6K,50.65,26.17,288,UKR,Ukraine
UT6L,50.37,36.25,288,UKR,Ukraine
UT6M,48.58,39.33,288,UKR,Ukraine
UT6N,49.18,28.5,288,UKR,Ukraine
UT6P,50.65,24.15,288,UKR,Ukraine
UT6R,51.5,31.3,288,UKR,Ukraine
UT6S,48.67,26.6,288,UKR,Ukraine
UT6T,49.42,26.98,288,UKR,Ukraine
UT6U,50.42,30.5,288,UKR,Ukraine
UT6V,48.52,32.25,288,UKR,Ukraine
UT6W,49.83,24.0,288,UKR,Ukraine
UT6X,50.3,28.67,288,UKR,Ukraine
UT6Y,48.32,25.87,288,UKR,Ukraine
UT6Z,46.95,32.0,288,UKR,Ukraine
UT7A,51.42,33.55,288,UKR,Ukraine
UT7B,49.58,25.65,288,UKR,Ukraine
UT7C,49.45,32.07,288,UKR,Ukraine
UT7D,47.83,35.17,288,UKR,Ukraine
UT7E,48.48,35.0,288,UKR,Ukraine
UT7F,46.5,30.75,288,UKR,Ukraine
UT7G,46.65,32.63,288,UKR,Ukraine
UT7H,49.58,34.58,288,UKR,Ukraine
UT7I,48.0,37.83,288,UKR,Ukraine
UT7K,50.65,26.17,288,UKR,Ukraine
UT7L,50.37,36.25,288,UKR,Ukraine
UT7M,48.58,39.33,288,UKR,Ukraine
UT7N,49.18,28.5,288,UKR,Ukraine
UT7P,50.65,24.15,288,UKR,Ukraine
UT7R,51.5,31.3,288,UKR,Ukraine
UT7S,48.67,26.6,288,UKR,Ukraine
UT7T,49.42,26.98,288,UKR,Ukraine
UT7U,50.42,30.5,288,UKR,Ukraine
UT7V,48.52,32.25,288,UKR,Ukraine
UT7W,49.83,24.0,288,UKR,Ukraine
UT7X,50.3,28.67,288,UKR,Ukraine
UT7Y,48.32,25.87,288,UKR,Ukraine
UT7Z,46.95,32.0,288,UKR,Ukraine
UT8A,51.42,33.55,288,UKR,Ukraine
UT8B,49.58,25.65,288,UKR,Ukraine
UT8C,49.45,32.07,288,UKR,Ukraine
UT8D,47.83,35.17,288,UKR,Ukraine
UT8E,48.48,35.0,288,UKR,Ukraine
UT8F,46.5,30.75,288,UKR,Ukraine
UT8G,46.65,32.63,288,UKR,Ukraine
UT8H,49.58,34.58,288,UKR,Ukraine
UT8I,48.0,37.83,288,UKR,Ukraine
UT8K,50.65,26.17,288,UKR,Ukraine
UT8L,50.37,36.25,288,UKR,Ukraine
UT8M,48.58,39.33,288,UKR,Ukraine
UT8N,49.18,28.5,288,UKR,Ukraine
UT8P,50.65,24.15,288,UKR,Ukraine
UT8R,51.5,31.3,288,UKR,Ukraine
UT8S,48.67,26.6,288,UKR,Ukraine
UT8T,49.42,26.98,288,UKR,Ukraine
UT8U,50.42,30.5,288,UKR,Ukraine
UT8V,48.52,32.25,288,UKR,Ukraine
UT8W,49.83,24.0,288,UKR,Ukraine
UT8X,50.3,28.67,288,UKR,Ukraine
UT8Y,48.32,25.87,288,UKR,Ukraine
UT8Z,46.95,32.0,288,UKR,Ukraine
UT9A,51.42,33.55,288,UKR,Ukraine
UT9B,49.58,25.65,288,UKR,Ukraine
UT9C,49.45,32.07,288,UKR,Ukraine
UT9D,47.83,35.17,288,UKR,Ukraine
UT9E,48.48,35.0,288,UKR,Ukraine
UT9F,46.5,30.75,288,UKR,Ukraine
UT9G,46.65,32.63,288,UKR,Ukraine
UT9H,49.58,34.58,288,UKR,Ukraine
UT9I,48.0,37.83,288,UKR,Ukraine
UT9K,50.65,26.17,288,UKR,Ukraine
UT9L,50.37,36.25,288,UKR,Ukraine
UT9M,48.58,39.33,288,UKR,Ukraine
UT9N,49.18,28.5,288,UKR,Ukraine
UT9P,50.65,24.15,288,UKR,Ukraine
UT9R,51.5,31.3,288,UKR,Ukraine
UT9S,48.67,26.6,288,UKR,Ukraine
UT9T,49.42,26.98,288,UKR,Ukraine
UT9U,50.42,30.5,288,UKR,Ukraine
UT9V,48.52,32.25,288,UKR,Ukraine
UT9W,49.83,24.0,288,UKR,Ukraine
UT9X,50.3,28.67,288,UKR,Ukraine
UT9Y,48.32,25.87,288,UKR,Ukraine
UT9Z,46.95,32.0,288,UKR,Ukraine
UU,50.0,30.0,288,UKR,Ukraine
UU9,50.0,30.0,288,UKR,Ukraine
UV,50.0,30.0,288,UKR,Ukraine
UV0A,51.42,33.55,288,UKR,Ukraine
UV0B,49.58,25.65,288,UKR,Ukraine
UV0C,49.45,32.07,288,UKR,Ukraine
UV0D,47.83,35.17,288,UKR,Ukraine
UV0E,48.48,35.0,288,UKR,Ukraine
UV0F,46.5,30.75,288,UKR,Ukraine
UV0G,46.65,32.63,288,UKR,Ukraine
UV0H,49.58,34.58,288,UKR,Ukraine
UV0I,48.0,37.83,288,UKR,Ukraine
UV0K,50.65,26.17,288,UKR,Ukraine
UV0L,50.37,36.25,288,UKR,Ukraine
UV0M,48.58,39.33,288,UKR,Ukraine
UV0N,49.18,28.5,288,UKR,Ukraine
UV0P,50.65,24.15,288,UKR,Ukraine
UV0R,51.5,31.3,288,UKR,Ukraine
UV0S,48.67,26.6,288,UKR,Ukraine
UV0T,49.42,26.98,288,UKR,Ukraine
UV0U,50.42,30.5,288,UKR,Ukraine
UV0V,48.52,32.25,288,UKR,Ukraine
UV0W,49.83,24.0,288,UKR,Ukraine
UV0X,50.3,28.67,288,UKR,Ukraine
UV0Y,48.32,25.87,288,UKR,Ukraine
UV0Z,46.95,32.0,288,UKR,Ukraine
UV1A,51.42,33.55,288,UKR,Ukraine
UV1B,49.58,25.65,288,UKR,Ukraine
UV1C,49.45,32.07,288,UKR,Ukraine
UV1D,47.83,35.17,288,UKR,Ukraine
UV1E,48.48,35.0,288,UKR,Ukraine
UV1F,46.5,30.75,288,UKR,Ukraine
UV1G,46.65,32.63,288,UKR,Ukraine
UV1H,49.58,34.58,288,UKR,Ukraine
UV1I,48.0,37.83,288,UKR,Ukraine
UV1K,50.65,26.17,288,UKR,Ukraine
UV1L,50.37,36.25,288,UKR,Ukraine
UV1M,48.58,39.33,288,UKR,Ukraine
UV1N,49.18,28.5,288,UKR,Ukraine
UV1P,50.65,24.15,288,UKR,Ukraine
UV1R,51.5,31.3,288,UKR,Ukraine
UV1S,48.67,26.6,288,UKR,Ukraine
UV1T,49.42,26.98,288,UKR,Ukraine
UV1U,50.42,30.5,288,UKR,Ukraine
UV1V,48.52,32.25,288,UKR,Ukraine
UV1W,49.83,24.0,288,UKR,Ukraine
UV1X,50.3,28.67,288,UKR,Ukraine
UV1Y,48.32,25.87,288,UKR,Ukraine
UV1Z,46.95,32.0,288,UKR,Ukraine
UV2A,51.42,33.55,288,UKR,Ukraine
UV2B,49.58,25.65,288,UKR,Ukraine
UV2C,49.45,32.07,288,UKR,Ukraine
UV2D,47.83,35.17,288,UKR,Ukraine
UV2E,48.48,35.0,288,UKR,Ukraine
UV2F,46.5,30.75,288,UKR,Ukraine
UV2G,46.65,32.63,288,UKR,Ukraine
UV2H,49.58,34.58,288,UKR,Ukraine
UV2I,48.0,37.83,288,UKR,Ukraine
UV2K,50.65,26.17,288,UKR,Ukraine
UV2L,50.37,36.25,288,UKR,Ukraine
UV2M,48.58,39.33,288,UKR,Ukraine
UV2N,49.18,28.5,288,UKR,Ukraine
UV2P,50.65,24.15,288,UKR,Ukraine
UV2R,51.5,31.3,288,UKR,Ukraine
UV2S,48.67,26.6,288,UKR,Ukraine
UV2T,49.42,26.98,288,UKR,Ukraine
UV2U,50.42,30.5,288,UKR,Ukraine
UV2V,48.52,32.25,288,UKR,Ukraine
UV2W,49.83,24.0,288,UKR,Ukraine
UV2X,50.3,28.67,288,UKR,Ukraine
UV2Y,48.32,25.87,288,UKR,Ukraine
UV2Z,46.95,32.0,288,UKR,Ukraine
UV3A,51.42,33.55,288,UKR,Ukraine
UV3B,49.58,25.65,288,UKR,Ukraine
UV3C,49.45,32.07,288,UKR,Ukraine
UV3D,47.83,35.17,288,UKR,Ukraine
UV3E,48.48,35.0,288,UKR,Ukraine
UV3F,46.5,30.75,288,UKR,Ukraine
UV3G,46.65,32.63,288,UKR,Ukraine
UV3H,49.58,34.58,288,UKR,Ukraine
UV3I,48.0,37.83,288,UKR,Ukraine
UV3K,50.65,26.17,288,UKR,Ukraine
UV3L,50.37,36.25,288,UKR,Ukraine
UV3M,48.58,39.33,288,UKR,Ukraine
UV3N,49.18,28.5,288,UKR,Ukraine
UV3P,50.65,24.15,288,UKR,Ukraine
UV3R,51.5,31.3,288,UKR,Ukraine
UV3S,48.67,26.6,288,UKR,Ukraine
UV3T,49.42,26.98,288,UKR,Ukraine
UV3U,50.42,30.5,288,UKR,Ukraine
UV3V,48.52,32.25,288,UKR,Ukraine
UV3W,49.83,24.0,288,UKR,Ukraine
UV3X,50.3,28.67,288,UKR,Ukraine
UV3Y,48.32,25.87,288,UKR,Ukraine
UV3Z,46.95,32.0,288,UKR,Ukraine
UV4A,51.42,33.55,288,UKR,Ukraine
UV4B,49.58,25.65,288,UKR,Ukraine
UV4C,49.45,32.07,288,UKR,Ukraine
UV4D,47.83,35.17,288,UKR,Ukraine
UV4E,48.48,35.0,288,UKR,Ukraine
UV4F,46.5,30.75,288,UKR,Ukraine
UV4G,46.65,32.63,288,UKR,Ukraine
UV4H,49.58,34.58,288,UKR,Ukraine
UV4I,48.0,37.83,288,UKR,Ukraine
UV4K,50.65,26.17,288,UKR,Ukraine
UV4L,50.37,36.25,288,UKR,Ukraine
UV4M,48.58,39.33,288,UKR,Ukraine
UV4N,49.18,28.5,288,UKR,Ukraine
UV4P,50.65,24.15,288,UKR,Ukraine
UV4R,51.5,31.3,288,UKR,Ukraine
UV4S,48.67,26.6,288,UKR,Ukraine
UV4T,49.42,26.98,288,UKR,Ukraine
UV4U,50.42,30.5,288,UKR,Ukraine
UV4V,48.52,32.25,288,UKR,Ukraine
UV4W,49.83,24.0,288,UKR,Ukraine
UV4X,50.3,28.67,288,UKR,Ukraine
UV4Y,48.32,25.87,288,UKR,Ukraine
UV4Z,46.95,32.0,288,UKR,Ukraine
UV5A,51.42,33.55,288,UKR,Ukraine
UV5B,49.58,25.65,288,UKR,Ukraine
UV5C,49.45,32.07,288,UKR,Ukraine
UV5D,47.83,35.17,288,UKR,Ukraine
UV5E,48.48,35.0,288,UKR,Ukraine
UV5F,46.5,30.75,288,UKR,Ukraine
UV5G,46.65,32.63,288,UKR,Ukraine
UV5H,49.58,34.58,288,UKR,Ukraine
UV5I,48.0,37.83,288,UKR,Ukraine
UV5K,50.65,26.17,288,UKR,Ukraine
UV5L,50.37,36.25,288,UKR,Ukraine
UV5M,48.58,39.33,288,UKR,Ukraine
UV5N,49.18,28.5,288,UKR,Ukraine
UV5P,50.65,24.15,288,UKR,Ukraine
UV5R,51.5,31.3,288,UKR,Ukraine
UV5S,48.67,26.6,288,UKR,Ukraine
UV5T,49.42,26.98,288,UKR,Ukraine
UV5U,50.42,30.5,288,UKR,Ukraine
UV5V,48.52,32.25,288,UKR,Ukraine
UV5W,49.83,24.0,288,UKR,Ukraine
UV5X,50.3,28.67,288,UKR,Ukraine
UV5Y,48.32,25.87,288,UKR,Ukraine
UV5Z,46.95,32.0,288,UKR,Ukraine
UV6A,51.42,33.55,288,UKR,Ukraine
UV6B,49.58,25.65,288,UKR,Ukraine
UV6C,49.45,32.07,288,UKR,Ukraine
UV6D,47.83,35.17,288,UKR,Ukraine
UV6E,48.48,35.0,288,UKR,Ukraine
UV6F,46.5,30.75,288,UKR,Ukraine
UV6G,46.65,32.63,288,UKR,Ukraine
UV6H,49.58,34.58,288,UKR,Ukraine
UV6I,48.0,37.83,288,UKR,Ukraine
UV6K,50.65,26.17,288,UKR,Ukraine
UV6L,50.37,36.25,288,UKR,Ukraine
UV6M,48.58,39.33,288,UKR,Ukraine
UV6N,49.18,28.5,288,UKR,Ukraine
UV6P,50.65,24.15,288,UKR,Ukraine
UV6R,51.5,31.3,288,UKR,Ukraine
UV6S,48.67,26.6,288,UKR,Ukraine
UV6T,49.42,26.98,288,UKR,Ukraine
UV6U,50.42,30.5,288,UKR,Ukraine
UV6V,48.52,32.25,288,UKR,Ukraine
UV6W,49.83,24.0,288,UKR,Ukraine
UV6X,50.3,28.67,288,UKR,Ukraine
UV6Y,48.32,25.87,288,UKR,Ukraine
UV6Z,46.95,32.0,288,UKR,Ukraine
UV7A,51.42,33.55,288,UKR,Ukraine
UV7B,49.58,25.65,288,UKR,Ukraine
UV7C,49.45,32.07,288,UKR,Ukraine
UV7D,47.83,35.17,288,UKR,Ukraine
UV7E,48.48,35.0,288,UKR,Ukraine
UV7F,46.5,30.75,288,UKR,Ukraine
UV7G,46.65,32.63,288,UKR,Ukraine
UV7H,49.58,34.58,288,UKR,Ukraine
UV7I,48.0,37.83,288,UKR,Ukraine
UV7K,50.65,26.17,288,UKR,Ukraine
UV7L,50.37,36.25,288,UKR,Ukraine
UV7M,48.58,39.33,288,UKR,Ukraine
UV7N,49.18,28.5,288,UKR,Ukraine
UV7P,50.65,24.15,288,UKR,Ukraine
UV7R,51.5,31.3,288,UKR,Ukraine
UV7S,48.67,26.6,288,UKR,Ukraine
UV7T,49.42,26.98,288,UKR,Ukraine
UV7U,50.42,30.5,288,UKR,Ukraine
UV7V,48.52,32.25,288,UKR,Ukraine
UV7W,49.83,24.0,288,UKR,Ukraine
UV7X,50.3,28.67,288,UKR,Ukraine
UV7Y,48.32,25.87,288,UKR,Ukraine
UV7Z,46.95,32.0,288,UKR,Ukraine
UV8A,51.42,33.55,288,UKR,Ukraine
UV8B,49.58,25.65,288,UKR,Ukraine
UV8C,49.45,32.07,288,UKR,Ukraine
UV8D,47.83,35.17,288,UKR,Ukraine
UV8E,48.48,35.0,288,UKR,Ukraine
UV8F,46.5,30.75,288,UKR,Ukraine
UV8G,46.65,32.63,288,UKR,Ukraine
UV8H,49.58,34.58,288,UKR,Ukraine
UV8I,48.0,37.83,288,UKR,Ukraine
UV8K,50.65,26.17,288,UKR,Ukraine
UV8L,50.37,36.25,288,UKR,Ukraine
UV8M,48.58,39.33,288,UKR,Ukraine
UV8N,49.18,28.5,288,UKR,Ukraine
UV8P,50.65,24.15,288,UKR,Ukraine
UV8R,51.5,31.3,288,UKR,Ukraine
UV8S,48.67,26.6,288,UKR,Ukraine
UV8T,49.42,26.98,288,UKR,Ukraine
UV8U,50.42,30.5,288,UKR,Ukraine
UV8V,48.52,32.25,288,UKR,Ukraine
UV8W,49.83,24.0,288,UKR,Ukraine
UV8X,50.3,28.67,288,UKR,Ukraine
UV8Y,48.32,25.87,288,UKR,Ukraine
UV8Z,46.95,32.0,288,UKR,Ukraine
UV9A,51.42,33.55,288,UKR,Ukraine
UV9B,49.58,25.65,288,UKR,Ukraine
UV9C,49.45,32.07,288,UKR,Ukraine
UV9D,47.83,35.17,288,UKR,Ukraine
UV9E,48.48,35.0,288,UKR,Ukraine
UV9F,46.5,30.75,288,UKR,Ukraine
UV9G,46.65,32.63,288,UKR,Ukraine
UV9H,49.58,34.58,288,UKR,Ukraine
UV9I,48.0,37.83,288,UKR,Ukraine
UV9K,50.65,26.17,288,UKR,Ukraine
UV9L,50.37,36.25,288,UKR,Ukraine
UV9M,48.58,39.33,288,UKR,Ukraine
UV9N,49.18,28.5,288,UKR,Ukraine
UV9P,50.65,24.15,288,UKR,Ukraine
UV9R,51.5,31.3,288,UKR,Ukraine
UV9S,48.67,26.6,288,UKR,Ukraine
UV9T,49.42,26.98,288,UKR,Ukraine
UV9U,50.42,30.5,288,UKR,Ukraine
UV9V,48.52,32.25,288,UKR,Ukraine
UV9W,49.83,24.0,288,UKR,Ukraine
UV9X,50.3,28.67,288,UKR,Ukraine
UV9Y,48.32,25.87,288,UKR,Ukraine
UV9Z,46.95,32.0,288,UKR,Ukraine
UW,50.0,30.0,288,UKR,Ukraine
UW0A,51.42,33.55,288,UKR,Ukraine
UW0B,49.58,25.65,288,UKR,Ukraine
UW0C,49.45,32.07,288,UKR,Ukraine
UW0D,47.83,35.17,288,UKR,Ukraine
UW0E,48.48,35.0,288,UKR,Ukraine
UW0F,46.5,30.75,288,UKR,Ukraine
UW0G,46.65,32.63,288,UKR,Ukraine
UW0H,49.58,34.58,288,UKR,Ukraine
UW0I,48.0,37.83,288,UKR,Ukraine
UW0K,50.65,26.17,288,UKR,Ukraine
UW0L,50.37,36.25,288,UKR,Ukraine
UW0M,48.58,39.33,288,UKR,Ukraine
UW0N,49.18,28.5,288,UKR,Ukraine
UW0P,50.65,24.15,288,UKR,Ukraine
UW0R,51.5,31.3,288,UKR,Ukraine
UW0S,48.67,26.6,288,UKR,Ukraine
UW0T,49.42,26.98,288,UKR,Ukraine
UW0U,50.42,30.5,288,UKR,Ukraine
UW0V,48.52,32.25,288,UKR,Ukraine
UW0W,49.83,24.0,288,UKR,Ukraine
UW0X,50.3,28.67,288,UKR,Ukraine
UW0Y,48.32,25.87,288,UKR,Ukraine
UW0Z,46.95,32.0,288,UKR,Ukraine
UW1A,51.42,33.55,288,UKR,Ukraine
UW1B,49.58,25.65,288,UKR,Ukraine
UW1C,49.45,32.07,288,UKR,Ukraine
UW1D,47.83,35.17,288,UKR,Ukraine
UW1E,48.48,35.0,288,UKR,Ukraine
UW1F,46.5,30.75,288,UKR,Ukraine
UW1G,46.65,32.63,288,UKR,Ukraine
UW1H,49.58,34.58,288,UKR,Ukraine
UW1I,48.0,37.83,288,UKR,Ukraine
UW1K,50.65,26.17,288,UKR,Ukraine
UW1L,50.37,36.25,288,UKR,Ukraine
UW1M,48.58,39.33,288,UKR,Ukraine
UW1N,49.18,28.5,288,UKR,Ukraine
UW1P,50.65,24.15,288,UKR,Ukraine
UW1R,51.5,31.3,288,UKR,Ukraine
UW1S,48.67,26.6,288,UKR,Ukraine
UW1T,49.42,26.98,288,UKR,Ukraine
UW1U,50.42,30.5,288,UKR,Ukraine
UW1V,48.52,32.25,288,UKR,Ukraine
UW1W,49.83,24.0,288,UKR,Ukraine
UW1X,50.3,28.67,288,UKR,Ukraine
UW1Y,48.32,25.87,288,UKR,Ukraine
UW1Z,46.95,32.0,288,UKR,Ukraine
UW2A,51.42,33.55,288,UKR,Ukraine
UW2B,49.58,25.65,288,UKR,Ukraine
UW2C,49.45,32.07,288,UKR,Ukraine
UW2D,47.83,35.17,288,UKR,Ukraine
UW2E,48.48,35.0,288,UKR,Ukraine
UW2F,46.5,30.75,288,UKR,Ukraine
UW2G,46.65,32.63,288,UKR,Ukraine
UW2H,49.58,34.58,288,UKR,Ukraine
UW2I,48.0,37.83,288,UKR,Ukraine
UW2K,50.65,26.17,288,UKR,Ukraine
UW2L,50.37,36.25,288,UKR,Ukraine
UW2M,48.58,39.33,288,UKR,Ukraine
UW2N,49.18,28.5,288,UKR,Ukraine
UW2P,50.65,24.15,288,UKR,Ukraine
UW2R,51.5,31.3,288,UKR,Ukraine
UW2S,48.67,26.6,288,UKR,Ukraine
UW2T,49.42,26.98,288,UKR,Ukraine
UW2U,50.42,30.5,288,UKR,Ukraine
UW2V,48.52,32.25,288,UKR,Ukraine
UW2W,49.83,24.0,288,UKR,Ukraine
UW2X,50.3,28.67,288,UKR,Ukraine
UW2Y,48.32,25.87,288,UKR,Ukraine
UW2Z,46.95,32.0,288,UKR,Ukraine
UW3A,51.42,33.55,288,UKR,Ukraine
UW3B,49.58,25.65,288,UKR,Ukraine
UW3C,49.45,32.07,288,UKR,Ukraine
UW3D,47.83,35.17,288,UKR,Ukraine
UW3E,48.48,35.0,288,UKR,Ukraine
UW3F,46.5,30.75,288,UKR,Ukraine
UW3G,46.65,32.63,288,UKR,Ukraine
UW3H,49.58,34.58,288,UKR,Ukraine
UW3I,48.0,37.83,288,UKR,Ukraine
UW3K,50.65,26.17,288,UKR,Ukraine
UW3L,50.37,36.25,288,UKR,Ukraine
UW3M,48.58,39.33,288,UKR,Ukraine
UW3N,49.18,28.5,288,UKR,Ukraine
UW3P,50.65,24.15,288,UKR,Ukraine
UW3R,51.5,31.3,288,UKR,Ukraine
UW3S,48.67,26.6,288,UKR,Ukraine
UW3T,49.42,26.98,288,UKR,Ukraine
UW3U,50.42,30.5,288,UKR,Ukraine
UW3V,48.52,32.25,288,UKR,Ukraine
UW3W,49.83,24.0,288,UKR,Ukraine
UW3X,50.3,28.67,288,UKR,Ukraine
UW3Y,48.32,25.87,288,UKR,Ukraine
UW3Z,46.95,32.0,288,UKR,Ukraine
UW4A,51.42,33.55,288,UKR,Ukraine
UW4B,49.58,25.65,288,UKR,Ukraine
UW4C,49.45,32.07,288,UKR,Ukraine
UW4D,47.83,35.17,288,UKR,Ukraine
UW4E,48.48,35.0,288,UKR,Ukraine
UW4F,46.5,30.75,288,UKR,Ukraine
UW4G,46.65,32.63,288,UKR,Ukraine
UW4H,49.58,34.58,288,UKR,Ukraine
UW4I,48.0,37.83,288,UKR,Ukraine
UW4K,50.65,26.17,288,UKR,Ukraine
UW4L,50.37,36.25,288,UKR,Ukraine
UW4M,48.58,39.33,288,UKR,Ukraine
UW4N,49.18,28.5,288,UKR,Ukraine
UW4P,50.65,24.15,288,UKR,Ukraine
UW4R,51.5,31.3,288,UKR,Ukraine
UW4S,48.67,26.6,288,UKR,Ukraine
UW4T,49.42,26.98,288,UKR,Ukraine
UW4U,50.42,30.5,288,UKR,Ukraine
UW4V,48.52,32.25,288,UKR,Ukraine
UW4W,49.83,24.0,288,UKR,Ukraine
UW4X,50.3,28.67,288,UKR,Ukraine
UW4Y,48.32,25.87,288,UKR,Ukraine
UW4Z,46.95,32.0,288,UKR,Ukraine
UW5A,51.42,33.55,288,UKR,Ukraine
UW5B,49.58,25.65,288,UKR,Ukraine
UW5C,49.45,32.07,288,UKR,Ukraine
UW5D,47.83,35.17,288,UKR,Ukraine
UW5E,48.48,35.0,288,UKR,Ukraine
UW5F,46.5,30.75,288,UKR,Ukraine
UW5G,46.65,32.63,288,UKR,Ukraine
UW5H,49.58,34.58,288,UKR,Ukraine
UW5I,48.0,37.83,288,UKR,Ukraine
UW5K,50.65,26.17,288,UKR,Ukraine
UW5L,50.37,36.25,288,UKR,Ukraine
UW5M,48.58,39.33,288,UKR,Ukraine
UW5N,49.18,28.5,288,UKR,Ukraine
UW5P,50.65,24.15,288,UKR,Ukraine
UW5R,51.5,31.3,288,UKR,Ukraine
UW5S,48.67,26.6,288,UKR,Ukraine
UW5T,49.42,26.98,288,UKR,Ukraine
UW5U,50.42,30.5,288,UKR,Ukraine
UW5V,48.52,32.25,288,UKR,Ukraine
UW5W,49.83,24.0,288,UKR,Ukraine
UW5X,50.3,28.67,288,UKR,Ukraine
UW5Y,48.32,25.87,288,UKR,Ukraine
UW5Z,46.95,32.0,288,UKR,Ukraine
UW6A,51.42,33.55,288,UKR,Ukraine
UW6B,49.58,25.65,288,UKR,Ukraine
UW6C,49.45,32.07,288,UKR,Ukraine
UW6D,47.83,35.17,288,UKR,Ukraine
UW6E,48.48,35.0,288,UKR,Ukraine
UW6F,46.5,30.75,288,UKR,Ukraine
UW6G,46.65,32.63,288,UKR,Ukraine
UW6H,49.58,34.58,288,UKR,Ukraine
UW6I,48.0,37.83,288,UKR,Ukraine
UW6K,50.65,26.17,288,UKR,Ukraine
UW6L,50.37,36.25,288,UKR,Ukraine
UW6M,48.58,39.33,288,UKR,Ukraine
UW6N,49.18,28.5,288,UKR,Ukraine
UW6P,50.65,24.15,288,UKR,Ukraine
UW6R,51.5,31.3,288,UKR,Ukraine
UW6S,48.67,26.6,288,UKR,Ukraine
UW6T,49.42,26.98,288,UKR,Ukraine
UW6U,50.42,30.5,288,UKR,Ukraine
UW6V,48.52,32.25,288,UKR,Ukraine
UW6W,49.83,24.0,288,UKR,Ukraine
UW6X,50.3,28.67,288,UKR,Ukraine
UW6Y,48.32,25.87,288,UKR,Ukraine
UW6Z,46.95,32.0,288,UKR,Ukraine
UW7A,51.42,33.55,288,UKR,Ukraine
UW7B,49.58,25.65,288,UKR,Ukraine
UW7C,49.45,32.07,288,UKR,Ukraine
UW7D,47.83,35.17,288,UKR,Ukraine
UW7E,48.48,35.0,288,UKR,Ukraine
UW7F,46.5,30.75,288,UKR,Ukraine
UW7G,46.65,32.63,288,UKR,Ukraine
UW7H,49.58,34.58,288,UKR,Ukraine
UW7I,48.0,37.83,288,UKR,Ukraine
UW7K,50.65,26.17,288,UKR,Ukraine
UW7L,50.37,36.25,288,UKR,Ukraine
UW7M,48.58,39.33,288,UKR,Ukraine
UW7N,49.18,28.5,288,UKR,Ukraine
UW7P,50.65,24.15,288,UKR,Ukraine
UW7R,51.5,31.3,288,UKR,Ukraine
UW7S,48.67,26.6,288,UKR,Ukraine
UW7T,49.42,26.98,288,UKR,Ukraine
UW7U,50.42,30.5,288,UKR,Ukraine
UW7V,48.52,32.25,288,UKR,Ukraine
UW7W,49.83,24.0,288,UKR,Ukraine
UW7X,50.3,28.67,288,UKR,Ukraine
UW7Y,48.32,25.87,288,UKR,Ukraine
UW7Z,46.95,32.0,288,UKR,Ukraine
UW8A,51.42,33.55,288,UKR,Ukraine
UW8B,49.58,25.65,288,UKR,Ukraine
UW8C,49.45,32.07,288,UKR,Ukraine
UW8D,47.83,35.17,288,UKR,Ukraine
UW8E,48.48,35.0,288,UKR,Ukraine
UW8F,46.5,30.75,288,UKR,Ukraine
UW8G,46.65,32.63,288,UKR,Ukraine
UW8H,49.58,34.58,288,UKR,Ukraine
UW8I,48.0,37.83,288,UKR,Ukraine
UW8K,50.65,26.17,288,UKR,Ukraine
UW8L,50.37,36.25,288,UKR,Ukraine
UW8M,48.58,39.33,288,UKR,Ukraine
UW8N,49.18,28.5,288,UKR,Ukraine
UW8P,50.65,24.15,288,UKR,Ukraine
UW8R,51.5,31.3,288,UKR,Ukraine
UW8S,48.67,26.6,288,UKR,Ukraine
UW8T,49.42,26.98,288,UKR,Ukraine
UW8U,50.42,30.5,288,UKR,Ukraine
UW8V,48.52,32.25,288,UKR,Ukraine
UW8W,49.83,24.0,288,UKR,Ukraine
UW8X,50.3,28.67,288,UKR,Ukraine
UW8Y,48.32,25.87,288,UKR,Ukraine
UW8Z,46.95,32.0,288,UKR,Ukraine
UW9A,51.42,33.55,288,UKR,Ukraine
UW9B,49.58,25.65,288,UKR,Ukraine
UW9C,49.45,32.07,288,UKR,Ukraine
UW9D,47.83,35.17,288,UKR,Ukraine
UW9E,48.48,35.0,288,UKR,Ukraine
UW9F,46.5,30.75,288,UKR,Ukraine
UW9G,46.65,32.63,288,UKR,Ukraine
UW9H,49.58,34.58,288,UKR,Ukraine
UW9I,48.0,37.83,288,UKR,Ukraine
UW9K,50.65,26.17,288,UKR,Ukraine
UW9L,50.37,36.25,288,UKR,Ukraine
UW9M,48.58,39.33,288,UKR,Ukraine
UW9N,49.18,28.5,288,UKR,Ukraine
UW9P,50.65,24.15,288,UKR,Ukraine
UW9R,51.5,31.3,288,UKR,Ukraine
UW9S,48.67,26.6,288,UKR,Ukraine
UW9T,49.42,26.98,288,UKR,Ukraine
UW9U,50.42,30.5,288,UKR,Ukraine
UW9V,48.52,32.25,288,UKR,Ukraine
UW9W,49.83,24.0,288,UKR,Ukraine
UW9X,50.3,28.67,288,UKR,Ukraine
UW9Y,48.32,25.87,288,UKR,Ukraine
UW9Z,46.95,32.0,288,UKR,Ukraine
UX,50.0,30.0,288,UKR,Ukraine
UX0A,51.42,33.55,288,UKR,Ukraine
UX0B,49.58,25.65,288,UKR,Ukraine
UX0C,49.45,32.07,288,UKR,Ukraine
UX0D,47.83,35.17,288,UKR,Ukraine
UX0E,48.48,35.0,288,UKR,Ukraine
UX0F,46.5,30.75,288,UKR,Ukraine
UX0G,46.65,32.63,288,UKR,Ukraine
UX0H,49.58,34.58,288,UKR,Ukraine
UX0I,48.0,37.83,288,UKR,Ukraine
UX0K,50.65,26.17,288,UKR,Ukraine
UX0L,50.37,36.25,288,UKR,Ukraine
UX0M,48.58,39.33,288,UKR,Ukraine
UX0N,49.18,28.5,288,UKR,Ukraine
UX0P,50.65,24.15,288,UKR,Ukraine
UX0R,51.5,31.3,288,UKR,Ukraine
UX0S,48.67,26.6,288,UKR,Ukraine
UX0T,49.42,26.98,288,UKR,Ukraine
UX0U,50.42,30.5,288,UKR,Ukraine
UX0V,48.52,32.25,288,UKR,Ukraine
UX0W,49.83,24.0,288,UKR,Ukraine
UX0X,50.3,28.67,288,UKR,Ukraine
UX0Y,48.32,25.87,288,UKR,Ukraine
UX0Z,46.95,32.0,288,UKR,Ukraine
UX1A,51.42,33.55,288,UKR,Ukraine
UX1B,49.58,25.65,288,UKR,Ukraine
UX1C,49.45,32.07,288,UKR,Ukraine
UX1D,47.83,35.17,288,UKR,Ukraine
UX1E,48.48,35.0,288,UKR,Ukraine
UX1F,46.5,30.75,288,UKR,Ukraine
UX1G,46.65,32.63,288,UKR,Ukraine
UX1H,49.58,34.58,288,UKR,Ukraine
UX1I,48.0,37.83,288,UKR,Ukraine
UX1K,50.65,26.17,288,UKR,Ukraine
UX1L,50.37,36.25,288,UKR,Ukraine
UX1M,48.58,39.33,288,UKR,Ukraine
UX1N,49.18,28.5,288,UKR,Ukraine
UX1P,50.65,24.15,288,UKR,Ukraine
UX1R,51.5,31.3,288,UKR,Ukraine
UX1S,48.67,26.6,288,UKR,Ukraine
UX1T,49.42,26.98,288,UKR,Ukraine
UX1U,50.42,30.5,288,UKR,Ukraine
UX1V,48.52,32.25,288,UKR,Ukraine
UX1W,49.83,24.0,288,UKR,Ukraine
UX1X,50.3,28.67,288,UKR,Ukraine
UX1Y,48.32,25.87,288,UKR,Ukraine
UX1Z,46.95,32.0,288,UKR,Ukraine
UX2A,51.42,33.55,288,UKR,Ukraine
UX2B,49.58,25.65,288,UKR,Ukraine
UX2C,49.45,32.07,288,UKR,Ukraine
UX2D,47.83,35.17,288,UKR,Ukraine
UX2E,48.48,35.0,288,UKR,Ukraine
UX2F,46.5,30.75,288,UKR,Ukraine
UX2G,46.65,32.63,288,UKR,Ukraine
UX2H,49.58,34.58,288,UKR,Ukraine
UX2I,48.0,37.83,288,UKR,Ukraine
UX2K,50.65,26.17,288,UKR,Ukraine
UX2L,50.37,36.25,288,UKR,Ukraine
UX2M,48.58,39.33,288,UKR,Ukraine
UX2N,49.18,28.5,288,UKR,Ukraine
UX2P,50.65,24.15,288,UKR,Ukraine
UX2R,51.5,31.3,288,UKR,Ukraine
UX2S,48.67,26.6,288,UKR,Ukraine
UX2T,49.42,26.98,288,UKR,Ukraine
UX2U,50.42,30.5,288,UKR,Ukraine
UX2V,48.52,32.25,288,UKR,Ukraine
UX2W,49.83,24.0,288,UKR,Ukraine
UX2X,50.3,28.67,288,UKR,Ukraine
UX2Y,48.32,25.87,288,UKR,Ukraine
UX2Z,46.95,32.0,288,UKR,Ukraine
UX3A,51.42,33.55,288,UKR,Ukraine
UX3B,49.58,25.65,288,UKR,Ukraine
UX3C,49.45,32.07,288,UKR,Ukraine
UX3D,47.83,35.17,288,UKR,Ukraine
UX3E,48.48,35.0,288,UKR,Ukraine
UX3F,46.5,30.75,288,UKR,Ukraine
UX3G,46.65,32.63,288,UKR,Ukraine
UX3H,49.58,34.58,288,UKR,Ukraine
UX3I,48.0,37.83,288,UKR,Ukraine
UX3K,50.65,26.17,288,UKR,Ukraine
UX3L,50.37,36.25,288,UKR,Ukraine
UX3M,48.58,39.33,288,UKR,Ukraine
UX3N,49.18,28.5,288,UKR,Ukraine
UX3P,50.65,24.15,288,UKR,Ukraine
UX3R,51.5,31.3,288,UKR,Ukraine
UX3S,48.67,26.6,288,UKR,Ukraine
UX3T,49.42,26.98,288,UKR,Ukraine
UX3U,50.42,30.5,288,UKR,Ukraine
UX3V,48.52,32.25,288,UKR,Ukraine
UX3W,49.83,24.0,288,UKR,Ukraine
UX3X,50.3,28.67,288,UKR,Ukraine
UX3Y,48.32,25.87,288,UKR,Ukraine
UX3Z,46.95,32.0,288,UKR,Ukraine
UX4A,51.42,33.55,288,UKR,Ukraine
UX4B,49.58,25.65,288,UKR,Ukraine
UX4C,49.45,32.07,288,UKR,Ukraine
UX4D,47.83,35.17,288,UKR,Ukraine
UX4E,48.48,35.0,288,UKR,Ukraine
UX4F,46.5,30.75,288,UKR,Ukraine
UX4G,46.65,32.63,288,UKR,Ukraine
UX4H,49.58,34.58,288,UKR,Ukraine
UX4I,48.0,37.83,288,UKR,Ukraine
UX4K,50.65,26.17,288,UKR,Ukraine
UX4L,50.37,36.25,288,UKR,Ukraine
UX4M,48.58,39.33,288,UKR,Ukraine
UX4N,49.18,28.5,288,UKR,Ukraine
UX4P,50.65,24.15,288,UKR,Ukraine
UX4R,51.5,31.3,288,UKR,Ukraine
UX4S,48.67,26.6,288,UKR,Ukraine
UX4T,49.42,26.98,288,UKR,Ukraine
UX4U,50.42,30.5,288,UKR,Ukraine
UX4V,48.52,32.25,288,UKR,Ukraine
UX4W,49.83,24.0,288,UKR,Ukraine
UX4X,50.3,28.67,288,UKR,Ukraine
UX4Y,48.32,25.87,288,UKR,Ukraine
UX4Z,46.95,32.0,288,UKR,Ukraine
UX5A,51.42,33.55,288,UKR,Ukraine
UX5B,49.58,25.65,288,UKR,Ukraine
UX5C,49.45,32.07,288,UKR,Ukraine
UX5D,47.83,35.17,288,UKR,Ukraine
UX5E,48.48,35.0,288,UKR,Ukraine
UX5F,46.5,30.75,288,UKR,Ukraine
UX5G,46.65,32.63,288,UKR,Ukraine
UX5H,49.58,34.58,288,UKR,Ukraine
UX5I,48.0,37.83,288,UKR,Ukraine
UX5K,50.65,26.17,288,UKR,Ukraine
UX5L,50.37,36.25,288,UKR,Ukraine
UX5M,48.58,39.33,288,UKR,Ukraine
UX5N,49.18,28.5,288,UKR,Ukraine
UX5P,50.65,24.15,288,UKR,Ukraine
UX5R,51.5,31.3,288,UKR,Ukraine
UX5S,48.67,26.6,288,UKR,Ukraine
UX5T,49.42,26.98,288,UKR,Ukraine
UX5U,50.42,30.5,288,UKR,Ukraine
UX5V,48.52,32.25,288,UKR,Ukraine
UX5W,49.83,24.0,288,UKR,Ukraine
UX5X,50.3,28.67,288,UKR,Ukraine
UX5Y,48.32,25.87,288,UKR,Ukraine
UX5Z,46.95,32.0,288,UKR,Ukraine
UX6A,51.42,33.55,288,UKR,Ukraine
UX6B,49.58,25.65,288,UKR,Ukraine
UX6C,49.45,32.07,288,UKR,Ukraine
UX6D,47.83,35.17,288,UKR,Ukraine
UX6E,48.48,35.0,288,UKR,Ukraine
UX6F,46.5,30.75,288,UKR,Ukraine
UX6G,46.65,32.63,288,UKR,Ukraine
UX6H,49.58,34.58,288,UKR,Ukraine
UX6I,48.0,37.83,288,UKR,Ukraine
UX6K,50.65,26.17,288,UKR,Ukraine
UX6L,50.37,36.25,288,UKR,Ukraine
UX6M,48.58,39.33,288,UKR,Ukraine
UX6N,49.18,28.5,288,UKR,Ukraine
UX6P,50.65,24.15,288,UKR,Ukraine
UX6R,51.5,31.3,288,UKR,Ukraine
UX6S,48.67,26.6,288,UKR,Ukraine
UX6T,49.42,26.98,288,UKR,Ukraine
UX6U,50.42,30.5,288,UKR,Ukraine
UX6V,48.52,32.25,288,UKR,Ukraine
UX6W,49.83,24.0,288,UKR,Ukraine
UX6X,50.3,28.67,288,UKR,Ukraine
UX6Y,48.32,25.87,288,UKR,Ukraine
UX6Z,46.95,32.0,288,UKR,Ukraine
UX7A,51.42,33.55,288,UKR,Ukraine
UX7B,49.58,25.65,288,UKR,Ukraine
UX7C,49.45,32.07,288,UKR,Ukraine
UX7D,47.83,35.17,288,UKR,Ukraine
UX7E,48.48,35.0,288,UKR,Ukraine
UX7F,46.5,30.75,288,UKR,Ukraine
UX7G,46.65,32.63,288,UKR,Ukraine
UX7H,49.58,34.58,288,UKR,Ukraine
UX7I,48.0,37.83,288,UKR,Ukraine
UX7K,50.65,26.17,288,UKR,Ukraine
UX7L,50.37,36.25,288,UKR,Ukraine
UX7M,48.58,39.33,288,UKR,Ukraine
UX7N,49.18,28.5,288,UKR,Ukraine
UX7P,50.65,24.15,288,UKR,Ukraine
UX7R,51.5,31.3,288,UKR,Ukraine
UX7S,48.67,26.6,288,UKR,Ukraine
UX7T,49.42,26.98,288,UKR,Ukraine
UX7U,50.42,30.5,288,UKR,Ukraine
UX7V,48.52,32.25,288,UKR,Ukraine
UX7W,49.83,24.0,288,UKR,Ukraine
UX7X,50.3,28.67,288,UKR,Ukraine
UX7Y,48.32,25.87,288,UKR,Ukraine
UX7Z,46.95,32.0,288,UKR,Ukraine
UX8A,51.42,33.55,288,UKR,Ukraine
UX8B,49.58,25.65,288,UKR,Ukraine
UX8C,49.45,32.07,288,UKR,Ukraine
UX8D,47.83,35.17,288,UKR,Ukraine
UX8E,48.48,35.0,288,UKR,Ukraine
UX8F,46.5,30.75,288,UKR,Ukraine
UX8G,46.65,32.63,288,UKR,Ukraine
UX8H,49.58,34.58,288,UKR,Ukraine
UX8I,48.0,37.83,288,UKR,Ukraine
UX8K,50.65,26.17,288,UKR,Ukraine
UX8L,50.37,36.25,288,UKR,Ukraine
UX8M,48.58,39.33,288,UKR,Ukraine
UX8N,49.18,28.5,288,UKR,Ukraine
UX8P,50.65,24.15,288,UKR,Ukraine
UX8R,51.5,31.3,288,UKR,Ukraine
UX8S,48.67,26.6,288,UKR,Ukraine
UX8T,49.42,26.98,288,UKR,Ukraine
UX8U,50.42,30.5,288,UKR,Ukraine
UX8V,48.52,32.25,288,UKR,Ukraine
UX8W,49.83,24.0,288,UKR,Ukraine
UX8X,50.3,28.67,288,UKR,Ukraine
UX8Y,48.32,25.87,288,UKR,Ukraine
UX8Z,46.95,32.0,288,UKR,Ukraine
UX9A,51.42,33.55,288,UKR,Ukraine
UX9B,49.58,25.65,288,UKR,Ukraine
UX9C,49.45,32.07,288,UKR,Ukraine
UX9D,47.83,35.17,288,UKR,Ukraine
UX9E,48.48,35.0,288,UKR,Ukraine
UX9F,46.5,30.75,288,UKR,Ukraine
UX9G,46.65,32.63,288,UKR,Ukraine
UX9H,49.58,34.58,288,UKR,Ukraine
UX9I,48.0,37.83,288,UKR,Ukraine
UX9K,50.65,26.17,288,UKR,Ukraine
UX9L,50.37,36.25,288,UKR,Ukraine
UX9M,48.58,39.33,288,UKR,Ukraine
UX9N,49.18,28.5,288,UKR,Ukraine
UX9P,50.65,24.15,288,UKR,Ukraine
UX9R,51.5,31.3,288,UKR,Ukraine
UX9S,48.67,26.6,288,UKR,Ukraine
UX9T,49.42,26.98,288,UKR,Ukraine
UX9U,50.42,30.5,288,UKR,Ukraine
UX9V,48.52,32.25,288,UKR,Ukraine
UX9W,49.83,24.0,288,UKR,Ukraine
UX9X,50.3,28.67,288,UKR,Ukraine
UX9Y,48.32,25.87,288,UKR,Ukraine
UX9Z,46.95,32.0,288,UKR,Ukraine
UY,50.0,30.0,288,UKR,Ukraine
UY0A,51.42,33.55,288,UKR,Ukraine
UY0B,49.58,25.65,288,UKR,Ukraine
UY0C,49.45,32.07,288,UKR,Ukraine
UY0D,47.83,35.17,288,UKR,Ukraine
UY0E,48.48,35.0,288,UKR,Ukraine
UY0F,46.5,30.75,288,UKR,Ukraine
UY0G,46.65,32.63,288,UKR,Ukraine
UY0H,49.58,34.58,288,UKR,Ukraine
UY0I,48.0,37.83,288,UKR,Ukraine
UY0K,50.65,26.17,288,UKR,Ukraine
UY0L,50.37,36.25,288,UKR,Ukraine
UY0M,48.58,39.33,288,UKR,Ukraine
UY0N,49.18,28.5,288,UKR,Ukraine
UY0P,50.65,24.15,288,UKR,Ukraine
UY0R,51.5,31.3,288,UKR,Ukraine
UY0S,48.67,26.6,288,UKR,Ukraine
UY0T,49.42,26.98,288,UKR,Ukraine
UY0U,50.42,30.5,288,UKR,Ukraine
UY0V,48.52,32.25,288,UKR,Ukraine
UY0W,49.83,24.0,288,UKR,Ukraine
UY0X,50.3,28.67,288,UKR,Ukraine
UY0Y,48.32,25.87,288,UKR,Ukraine
UY0Z,46.95,32.0,288,UKR,Ukraine
UY1A,51.42,33.55,288,UKR,Ukraine
UY1B,49.58,25.65,288,UKR,Ukraine
UY1C,49.45,32.07,288,UKR,Ukraine
UY1D,47.83,35.17,288,UKR,Ukraine
UY1E,48.48,35.0,288,UKR,Ukraine
UY1F,46.5,30.75,288,UKR,Ukraine
UY1G,46.65,32.63,288,UKR,Ukraine
UY1H,49.58,34.58,288,UKR,Ukraine
UY1I,48.0,37.83,288,UKR,Ukraine
UY1K,50.65,26.17,288,UKR,Ukraine
UY1L,50.37,36.25,288,UKR,Ukraine
UY1M,48.58,39.33,288,UKR,Ukraine
UY1N,49.18,28.5,288,UKR,Ukraine
UY1P,50.65,24.15,288,UKR,Ukraine
UY1R,51.5,31.3,288,UKR,Ukraine
UY1S,48.67,26.6,288,UKR,Ukraine
UY1T,49.42,26.98,288,UKR,Ukraine
UY1U,50.42,30.5,288,UKR,Ukraine
UY1V,48.52,32.25,288,UKR,Ukraine
UY1W,49.83,24.0,288,UKR,Ukraine
UY1X,50.3,28.67,288,UKR,Ukraine
UY1Y,48.32,25.87,288,UKR,Ukraine
UY1Z,46.95,32.0,288,UKR,Ukraine
UY2A,51.42,33.55,288,UKR,Ukraine
UY2B,49.58,25.65,288,UKR,Ukraine
UY2C,49.45,32.07,288,UKR,Ukraine
UY2D,47.83,35.17,288,UKR,Ukraine
UY2E,48.48,35.0,288,UKR,Ukraine
UY2F,46.5,30.75,288,UKR,Ukraine
UY2G,46.65,32.63,288,UKR,Ukraine
UY2H,49.58,34.58,288,UKR,Ukraine
UY2I,48.0,37.83,288,UKR,Ukraine
UY2K,50.65,26.17,288,UKR,Ukraine
UY2L,50.37,36.25,288,UKR,Ukraine
UY2M,48.58,39.33,288,UKR,Ukraine
UY2N,49.18,28.5,288,UKR,Ukraine
UY2P,50.65,24.15,288,UKR,Ukraine
UY2R,51.5,31.3,288,UKR,Ukraine
UY2S,48.67,26.6,288,UKR,Ukraine
UY2T,49.42,26.98,288,UKR,Ukraine
UY2U,50.42,30.5,288,UKR,Ukraine
UY2V,48.52,32.25,288,UKR,Ukraine
UY2W,49.83,24.0,288,UKR,Ukraine
UY2X,50.3,28.67,288,UKR,Ukraine
UY2Y,48.32,25.87,288,UKR,Ukraine
UY2Z,46.95,32.0,288,UKR,Ukraine
UY3A,51.42,33.55,288,UKR,Ukraine
UY3B,49.58,25.65,288,UKR,Ukraine
UY3C,49.45,32.07,288,UKR,Ukraine
UY3D,47.83,35.17,288,UKR,Ukraine
UY3E,48.48,35.0,288,UKR,Ukraine
UY3F,46.5,30.75,288,UKR,Ukraine
UY3G,46.65,32.63,288,UKR,Ukraine
UY3H,49.58,34.58,288,UKR,Ukraine
UY3I,48.0,37.83,288,UKR,Ukraine
UY3K,50.65,26.17,288,UKR,Ukraine
UY3L,50.37,36.25,288,UKR,Ukraine
UY3M,48.58,39.33,288,UKR,Ukraine
UY3N,49.18,28.5,288,UKR,Ukraine
UY3P,50.65,24.15,288,UKR,Ukraine
UY3R,51.5,31.3,288,UKR,Ukraine
UY3S,48.67,26.6,288,UKR,Ukraine
UY3T,49.42,26.98,288,UKR,Ukraine
UY3U,50.42,30.5,288,UKR,Ukraine
UY3V,48.52,32.25,288,UKR,Ukraine
UY3W,49.83,24.0,288,UKR,Ukraine
UY3X,50.3,28.67,288,UKR,Ukraine
UY3Y,48.32,25.87,288,UKR,Ukraine
UY3Z,46.95,32.0,288,UKR,Ukraine
UY4A,51.42,33.55,288,UKR,Ukraine
UY4B,49.58,25.65,288,UKR,Ukraine
UY4C,49.45,32.07,288,UKR,Ukraine
UY4D,47.83,35.17,288,UKR,Ukraine
UY4E,48.48,35.0,288,UKR,Ukraine
UY4F,46.5,30.75,288,UKR,Ukraine
UY4G,46.65,32.63,288,UKR,Ukraine
UY4H,49.58,34.58,288,UKR,Ukraine
UY4I,48.0,37.83,288,UKR,Ukraine
UY4K,50.65,26.17,288,UKR,Ukraine
UY4L,50.37,36.25,288,UKR,Ukraine
UY4M,48.58,39.33,288,UKR,Ukraine
UY4N,49.18,28.5,288,UKR,Ukraine
UY4P,50.65,24.15,288,UKR,Ukraine
UY4R,51.5,31.3,288,UKR,Ukraine
UY4S,48.67,26.6,288,UKR,Ukraine
UY4T,49.42,26.98,288,UKR,Ukraine
UY4U,50.42,30.5,288,UKR,Ukraine
UY4V,48.52,32.25,288,UKR,Ukraine
UY4W,49.83,24.0,288,UKR,Ukraine
UY4X,50.3,28.67,288,UKR,Ukraine
UY4Y,48.32,25.87,288,UKR,Ukraine
UY4Z,46.95,32.0,288,UKR,Ukraine
UY5A,51.42,33.55,288,UKR,Ukraine
UY5B,49.58,25.65,288,UKR,Ukraine
UY5C,49.45,32.07,288,UKR,Ukraine
UY5D,47.83,35.17,288,UKR,Ukraine
UY5E,48.48,35.0,288,UKR,Ukraine
UY5F,46.5,30.75,288,UKR,Ukraine
UY5G,46.65,32.63,288,UKR,Ukraine
UY5H,49.58,34.58,288,UKR,Ukraine
UY5I,48.0,37.83,288,UKR,Ukraine
UY5K,50.65,26.17,288,UKR,Ukraine
UY5L,50.37,36.25,288,UKR,Ukraine
UY5M,48.58,39.33,288,UKR,Ukraine
UY5N,49.18,28.5,288,UKR,Ukraine
UY5P,50.65,24.15,288,UKR,Ukraine
UY5R,51.5,31.3,288,UKR,Ukraine
UY5S,48.67,26.6,288,UKR,Ukraine
UY5T,49.42,26.98,288,UKR,Ukraine
UY5U,50.42,30.5,288,UKR,Ukraine
UY5V,48.52,32.25,288,UKR,Ukraine
UY5W,49.83,24.0,288,UKR,Ukraine
UY5X,50.3,28.67,288,UKR,Ukraine
UY5Y,48.32,25.87,288,UKR,Ukraine
UY5Z,46.95,32.0,288,UKR,Ukraine
UY6A,51.42,33.55,288,UKR,Ukraine
UY6B,49.58,25.65,288,UKR,Ukraine
UY6C,49.45,32.07,288,UKR,Ukraine
UY6D,47.83,35.17,288,UKR,Ukraine
UY6E,48.48,35.0,288,UKR,Ukraine
UY6F,46.5,30.75,288,UKR,Ukraine
UY6G,46.65,32.63,288,UKR,Ukraine
UY6H,49.58,34.58,288,UKR,Ukraine
UY6I,48.0,37.83,288,UKR,Ukraine
UY6K,50.65,26.17,288,UKR,Ukraine
UY6L,50.37,36.25,288,UKR,Ukraine
UY6M,48.58,39.33,288,UKR,Ukraine
UY6N,49.18,28.5,288,UKR,Ukraine
UY6P,50.65,24.15,288,UKR,Ukraine
UY6R,51.5,31.3,288,UKR,Ukraine
UY6S,48.67,26.6,288,UKR,Ukraine
UY6T,49.42,26.98,288,UKR,Ukraine
UY6U,50.42,30.5,288,UKR,Ukraine
UY6V,48.52,32.25,288,UKR,Ukraine
UY6W,49.83,24.0,288,UKR,Ukraine
UY6X,50.3,28.67,288,UKR,Ukraine
UY6Y,48.32,25.87,288,UKR,Ukraine
UY6Z,46.95,32.0,288,UKR,Ukraine
UY7A,51.42,33.55,288,UKR,Ukraine
UY7B,49.58,25.65,288,UKR,Ukraine
UY7C,49.45,32.07,288,UKR,Ukraine
UY7D,47.83,35.17,288,UKR,Ukraine
UY7E,48.48,35.0,288,UKR,Ukraine
UY7F,46.5,30.75,288,UKR,Ukraine
UY7G,46.65,32.63,288,UKR,Ukraine
UY7H,49.58,34.58,288,UKR,Ukraine
UY7I,48.0,37.83,288,UKR,Ukraine
UY7K,50.65,26.17,288,UKR,Ukraine
UY7L,50.37,36.25,288,UKR,Ukraine
UY7M,48.58,39.33,288,UKR,Ukraine
UY7N,49.18,28.5,288,UKR,Ukraine
UY7P,50.65,24.15,288,UKR,Ukraine
UY7R,51.5,31.3,288,UKR,Ukraine
UY7S,48.67,26.6,288,UKR,Ukraine
UY7T,49.42,26.98,288,UKR,Ukraine
UY7U,50.42,30.5,288,UKR,Ukraine
UY7V,48.52,32.25,288,UKR,Ukraine
UY7W,49.83,24.0,288,UKR,Ukraine
UY7X,50.3,28.67,288,UKR,Ukraine
UY7Y,48.32,25.87,288,UKR,Ukraine
UY7Z,46.95,32.0,288,UKR,Ukraine
UY8A,51.42,33.55,288,UKR,Ukraine
UY8B,49.58,25.65,288,UKR,Ukraine
UY8C,49.45,32.07,288,UKR,Ukraine
UY8D,47.83,35.17,288,UKR,Ukraine
UY8E,48.48,35.0,288,UKR,Ukraine
UY8F,46.5,30.75,288,UKR,Ukraine
UY8G,46.65,32.63,288,UKR,Ukraine
UY8H,49.58,34.58,288,UKR,Ukraine
UY8I,48.0,37.83,288,UKR,Ukraine
UY8K,50.65,26.17,288,UKR,Ukraine
UY8L,50.37,36.25,288,UKR,Ukraine
UY8M,48.58,39.33,288,UKR,Ukraine
UY8N,49.18,28.5,288,UKR,Ukraine
UY8P,50.65,24.15,288,UKR,Ukraine
UY8R,51.5,31.3,288,UKR,Ukraine
UY8S,48.67,26.6,288,UKR,Ukraine
UY8T,49.42,26.98,288,UKR,Ukraine
UY8U,50.42,30.5,288,UKR,Ukraine
UY8V,48.52,32.25,288,UKR,Ukraine
UY8W,49.83,24.0,288,UKR,Ukraine
UY8X,50.3,28.67,288,UKR,Ukraine
UY8Y,48.32,25.87,288,UKR,Ukraine
UY8Z,46.95,32.0,288,UKR,Ukraine
UY9A,51.42,33.55,288,UKR,Ukraine
UY9B,49.58,25.65,288,UKR,Ukraine
UY9C,49.45,32.07,288,UKR,Ukraine
UY9D,47.83,35.17,288,UKR,Ukraine
UY9E,48.48,35.0,288,UKR,Ukraine
UY9F,46.5,30.75,288,UKR,Ukraine
UY9G,46.65,32.63,288,UKR,Ukraine
UY9H,49.58,34.58,288,UKR,Ukraine
UY9I,48.0,37.83,288,UKR,Ukraine
UY9K,50.65,26.17,288,UKR,Ukraine
UY9L,50.37,36.25,288,UKR,Ukraine
UY9M,48.58,39.33,288,UKR,Ukraine
UY9N,49.18,28.5,288,UKR,Ukraine
UY9P,50.65,24.15,288,UKR,Ukraine
UY9R,51.5,31.3,288,UKR,Ukraine
UY9S,48.67,26.6,288,UKR,Ukraine
UY9T,49.42,26.98,288,UKR,Ukraine
UY9U,50.42,30.5,288,UKR,Ukraine
UY9V,48.52,32.25,288,UKR,Ukraine
UY9W,49.83,24.0,288,UKR,Ukraine
UY9X,50.3,28.67,288,UKR,Ukraine
UY9Y,48.32,25.87,288,UKR,Ukraine
UY9Z,46.95,32.0,288,UKR,Ukraine
UZ,50.0,30.0,288,UKR,Ukraine
UZ0A,51.42,33.55,288,UKR,Ukraine
UZ0B,49.58,25.65,288,UKR,Ukraine
UZ0C,49.45,32.07,288,UKR,Ukraine
UZ0D,47.83,35.17,288,UKR,Ukraine
UZ0E,48.48,35.0,288,UKR,Ukraine
UZ0F,46.5,30.75,288,UKR,Ukraine
UZ0G,46.65,32.63,288,UKR,Ukraine
UZ0H,49.58,34.58,288,UKR,Ukraine
UZ0I,48.0,37.83,288,UKR,Ukraine
UZ0K,50.65,26.17,288,UKR,Ukraine
UZ0L,50.37,36.25,288,UKR,Ukraine
UZ0M,48.58,39.33,288,UKR,Ukraine
UZ0N,49.18,28.5,288,UKR,Ukraine
UZ0P,50.65,24.15,288,UKR,Ukraine
UZ0R,51.5,31.3,288,UKR,Ukraine
UZ0S,48.67,26.6,288,UKR,Ukraine
UZ0T,49.42,26.98,288,UKR,Ukraine
UZ0U,50.42,30.5,288,UKR,Ukraine
UZ0V,48.52,32.25,288,UKR,Ukraine
UZ0W,49.83,24.0,288,UKR,Ukraine
UZ0X,50.3,28.67,288,UKR,Ukraine
UZ0Y,48.32,25.87,288,UKR,Ukraine
UZ0Z,46.95,32.0,288,UKR,Ukraine
UZ1A,51.42,33.55,288,UKR,Ukraine
UZ1B,49.58,25.65,288,UKR,Ukraine
UZ1C,49.45,32.07,288,UKR,Ukraine
UZ1D,47.83,35.17,288,UKR,Ukraine
UZ1E,48.48,35.0,288,UKR,Ukraine
UZ1F,46.5,30.75,288,UKR,Ukraine
UZ1G,46.65,32.63,288,UKR,Ukraine
UZ1H,49.58,34.58,288,UKR,Ukraine
UZ1I,48.0,37.83,288,UKR,Ukraine
UZ1K,50.65,26.17,288,UKR,Ukraine
UZ1L,50.37,36.25,288,UKR,Ukraine
UZ1M,48.58,39.33,288,UKR,Ukraine
UZ1N,49.18,28.5,288,UKR,Ukraine
UZ1P,50.65,24.15,288,UKR,Ukraine
UZ1R,51.5,31.3,288,UKR,Ukraine
UZ1S,48.67,26.6,288,UKR,Ukraine
UZ1T,49.42,26.98,288,UKR,Ukraine
UZ1U,50.42,30.5,288,UKR,Ukraine
UZ1V,48.52,32.25,288,UKR,Ukraine
UZ1W,49.83,24.0,288,UKR,Ukraine
UZ1X,50.3,28.67,288,UKR,Ukraine
UZ1Y,48.32,25.87,288,UKR,Ukraine
UZ1Z,46.95,32.0,288,UKR,Ukraine
UZ2A,51.42,33.55,288,UKR,Ukraine
UZ2B,49.58,25.65,288,UKR,Ukraine
UZ2C,49.45,32.07,288,UKR,Ukraine
UZ2D,47.83,35.17,288,UKR,Ukraine
UZ2E,48.48,35.0,288,UKR,Ukraine
UZ2F,46.5,30.75,288,UKR,Ukraine
UZ2G,46.65,32.63,288,UKR,Ukraine
UZ2H,49.58,34.58,288,UKR,Ukraine
UZ2I,48.0,37.83,288,UKR,Ukraine
UZ2K,50.65,26.17,288,UKR,Ukraine
UZ2L,50.37,36.25,288,UKR,Ukraine
UZ2M,48.58,39.33,288,UKR,Ukraine
UZ2N,49.18,28.5,288,UKR,Ukraine
UZ2P,50.65,24.15,288,UKR,Ukraine
UZ2R,51.5,31.3,288,UKR,Ukraine
UZ2S,48.67,26.6,288,UKR,Ukraine
UZ2T,49.42,26.98,288,UKR,Ukraine
UZ2U,50.42,30.5,288,UKR,Ukraine
UZ2V,48.52,32.25,288,UKR,Ukraine
UZ2W,49.83,24.0,288,UKR,Ukraine
UZ2X,50.3,28.67,288,UKR,Ukraine
UZ2Y,48.32,25.87,288,UKR,Ukraine
UZ2Z,46.95,32.0,288,UKR,Ukraine
UZ3A,51.42,33.55,288,UKR,Ukraine
UZ3B,49.58,25.65,288,UKR,Ukraine
UZ3C,49.45,32.07,288,UKR,Ukraine
UZ3D,47.83,35.17,288,UKR,Ukraine
UZ3E,48.48,35.0,288,UKR,Ukraine
UZ3F,46.5,30.75,288,UKR,Ukraine
UZ3G,46.65,32.63,288,UKR,Ukraine
UZ3H,49.58,34.58,288,UKR,Ukraine
UZ3I,48.0,37.83,288,UKR,Ukraine
UZ3K,50.65,26.17,288,UKR,Ukraine
UZ3L,50.37,36.25,288,UKR,Ukraine
UZ3M,48.58,39.33,288,UKR,Ukraine
UZ3N,49.18,28.5,288,UKR,Ukraine
UZ3P,50.65,24.15,288,UKR,Ukraine
UZ3R,51.5,31.3,288,UKR,Ukraine
UZ3S,48.67,26.6,288,UKR,Ukraine
UZ3T,49.42,26.98,288,UKR,Ukraine
UZ3U,50.42,30.5,288,UKR,Ukraine
UZ3V,48.52,32.25,288,UKR,Ukraine
UZ3W,49.83,24.0,288,UKR,Ukraine
UZ3X,50.3,28.67,288,UKR,Ukraine
UZ3Y,48.32,25.87,288,UKR,Ukraine
UZ3Z,46.95,32.0,288,UKR,Ukraine
UZ4A,51.42,33.55,288,UKR,Ukraine
UZ4B,49.58,25.65,288,UKR,Ukraine
UZ4C,49.45,32.07,288,UKR,Ukraine
UZ4D,47.83,35.17,288,UKR,Ukraine
UZ4E,48.48,35.0,288,UKR,Ukraine
UZ4F,46.5,30.75,288,UKR,Ukraine
UZ4G,46.65,32.63,288,UKR,Ukraine
UZ4H,49.58,34.58,288,UKR,Ukraine
UZ4I,48.0,37.83,288,UKR,Ukraine
UZ4K,50.65,26.17,288,UKR,Ukraine
UZ4L,50.37,36.25,288,UKR,Ukraine
UZ4M,48.58,39.33,288,UKR,Ukraine
UZ4N,49.18,28.5,288,UKR,Ukraine
UZ4P,50.65,24.15,288,UKR,Ukraine
UZ4R,51.5,31.3,288,UKR,Ukraine
UZ4S,48.67,26.6,288,UKR,Ukraine
UZ4T,49.42,26.98,288,UKR,Ukraine
UZ4U,50.42,30.5,288,UKR,Ukraine
UZ4V,48.52,32.25,288,UKR,Ukraine
UZ4W,49.83,24.0,288,UKR,Ukraine
UZ4X,50.3,28.67,288,UKR,Ukraine
UZ4Y,48.32,25.87,288,UKR,Ukraine
UZ4Z,46.95,32.0,288,UKR,Ukraine
UZ5A,51.42,33.55,288,UKR,Ukraine
UZ5B,49.58,25.65,288,UKR,Ukraine
UZ5C,49.45,32.07,288,UKR,Ukraine
UZ5D,47.83,35.17,288,UKR,Ukraine
UZ5E,48.48,35.0,288,UKR,Ukraine
UZ5F,46.5,30.75,288,UKR,Ukraine
UZ5G,46.65,32.63,288,UKR,Ukraine
UZ5H,49.58,34.58,288,UKR,Ukraine
UZ5I,48.0,37.83,288,UKR,Ukraine
UZ5K,50.65,26.17,288,UKR,Ukraine
UZ5L,50.37,36.25,288,UKR,Ukraine
UZ5M,48.58,39.33,288,UKR,Ukraine
UZ5N,49.18,28.5,288,UKR,Ukraine
UZ5P,50.65,24.15,288,UKR,Ukraine
UZ5R,51.5,31.3,288,UKR,Ukraine
UZ5S,48.67,26.6,288,UKR,Ukraine
UZ5T,49.42,26.98,288,UKR,Ukraine
UZ5U,50.42,30.5,288,UKR,Ukraine
UZ5V,48.52,32.25,288,UKR,Ukraine
UZ5W,49.83,24.0,288,UKR,Ukraine
UZ5X,50.3,28.67,288,UKR,Ukraine
UZ5Y,48.32,25.87,288,UKR,Ukraine
UZ5Z,46.95,32.0,288,UKR,Ukraine
UZ6A,51.42,33.55,288,UKR,Ukraine
UZ6B,49.58,25.65,288,UKR,Ukraine
UZ6C,49.45,32.07,288,UKR,Ukraine
UZ6D,47.83,35.17,288,UKR,Ukraine
UZ6E,48.48,35.0,288,UKR,Ukraine
UZ6F,46.5,30.75,288,UKR,Ukraine
UZ6G,46.65,32.63,288,UKR,Ukraine
UZ6H,49.58,34.58,288,UKR,Ukraine
UZ6I,48.0,37.83,288,UKR,Ukraine
UZ6K,50.65,26.17,288,UKR,Ukraine
UZ6L,50.37,36.25,288,UKR,Ukraine
UZ6M,48.58,39.33,288,UKR,Ukraine
UZ6N,49.18,28.5,288,UKR,Ukraine
UZ6P,50.65,24.15,288,UKR,Ukraine
UZ6R,51.5,31.3,288,UKR,Ukraine
UZ6S,48.67,26.6,288,UKR,Ukraine
UZ6T,49.42,26.98,288,UKR,Ukraine
UZ6U,50.42,30.5,288,UKR,Ukraine
UZ6V,48.52,32.25,288,UKR,Ukraine
UZ6W,49.83,24.0,288,UKR,Ukraine
UZ6X,50.3,28.67,288,UKR,Ukraine
UZ6Y,48.32,25.87,288,UKR,Ukraine
UZ6Z,46.95,32.0,288,UKR,Ukraine
UZ7A,51.42,33.55,288,UKR,Ukraine
UZ7B,49.58,25.65,288,UKR,Ukraine
UZ7C,49.45,32.07,288,UKR,Ukraine
UZ7D,47.83,35.17,288,UKR,Ukraine
UZ7E,48.48,35.0,288,UKR,Ukraine
UZ7F,46.5,30.75,288,UKR,Ukraine
UZ7G,46.65,32.63,288,UKR,Ukraine
UZ7H,49.58,34.58,288,UKR,Ukraine
UZ7I,48.0,37.83,288,UKR,Ukraine
UZ7K,50.65,26.17,288,UKR,Ukraine
UZ7L,50.37,36.25,288,UKR,Ukraine
UZ7M,48.58,39.33,288,UKR,Ukraine
UZ7N,49.18,28.5,288,UKR,Ukraine
UZ7P,50.65,24.15,288,UKR,Ukraine
UZ7R,51.5,31.3,288,UKR,Ukraine
UZ7S,48.67,26.6,288,UKR,Ukraine
UZ7T,49.42,26.98,288,UKR,Ukraine
UZ7U,50.42,30.5,288,UKR,Ukraine
UZ7V,48.52,32.25,288,UKR,Ukraine
UZ7W,49.83,24.0,288,UKR,Ukraine
UZ7X,50.3,28.67,288,UKR,Ukraine
UZ7Y,48.32,25.87,288,UKR,Ukraine
UZ7Z,46.95,32.0,288,UKR,Ukraine
UZ8A,51.42,33.55,288,UKR,Ukraine
UZ8B,49.58,25.65,288,UKR,Ukraine
UZ8C,49.45,32.07,288,UKR,Ukraine
UZ8D,47.83,35.17,288,UKR,Ukraine
UZ8E,48.48,35.0,288,UKR,Ukraine
UZ8F,46.5,30.75,288,UKR,Ukraine
UZ8G,46.65,32.63,288,UKR,Ukraine
UZ8H,49.58,34.58,288,UKR,Ukraine
UZ8I,48.0,37.83,288,UKR,Ukraine
UZ8K,50.65,26.17,288,UKR,Ukraine
UZ8L,50.37,36.25,288,UKR,Ukraine
UZ8M,48.58,39.33,288,UKR,Ukraine
UZ8N,49.18,28.5,288,UKR,Ukraine
UZ8P,50.65,24.15,288,UKR,Ukraine
UZ8R,51.5,31.3,288,UKR,Ukraine
UZ8S,48.67,26.6,288,UKR,Ukraine
UZ8T,49.42,26.98,288,UKR,Ukraine
UZ8U,50.42,30.5,288,UKR,Ukraine
UZ8V,48.52,32.25,288,UKR,Ukraine
UZ8W,49.83,24.0,288,UKR,Ukraine
UZ8X,50.3,28.67,288,UKR,Ukraine
UZ8Y,48.32,25.87,288,UKR,Ukraine
UZ8Z,46.95,32.0,288,UKR,Ukraine
UZ9A,51.42,33.55,288,UKR,Ukraine
UZ9B,49.58,25.65,288,UKR,Ukraine
UZ9C,49.45,32.07,288,UKR,Ukraine
UZ9D,47.83,35.17,288,UKR,Ukraine
UZ9E,48.48,35.0,288,UKR,Ukraine
UZ9F,46.5,30.75,288,UKR,Ukraine
UZ9G,46.65,32.63,288,UKR,Ukraine
UZ9H,49.58,34.58,288,UKR,Ukraine
UZ9I,48.0,37.83,288,UKR,Ukraine
UZ9K,50.65,26.17,288,UKR,Ukraine
UZ9L,50.37,36.25,288,UKR,Ukraine
UZ9M,48.58,39.33,288,UKR,Ukraine
UZ9N,49.18,28.5,288,UKR,Ukraine
UZ9P,50.65,24.15,288,UKR,Ukraine
UZ9R,51.5,31.3,288,UKR,Ukraine
UZ9S,48.67,26.6,288,UKR,Ukraine
UZ9T,49.42,26.98,288,UKR,Ukraine
UZ9U,50.42,30.5,288,UKR,Ukraine
UZ9V,48.52,32.25,288,UKR,Ukraine
UZ9W,49.83,24.0,288,UKR,Ukraine
UZ9X,50.3,28.67,288,UKR,Ukraine
UZ9Y,48.32,25.87,288,UKR,Ukraine
UZ9Z,46.95,32.0,288,UKR,Ukraine
V2,17.07,-61.8,94,ATG,Antigua & Barbuda
V3,16.97,-88.67,66,BLZ,Belize
V4,17.37,-62.78,249,KNA,St. Kitts & Nevis
V5,-22.0,17.0,464,NAM,Namibia
V6,6.88,158.2,173,FSM,Micronesia
V7,9.08,167.33,168,MHL,Marshall Is.
V8,4.5,114.6,345,BRN,Brunei Darussalam
V9,-29.07,22.63,462,ZAF,South Africa
VA,44.35,-78.75,1,CAN,Canada
VA1,45.13,-62.48,1,CAN,Canada
VA2,45.78,-73.27,1,CAN,Canada
VA3,43.8,-79.25,1,CAN,Canada
VA4,49.88,-97.13,1,CAN,Canada
VA5,51.33,-105.7,1,CAN,Canada
VA6,52.12,-113.83,1,CAN,Canada
VA7,49.53,-122.67,1,CAN,Canada
VA8,62.45,-114.4,1,CAN,Canada
VA9,45.75,-65.8,1,CAN,Canada
VB,44.35,-78.75,1,CAN,Canada
VB1,45.13,-62.48,1,CAN,Canada
VB2,45.78,-73.27,1,CAN,Canada
VB3,43.8,-79.25,1,CAN,Canada
VB4,49.88,-97.13,1,CAN,Canada
VB5,51.33,-105.7,1,CAN,Canada
VB6,52.12,-113.83,1,CAN,Canada
VB7,49.53,-122.67,1,CAN,Canada
VB8,62.45,-114.4,1,CAN,Canada
VB9,45.75,-65.8,1,CAN,Canada
VC,44.35,-78.75,1,CAN,Canada
VC1,45.13,-62.48,1,CAN,Canada
VC2,45.78,-73.27,1,CAN,Canada
VC3,43.8,-79.25,1,CAN,Canada
VC4,49.88,-97.13,1,CAN,Canada
VC5,51.33,-105.7,1,CAN,Canada
VC6,52.12,-113.83,1,CAN,Canada
VC7,49.53,-122.67,1,CAN,Canada
VC8,62.45,-114.4,1,CAN,Canada
VC9,45.75,-65.8,1,CAN,Canada
VD1,48.48,-55.47,1,CAN,Canada
VD2,53.93,-61.07,1,CAN,Canada
VE,44.35,-78.75,1,CAN,Canada
VE1,45.13,-62.48,1,CAN,Canada
VE2,45.78,-73.27,1,CAN,Canada
VE2PID/3,43.8,-79.25,1,CAN,Canada
VE2XB/2,52.73,-70.18,1,CAN,Canada
VE3,43.8,-79.25,1,CAN,Canada
VE4,49.88,-97.13,1,CAN,Canada
VE5,51.33,-105.7,1,CAN,Canada
VE6,52.12,-113.83,1,CAN,Canada
VE7,49.53,-122.67,1,CAN,Canada
VE8,62.45,-114.4,1,CAN,Canada
VE9,45.75,-65.8,1,CAN,Canada
VER20260117,44.35,-78.75,1,CAN,Canada
VERSION,18.18,-66.55,202,PRI,Puerto Rico
VF1,60.72,-135.05,1,CAN,Canada
VF2,46.37,-63.43,1,CAN,Canada
VG,44.35,-78.75,1,CAN,Canada
VG1,45.13,-62.48,1,CAN,Canada
VG2,45.78,-73.27,1,CAN,Canada
VG3,43.8,-79.25,1,CAN,Canada
VG4,49.88,-97.13,1,CAN,Canada
VG5,51.33,-105.7,1,CAN,Canada
VG6,52.12,-113.83,1,CAN,Canada
VG7,49.53,-122.67,1,CAN,Canada
VG8,62.45,-114.4,1,CAN,Canada
VG9,45.75,-65.8,1,CAN,Canada
VI,-23.7,132.33,150,AUS,Australia
VI0,-67.6,62.87,13,ATA,Antarctica
VI1,-35.5,149.0,150,AUS,Australia
VI2,-34.0,151.0,150,AUS,Australia
VI3,-38.0,145.0,150,AUS,Australia
VI4,-27.5,153.0,150,AUS,Australia
VI5,-34.9,138.6,150,AUS,Australia
VI6,-32.0,115.9,150,AUS,Australia
VI7,-42.9,147.3,150,AUS,Australia
VI8,-12.5,130.9,150,AUS,Australia
VI9,-29.03,167.93,189,NFK,Norfolk I.
VI9C,-12.15,96.82,38,CCK,Cocos (Keeling) Is.
VI9M,-17.4,155.85,171,AUS,Mellish Reef
VI9W,-16.22,150.02,303,AUS,Willis I.
VI9X,-10.48,105.63,35,CXR,Christmas I.
VJ,-23.7,132.33,150,AUS,Australia
VJ1,-35.5,149.0,150,AUS,Australia
VJ2,-34.0,151.0,150,AUS,Australia
VJ3,-38.0,145.0,150,AUS,Australia
VJ4,-27.5,153.0,150,AUS,Australia
VJ5,-34.9,138.6,150,AUS,Australia
VJ6,-32.0,115.9,150,AUS,Australia
VJ7,-42.9,147.3,150,AUS,Australia
VJ8,-12.5,130.9,150,AUS,Australia
VK,-23.7,132.33,150,AUS,Australia
VK0,-67.6,62.87,13,ATA,Antarctica
VK0EK,-53.08,73.5,111,HMD,Heard I.
VK0MQ,-54.6,158.88,153,AUS,Macquarie I.
VK1,-35.5,149.0,150,AUS,Australia
VK2,-34.0,151.0,150,AUS,Australia
VK3,-38.0,145.0,150,AUS,Australia
VK4,-27.5,153.0,150,AUS,Australia
VK4YQS,-31.55,159.08,147,AUS,Lord Howe I.
VK5,-34.9,138.6,150,AUS,Australia
VK6,-32.0,115.9,150,AUS,Australia
VK7,-42.9,147.3,150,AUS,Australia
VK8,-12.5,130.9,150,AUS,Australia
VK9,-29.03,167.93,189,NFK,Norfolk I.
VK9C,-12.15,96.82,38,CCK,Cocos (Keeling) Is.
VK9M,-17.4,155.85,171,AUS,Mellish Reef
VK9W,-16.22,150.02,303,AUS,Willis I.
VK9X,-10.48,105.63,35,CXR,Christmas I.
VL,-23.7,132.33,150,AUS,Australia
VL1,-35.5,149.0,150,AUS,Australia
VL2,-34.0,151.0,150,AUS,Australia
VL3,-38.0,145.0,150,AUS,Australia
VL4,-27.5,153.0,150,AUS,Australia
VL5,-34.9,138.6,150,AUS,Australia
VL6,-32.0,115.9,150,AUS,Australia
VL7,-42.9,147.3,150,AUS,Australia
VL8,-12.5,130.9,150,AUS,Australia
VO1,48.48,-55.47,1,CAN,Canada
VO2,53.93,-61.07,1,CAN,Canada
VP0G,-54.48,-37.08,235,SGS,South Georgia I.
VP0S,-58.43,-26.33,240,SGS,South Sandwich Is.
VP2E,18.23,-63.0,12,AIA,Anguilla
VP2M,16.75,-62.18,96,MSR,Montserrat
VP2V,18.33,-64.75,65,VGB,British Virgin Is.
VP5,21.77,-71.75,89,TCA,Turks & Caicos Is.
VP6,-25.07,-130.1,172,PCN,Pitcairn I.
VP6A,-24.7,-124.8,513,PCN,Ducie I.
VP8,-51.63,-58.72,141,FLK,Falkland Is.
VP9,32.32,-64.73,64,BMU,Bermuda
VQ5,21.77,-71.75,89,TCA,Turks & Caicos Is.
VQ9,-7.32,72.42,33,IOT,Chagos Is.
VR,22.28,114.18,321,HKG,Hong Kong
VT,22.5,77.58,324,IND,India
VU,22.5,77.58,324,IND,India
VU4,12.37,92.78,11,IND,Andaman & Nicobar Is.
VU7,11.23,72.78,142,IND,Lakshadweep Is.
VV,22.5,77.58,324,IND,India
VW,22.5,77.58,324,IND,India
VX,44.35,-78.75,1,CAN,Canada
VX1,45.13,-62.48,1,CAN,Canada
VX2,45.78,-73.27,1,CAN,Canada
VX3,43.8,-79.25,1,CAN,Canada
VX4,49.88,-97.13,1,CAN,Canada
VX5,51.33,-105.7,1,CAN,Canada
VX6,52.12,-113.83,1,CAN,Canada
VX7,49.53,-122.67,1,CAN,Canada
VX8,62.45,-114.4,1,CAN,Canada
VX9,45.75,-65.8,1,CAN,Canada
VY0,65.25,-83.6,1,CAN,Canada
VY0ZOO/VE2,52.73,-70.18,1,CAN,Canada
VY1,60.72,-135.05,1,CAN,Canada
VY2,46.37,-63.43,1,CAN,Canada
VY9,44.35,-78.75,1,CAN,Canada
VZ9M,-17.4,155.85,171,AUS,Mellish Reef
VZ9W,-16.22,150.02,303,AUS,Willis I.
VZ9X,-10.48,105.63,35,CXR,Christmas I.
VZ9Y,-12.15,96.82,38,CCK,Cocos (Keeling) Is.
W,37.6,-91.87,291,USA,United States of America
W0,41.12,-96.57,291,USA,United States of America
W1,42.38,-71.65,291,USA,United States of America
W2,41.15,-74.53,291,USA,United States of America
W3,39.95,-76.85,291,USA,United States of America
W4,33.12,-82.2,291,USA,United States of America
W4I,18.18,-66.55,202,PRI,Puerto Rico
W5,31.85,-96.3,291,USA,United States of America
W6,35.48,-119.35,291,USA,United States of America
W7,41.3,-116.6,291,USA,United States of America
W8,41.35,-83.23,291,USA,United States of America
W9,41.55,-87.97,291,USA,United States of America
WA0,41.12,-96.57,291,USA,United States of America
WA1,42.38,-71.65,291,USA,United States of America
WA1X,41.13,-81.87,291,USA,United States of America
WA2,41.15,-74.53,291,USA,United States of America
WA3,39.95,-76.85,291,USA,United States of America
WA3C,40.22,-80.88,291,USA,United States of America
WA4,33.12,-82.2,291,USA,United States of America
WA5,31.85,-96.3,291,USA,United States of America
WA5T,35.3,-77.77,291,USA,United States of America
WA6,35.48,-119.35,291,USA,United States of America
WA7,41.3,-116.6,291,USA,United States of America
WA8,41.35,-83.23,291,USA,United States of America
WA9,41.55,-87.97,291,USA,United States of America
WA9Z,40.63,-92.83,291,USA,United States of America
WB0,41.12,-96.57,291,USA,United States of America
WB1,42.38,-71.65,291,USA,United States of America
WB2,41.15,-74.53,291,USA,United States of America
WB3,39.95,-76.85,291,USA,United States of America
WB4,33.12,-82.2,291,USA,United States of America
WB4E,35.8,-83.88,291,USA,United States of America
WB5,31.85,-96.3,291,USA,United States of America
WB6,35.48,-119.35,291,USA,United States of America
WB7,41.3,-116.6,291,USA,United States of America
WB7N,21.12,-157.48,110,USA,Hawaii
WB7S,41.15,-104.8,291,USA,United States of America
WB8,41.35,-83.23,291,USA,United States of America
WB9,41.55,-87.97,291,USA,United States of America
WB9G,43.98,-75.6,291,USA,United States of America
WB9Z,28.92,-82.38,291,USA,United States of America
WC0,41.12,-96.57,291,USA,United States of America
WC0W,30.08,-81.55,291,USA,United States of America
WC1,42.38,-71.65,291,USA,United States of America
WC2,41.15,-74.53,291,USA,United States of America
WC2A,37.55,-122.33,291,USA,United States of America
WC3,39.95,-76.85,291,USA,United States of America
WC4,33.12,-82.2,291,USA,United States of America
WC4D,37.97,-84.47,291,USA,United States of America
WC5,31.85,-96.3,291,USA,United States of America
WC6,35.48,-119.35,291,USA,United States of America
WC7,41.3,-116.6,291,USA,United States of America
WC7S,41.18,-104.8,291,USA,United States of America
WC8,41.35,-83.23,291,USA,United States of America
WC8L,29.42,-98.68,291,USA,United States of America
WC9,41.55,-87.97,291,USA,United States of America
WC9D,38.3,-77.48,291,USA,United States of America
WD0,41.12,-96.57,291,USA,United States of America
WD1,42.38,-71.65,291,USA,United States of America
WD2,41.15,-74.53,291,USA,United States of America
WD3,39.95,-76.85,291,USA,United States of America
WD4,33.12,-82.2,291,USA,United States of America
WD5,31.85,-96.3,291,USA,United States of America
WD6,35.48,-119.35,291,USA,United States of America
WD6V,32.13,-94.75,291,USA,United States of America
WD7,41.3,-116.6,291,USA,United States of America
WD8,41.35,-83.23,291,USA,United States of America
WD9,41.55,-87.97,291,USA,United States of America
WE0,41.12,-96.57,291,USA,United States of America
WE1,42.38,-71.65,291,USA,United States of America
WE2,41.15,-74.53,291,USA,United States of America
WE3,39.95,-76.85,291,USA,United States of America
WE4,33.12,-82.2,291,USA,United States of America
WE5,31.85,-96.3,291,USA,United States of America
WE5E,36.08,-84.18,291,USA,United States of America
WE5P,37.75,-84.3,291,USA,United States of America
WE6,35.48,-119.35,291,USA,United States of America
WE7,41.3,-116.6,291,USA,United States of America
WE8,41.35,-83.23,291,USA,United States of America
WE8R,29.78,-81.47,291,USA,United States of America
WE9,41.55,-87.97,291,USA,United States of America
WE9N,32.87,-97.25,291,USA,United States of America
WF0,41.12,-96.57,291,USA,United States of America
WF1,42.38,-71.65,291,USA,United States of America
WF1A,37.9,-122.27,291,USA,United States of America
WF2,41.15,-74.53,291,USA,United States of America
WF3,39.95,-76.85,291,USA,United States of America
WF3H,29.7,-98.48,291,USA,United States of America
WF3T,37.07,-88.67,291,USA,United States of America
WF4,33.12,-82.2,291,USA,United States of America
WF4U,41.97,-111.88,291,USA,United States of America
WF5,31.85,-96.3,291,USA,United States of America
WF6,35.48,-119.35,291,USA,United States of America
WF7,41.3,-116.6,291,USA,United States of America
WF7I,37.78,-79.45,291,USA,United States of America
WF7T,36.18,-86.73,291,USA,United States of America
WF8,41.35,-83.23,291,USA,United States of America
WF8E,33.77,-84.3,291,USA,United States of America
WF9,41.55,-87.97,291,USA,United States of America
WF9A,33.82,-84.28,291,USA,United States of America
WG0,41.12,-96.57,291,USA,United States of America
WG1,42.38,-71.65,291,USA,United States of America
WG2,41.15,-74.53,291,USA,United States of America
WG3,39.95,-76.85,291,USA,United States of America
WG4,33.12,-82.2,291,USA,United States of America
WG4M,40.6,-105.05,291,USA,United States of America
WG5,31.85,-96.3,291,USA,United States of America
WG5D,34.87,-84.22,291,USA,United States of America
WG6,35.48,-119.35,291,USA,United States of America
WG7,41.3,-116.6,291,USA,United States of America
WG8,41.35,-83.23,291,USA,United States of America
WG8Y,35.62,-80.4,291,USA,United States of America
WG9,41.55,-87.97,291,USA,United States of America
WG9X,27.5,-82.42,291,USA,United States of America
WH0,15.18,145.72,166,MNP,Mariana Is.
WH1,0.0,-176.0,20,UMI,Baker & Howland Is.
WH2,13.37,144.7,103,GUM,Guam
WH3,16.72,-169.53,123,UMI,Johnston I.
WH4,28.2,-177.37,174,UMI,Midway I.
WH5,5.87,-162.07,197,UMI,Palmyra & Jarvis Is.
WH6,21.12,-157.48,110,USA,Hawaii
WH7,21.12,-157.48,110,USA,Hawaii
WH7K,29.0,-178.0,138,UMI,Kure I.
WH7R,33.08,-97.7,291,USA,United States of America
WH8,-14.32,-170.78,9,ASM,American Samoa
WH9,19.28,166.63,297,UMI,Wake I.
WI0,41.12,-96.57,291,USA,United States of America
WI1,42.38,-71.65,291,USA,United States of America
WI2,41.15,-74.53,291,USA,United States of America
WI3,39.95,-76.85,291,USA,United States of America
WI4,33.12,-82.2,291,USA,United States of America
WI5,31.85,-96.3,291,USA,United States of America
WI6,35.48,-119.35,291,USA,United States of America
WI7,41.3,-116.6,291,USA,United States of America
WI8,41.35,-83.23,291,USA,United States of America
WI9,41.55,-87.97,291,USA,United States of America
WI9P,45.07,-93.13,291,USA,United States of America
WJ0,41.12,-96.57,291,USA,United States of America
WJ1,42.38,-71.65,291,USA,United States of America
WJ2,41.15,-74.53,291,USA,United States of America
WJ3,39.95,-76.85,291,USA,United States of America
WJ4,33.12,-82.2,291,USA,United States of America
WJ4I,34.78,-86.55,291,USA,United States of America
WJ4K,33.72,-85.83,291,USA,United States of America
WJ4M,29.5,-98.67,291,USA,United States of America
WJ5,31.85,-96.3,291,USA,United States of America
WJ5K,34.28,-88.67,291,USA,United States of America
WJ6,35.48,-119.35,291,USA,United States of America
WJ7,41.3,-116.6,291,USA,United States of America
WJ8,41.35,-83.23,291,USA,United States of America
WJ8L,39.35,-80.32,291,USA,United States of America
WJ9,41.55,-87.97,291,USA,United States of America
WJ9B,43.72,-116.62,291,USA,United States of America
WJ9H,42.97,-90.13,291,USA,United States of America
WJ9O,29.98,-95.58,291,USA,United States of America
WJ9T,39.5,-119.78,291,USA,United States of America
WK0,41.12,-96.57,291,USA,United States of America
WK1,42.38,-71.65,291,USA,United States of America
WK2,41.15,-74.53,291,USA,United States of America
WK3,39.95,-76.85,291,USA,United States of America
WK4,33.12,-82.2,291,USA,United States of America
WK5,31.85,-96.3,291,USA,United States of America
WK6,35.48,-119.35,291,USA,United States of America
WK7,41.3,-116.6,291,USA,United States of America
WK8,41.35,-83.23,291,USA,United States of America
WK9,41.55,-87.97,291,USA,United States of America
WL,61.4,-148.87,6,USA,Alaska
WM0,41.12,-96.57,291,USA,United States of America
WM0G,42.72,-71.48,291,USA,United States of America
WM1,42.38,-71.65,291,USA,United States of America
WM2,41.15,-74.53,291,USA,United States of America
WM2V,32.4,-111.27,291,USA,United States of America
WM3,39.95,-76.85,291,USA,United States of America
WM4,33.12,-82.2,291,USA,United States of America
WM4Q,35.95,-87.3,291,USA,United States of America
WM5,31.85,-96.3,291,USA,United States of America
WM6,35.48,-119.35,291,USA,United States of America
WM7,41.3,-116.6,291,USA,United States of America
WM8,41.35,-83.23,291,USA,United States of America
WM9,41.55,-87.97,291,USA,United States of America
WN0,41.12,-96.57,291,USA,United States of America
WN1,42.38,-71.65,291,USA,United States of America
WN1R,29.92,-90.0,291,USA,United States of America
WN2,41.15,-74.53,291,USA,United States of America
WN3,39.95,-76.85,291,USA,United States of America
WN4,33.12,-82.2,291,USA,United States of America
WN5,31.85,-96.3,291,USA,United States of America
WN6,35.48,-119.35,291,USA,United States of America
WN7,41.3,-116.6,291,USA,United States of America
WN7S,38.85,-77.47,291,USA,United States of America
WN7Y,45.78,-108.57,291,USA,United States of America
WN8,41.35,-83.23,291,USA,United States of America
WN9,41.55,-87.97,291,USA,United States of America
WO0,41.12,-96.57,291,USA,United States of America
WO1,42.38,-71.65,291,USA,United States of America
WO2,41.15,-74.53,291,USA,United States of America
WO3,39.95,-76.85,291,USA,United States of America
WO3X,41.15,-81.52,291,USA,United States of America
WO4,33.12,-82.2,291,USA,United States of America
WO5,31.85,-96.3,291,USA,United States of America
WO6,35.48,-119.35,291,USA,United States of America
WO7,41.3,-116.6,291,USA,United States of America
WO7U,39.05,-94.4,291,USA,United States of America
WO8,41.35,-83.23,291,USA,United States of America
WO8L,36.17,-80.38,291,USA,United States of America
WO9,41.55,-87.97,291,USA,United States of America
WP1,18.4,-75.0,182,UMI,Navassa I.
WP2,17.73,-64.8,285,VIR,Virgin Is.
WP3,18.18,-66.55,202,PRI,Puerto Rico
WP4,18.18,-66.55,202,PRI,Puerto Rico
WP5,18.08,-67.88,43,PRI,Desecheo I.
WQ0,41.12,-96.57,291,USA,United States of America
WQ0X,33.9,-80.37,291,USA,United States of America
WQ1,42.38,-71.65,291,USA,United States of America
WQ1J,32.72,-117.15,291,USA,United States of America
WQ2,41.15,-74.53,291,USA,United States of America
WQ3,39.95,-76.85,291,USA,United States of America
WQ4,33.12,-82.2,291,USA,United States of America
WQ5,31.85,-96.3,291,USA,United States of America
WQ5L,30.47,-89.08,291,USA,United States of America
WQ5O,43.45,-88.2,291,USA,United States of America
WQ6,35.48,-119.35,291,USA,United States of America
WQ7,41.3,-116.6,291,USA,United States of America
WQ8,41.35,-83.23,291,USA,United States of America
WQ9,41.55,-87.97,291,USA,United States of America
WQ9T,40.92,-90.65,291,USA,United States of America
WR0,41.12,-96.57,291,USA,United States of America
WR1,42.38,-71.65,291,USA,United States of America
WR2,41.15,-74.53,291,USA,United States of America
WR3,39.95,-76.85,291,USA,United States of America
WR3O,36.12,-87.03,291,USA,United States of America
WR4,33.12,-82.2,291,USA,United States of America
WR4T,39.07,-84.38,291,USA,United States of America
WR5,31.85,-96.3,291,USA,United States of America
WR6,35.48,-119.35,291,USA,United States of America
WR7,41.3,-116.6,291,USA,United States of America
WR8,41.35,-83.23,291,USA,United States of America
WR9,41.55,-87.97,291,USA,United States of America
WS0,41.12,-96.57,291,USA,United States of America
WS1,42.38,-71.65,291,USA,United States of America
WS2,41.15,-74.53,291,USA,United States of America
WS3,39.95,-76.85,291,USA,United States of America
WS4,33.12,-82.2,291,USA,United States of America
WS5,31.85,-96.3,291,USA,United States of America
WS6,35.48,-119.35,291,USA,United States of America
WS6K,39.17,-84.23,291,USA,United States of America
WS6X,38.6,-78.78,291,USA,United States of America
WS7,41.3,-116.6,291,USA,United States of America
WS7X,29.27,-82.22,291,USA,United States of America
WS8,41.35,-83.23,291,USA,United States of America
WS9,41.55,-87.97,291,USA,United States of America
WS9M,42.33,-78.0,291,USA,United States of America
WT0,41.12,-96.57,291,USA,United States of America
WT1,42.38,-71.65,291,USA,United States of America
WT1L,33.62,-112.45,291,USA,United States of America
WT2,41.15,-74.53,291,USA,United States of America
WT3,39.95,-76.85,291,USA,United States of America
WT4,33.12,-82.2,291,USA,United States of America
WT4R,35.87,-83.48,291,USA,United States of America
WT4U,36.03,-83.88,291,USA,United States of America
WT4W,34.25,-85.6,291,USA,United States of America
WT5,31.85,-96.3,291,USA,United States of America
WT5A,33.35,-89.05,291,USA,United States of America
WT5L,28.12,-80.58,291,USA,United States of America
WT6,35.48,-119.35,291,USA,United States of America
WT7,41.3,-116.6,291,USA,United States of America
WT8,41.35,-83.23,291,USA,United States of America
WT8P,47.57,-122.0,291,USA,United States of America
WT9,41.55,-87.97,291,USA,United States of America
WT9Q,43.9,-91.23,291,USA,United States of America
WT9Y,35.2,-80.68,291,USA,United States of America
WU0,41.12,-96.57,291,USA,United States of America
WU1,42.38,-71.65,291,USA,United States of America
WU2,41.15,-74.53,291,USA,United States of America
WU3,39.95,-76.85,291,USA,United States of America
WU4,33.12,-82.2,291,USA,United States of America
WU5,31.85,-96.3,291,USA,United States of America
WU5E,32.3,-84.77,291,USA,United States of America
WU5X,34.62,-86.55,291,USA,United States of America
WU6,35.48,-119.35,291,USA,United States of America
WU7,41.3,-116.6,291,USA,United States of America
WU8,41.35,-83.23,291,USA,United States of America
WU8T,45.78,-122.53,291,USA,United States of America
WU9,41.55,-87.97,291,USA,United States of America
WU9B,33.72,-111.68,291,USA,United States of America
WV0,41.12,-96.57,291,USA,United States of America
WV0T,46.38,-124.05,291,USA,United States of America
WV1,42.38,-71.65,291,USA,United States of America
WV2,41.15,-74.53,291,USA,United States of America
WV3,39.95,-76.85,291,USA,United States of America
WV4,33.12,-82.2,291,USA,United States of America
WV4E,34.83,-87.65,291,USA,United States of America
WV4P,35.2,-88.2,291,USA,United States of America
WV5,31.85,-96.3,291,USA,United States of America
WV6,35.48,-119.35,291,USA,United States of America
WV6K,21.12,-157.48,110,USA,Hawaii
WV7,41.3,-116.6,291,USA,United States of America
WV8,41.35,-83.23,291,USA,United States of America
WV8O,38.43,-82.0,291,USA,United States of America
WV9,41.55,-87.97,291,USA,United States of America
WW0,41.12,-96.57,291,USA,United States of America
WW1,42.38,-71.65,291,USA,United States of America
WW2,41.15,-74.53,291,USA,United States of America
WW3,39.95,-76.85,291,USA,United States of America
WW3K,32.63,-97.08,291,USA,United States of America
WW4,33.12,-82.2,291,USA,United States of America
WW4N,36.02,-84.27,291,USA,United States of America
WW4R,36.17,-86.67,291,USA,United States of America
WW5,31.85,-96.3,291,USA,United States of America
WW5M,35.47,-89.82,291,USA,United States of America
WW5X,33.47,-86.8,291,USA,United States of America
WW6,35.48,-119.35,291,USA,United States of America
WW6W,46.8,-102.75,291,USA,United States of America
WW7,41.3,-116.6,291,USA,United States of America
WW8,41.35,-83.23,291,USA,United States of America
WW8L,40.48,-104.9,291,USA,United States of America
WW9,41.55,-87.97,291,USA,United States of America
WX0,41.12,-96.57,291,USA,United States of America
WX1,42.38,-71.65,291,USA,United States of America
WX2,41.15,-74.53,291,USA,United States of America
WX3,39.95,-76.85,291,USA,United States of America
WX4,33.12,-82.2,291,USA,United States of America
WX4W,38.33,-85.47,291,USA,United States of America
WX5,31.85,-96.3,291,USA,United States of America
WX5S,37.28,-121.95,291,USA,United States of America
WX6,35.48,-119.35,291,USA,United States of America
WX7,41.3,-116.6,291,USA,United States of America
WX7T,41.67,-72.87,291,USA,United States of America
WX7V,32.83,-96.78,291,USA,United States of America
WX8,41.35,-83.23,291,USA,United States of America
WX9,41.55,-87.97,291,USA,United States of America
WY0,41.12,-96.57,291,USA,United States of America
WY1,42.38,-71.65,291,USA,United States of America
WY2,41.15,-74.53,291,USA,United States of America
WY2K,47.53,-122.28,291,USA,United States of America
WY3,39.95,-76.85,291,USA,United States of America
WY4,33.12,-82.2,291,USA,United States of America
WY5,31.85,-96.3,291,USA,United States of America
WY6,35.48,-119.35,291,USA,United States of America
WY7,41.3,-116.6,291,USA,United States of America
WY7M,44.02,-107.95,291,USA,United States of America
WY8,41.35,-83.23,291,USA,United States of America
WY9,41.55,-87.97,291,USA,United States of America
WZ0,41.12,-96.57,291,USA,United States of America
WZ1,42.38,-71.65,291,USA,United States of America
WZ2,41.15,-74.53,291,USA,United States of America
WZ3,39.95,-76.85,291,USA,United States of America
WZ4,33.12,-82.2,291,USA,United States of America
WZ4F,34.95,-86.6,291,USA,United States of America
WZ5,31.85,-96.3,291,USA,United States of America
WZ6,35.48,-119.35,291,USA,United States of America
WZ6P,37.25,-93.35,291,USA,United States of America
WZ7,41.3,-116.6,291,USA,United States of America
WZ7I,40.43,-75.1,291,USA,United States of America
WZ8,41.35,-83.23,291,USA,United States of America
WZ8T,45.72,-122.68,291,USA,United States of America
WZ8X,35.22,-82.73,291,USA,United States of America
WZ9,41.55,-87.97,291,USA,United States of America
XA,21.32,-100.23,50,MEX,Mexico
XA1,19.8,-99.67,50,MEX,Mexico
XA2,26.62,-105.08,50,MEX,Mexico
XA3,17.9,-94.15,50,MEX,Mexico
XA4,18.77,-110.97,204,MEX,Revillagigedo
XB,21.32,-100.23,50,MEX,Mexico
XB1,19.8,-99.67,50,MEX,Mexico
XB2,26.62,-105.08,50,MEX,Mexico
XB3,17.9,-94.15,50,MEX,Mexico
XB4,18.77,-110.97,204,MEX,Revillagigedo
XC,21.32,-100.23,50,MEX,Mexico
XC1,19.8,-99.67,50,MEX,Mexico
XC2,26.62,-105.08,50,MEX,Mexico
XC3,17.9,-94.15,50,MEX,Mexico
XC4,18.77,-110.97,204,MEX,Revillagigedo
XD,21.32,-100.23,50,MEX,Mexico
XD1,19.8,-99.67,50,MEX,Mexico
XD2,26.62,-105.08,50,MEX,Mexico
XD3,17.9,-94.15,50,MEX,Mexico
XD4,18.77,-110.97,204,MEX,Revillagigedo
XE,21.32,-100.23,50,MEX,Mexico
XE1,19.8,-99.67,50,MEX,Mexico
XE2,26.62,-105.08,50,MEX,Mexico
XE3,17.9,-94.15,50,MEX,Mexico
XE4,18.77,-110.97,204,MEX,Revillagigedo
XF,21.32,-100.23,50,MEX,Mexico
XF4,18.77,-110.97,204,MEX,Revillagigedo
XG,21.32,-100.23,50,MEX,Mexico
XG1,19.8,-99.67,50,MEX,Mexico
XG2,26.62,-105.08,50,MEX,Mexico
XG3,17.9,-94.15,50,MEX,Mexico
XG4,18.77,-110.97,204,MEX,Revillagigedo
XH,21.32,-100.23,50,MEX,Mexico
XH1,19.8,-99.67,50,MEX,Mexico
XH2,26.62,-105.08,50,MEX,Mexico
XH3,17.9,-94.15,50,MEX,Mexico
XH4,18.77,-110.97,204,MEX,Revillagigedo
XI,21.32,-100.23,50,MEX,Mexico
XI1,19.8,-99.67,50,MEX,Mexico
XI2,26.62,-105.08,50,MEX,Mexico
XI3,17.9,-94.15,50,MEX,Mexico
XI4,18.77,-110.97,204,MEX,Revillagigedo
XJ1,48.48,-55.47,1,CAN,Canada
XJ2,53.93,-61.07,1,CAN,Canada
XK0,65.25,-83.6,1,CAN,Canada
XK1,60.72,-135.05,1,CAN,Canada
XK2,46.37,-63.43,1,CAN,Canada
XL,44.35,-78.75,1,CAN,Canada
XL1,45.13,-62.48,1,CAN,Canada
XL2,45.78,-73.27,1,CAN,Canada
XL3,43.8,-79.25,1,CAN,Canada
XL4,49.88,-97.13,1,CAN,Canada
XL5,51.33,-105.7,1,CAN,Canada
XL6,52.12,-113.83,1,CAN,Canada
XL7,49.53,-122.67,1,CAN,Canada
XL8,62.45,-114.4,1,CAN,Canada
XL9,45.75,-65.8,1,CAN,Canada
XM,44.35,-78.75,1,CAN,Canada
XM1,45.13,-62.48,1,CAN,Canada
XM2,45.78,-73.27,1,CAN,Canada
XM3,43.8,-79.25,1,CAN,Canada
XM4,49.88,-97.13,1,CAN,Canada
XM5,51.33,-105.7,1,CAN,Canada
XM6,52.12,-113.83,1,CAN,Canada
XM7,49.53,-122.67,1,CAN,Canada
XM8,62.45,-114.4,1,CAN,Canada
XM9,45.75,-65.8,1,CAN,Canada
XN1,48.48,-55.47,1,CAN,Canada
XN2,53.93,-61.07,1,CAN,Canada
XO0,65.25,-83.6,1,CAN,Canada
XO1,60.72,-135.05,1,CAN,Canada
XO2,46.37,-63.43,1,CAN,Canada
XP,74.0,-42.78,237,GRL,Greenland
XQ,-30.0,-71.0,112,CHL,Chile
XQ0,-27.1,-109.37,47,CHL,Easter I.
XQ0X,-26.28,-80.07,217,CHL,San Felix & San Ambrosio
XQ0Z,-33.6,-78.85,125,CHL,Juan Fernandez Is.
XQ1,-23.65,-70.4,112,CHL,Chile
XQ2,-33.08,-71.53,112,CHL,Chile
XQ3,-35.5,-70.67,112,CHL,Chile
XQ4,-33.62,-70.75,112,CHL,Chile
XQ5,-36.62,-72.17,112,CHL,Chile
XQ6,-39.75,-73.25,112,CHL,Chile
XQ7,-40.58,-73.23,112,CHL,Chile
XQ8,-53.17,-70.93,112,CHL,Chile
XR,-30.0,-71.0,112,CHL,Chile
XR0,-27.1,-109.37,47,CHL,Easter I.
XR0X,-26.28,-80.07,217,CHL,San Felix & San Ambrosio
XR0Z,-33.6,-78.85,125,CHL,Juan Fernandez Is.
XR1,-23.65,-70.4,112,CHL,Chile
XR2,-33.08,-71.53,112,CHL,Chile
XR3,-35.5,-70.67,112,CHL,Chile
XR4,-33.62,-70.75,112,CHL,Chile
XR5,-36.62,-72.17,112,CHL,Chile
XR6,-39.75,-73.25,112,CHL,Chile
XR7,-40.58,-73.23,112,CHL,Chile
XR8,-53.17,-70.93,112,CHL,Chile
XR9,-62.08,-58.67,241,ATA,South Shetland Is.
XR9N,-53.17,-70.93,112,CHL,Chile
XS,36.0,102.0,318,CHN,China
XS0A,43.75,87.75,318,CHN,China
XS0G,29.42,90.97,318,CHN,China
XS1,39.93,116.4,318,CHN,China
XS2A,45.8,126.67,318,CHN,China
XS2I,43.95,125.28,318,CHN,China
XS2Q,41.8,123.45,318,CHN,China
XS3A,39.13,117.17,318,CHN,China
XS3G,40.87,111.67,318,CHN,China
XS3M,38.03,114.47,318,CHN,China
XS3S,37.87,112.55,318,CHN,China
XS4A,31.25,121.43,318,CHN,China
XS4I,36.63,117.02,318,CHN,China
XS4Q,32.03,118.78,318,CHN,China
XS5A,30.3,120.18,318,CHN,China
XS5I,30.72,106.03,318,CHN,China
XS5Q,26.08,119.27,318,CHN,China
XS6A,31.87,117.3,318,CHN,China
XS6I,34.75,113.57,318,CHN,China
XS6Q,30.52,114.3,318,CHN,China
XS7A,28.2,113.0,318,CHN,China
XS7I,23.08,113.17,318,CHN,China
XS7Q,22.8,108.33,318,CHN,China
XS7Y,20.02,110.27,318,CHN,China
XS8A,30.63,104.03,318,CHN,China
XS8G,29.58,106.42,318,CHN,China
XS8M,26.53,106.67,318,CHN,China
XS8S,25.02,102.68,318,CHN,China
XS9A,34.25,109.0,318,CHN,China
XS9G,36.02,103.87,318,CHN,China
XS9M,38.5,106.25,318,CHN,China
XS9S,36.57,101.67,318,CHN,China
XT,12.0,-2.0,480,BFA,Burkina Faso
XU,12.93,105.13,312,KHM,Cambodia
XV,15.8,107.9,293,VNM,Viet Nam
XW,18.2,104.55,143,LAO,Laos
XX9,22.1,113.5,152,MAC,Macao
XY,20.0,96.37,309,MMR,Myanmar
XZ,20.0,96.37,309,MMR,Myanmar
Y2,51.0,10.0,230,DEU,Fed. Rep. of Germany
Y3,51.0,10.0,230,DEU,Fed. Rep. of Germany
Y4,51.0,10.0,230,DEU,Fed. Rep. of Germany
Y5,51.0,10.0,230,DEU,Fed. Rep. of Germany
Y6,51.0,10.0,230,DEU,Fed. Rep. of Germany
Y7,51.0,10.0,230,DEU,Fed. Rep. of Germany
Y8,51.0,10.0,230,DEU,Fed. Rep. of Germany
Y9,51.0,10.0,230,DEU,Fed. Rep. of Germany
YA,34.7,65.8,3,AFG,Afghanistan
YB,-7.3,109.88,327,IDN,Indonesia
YB0,-6.2,106.8,327,IDN,Indonesia
YB1,-6.77,107.57,327,IDN,Indonesia
YB2,-7.32,110.17,327,IDN,Indonesia
YB3,-7.97,112.02,327,IDN,Indonesia
YB4,-3.07,103.5,327,IDN,Indonesia
YB5,0.75,101.75,327,IDN,Indonesia
YB6,2.97,99.77,327,IDN,Indonesia
YB7,-2.2,113.75,327,IDN,Indonesia
YB8,0.55,123.08,327,IDN,Indonesia
YB9,-2.52,140.78,327,IDN,Indonesia
YC,-7.3,109.88,327,IDN,Indonesia
YC0,-6.2,106.8,327,IDN,Indonesia
YC1,-6.77,107.57,327,IDN,Indonesia
YC2,-7.32,110.17,327,IDN,Indonesia
YC3,-7.97,112.02,327,IDN,Indonesia
YC4,-3.07,103.5,327,IDN,Indonesia
YC5,0.75,101.75,327,IDN,Indonesia
YC6,2.97,99.77,327,IDN,Indonesia
YC7,-2.2,113.75,327,IDN,Indonesia
YC8,0.55,123.08,327,IDN,Indonesia
YC9,-2.52,140.78,327,IDN,Indonesia
YD,-7.3,109.88,327,IDN,Indonesia
YD0,-6.2,106.8,327,IDN,Indonesia
YD1,-6.77,107.57,327,IDN,Indonesia
YD2,-7.32,110.17,327,IDN,Indonesia
YD3,-7.97,112.02,327,IDN,Indonesia
YD4,-3.07,103.5,327,IDN,Indonesia
YD5,0.75,101.75,327,IDN,Indonesia
YD6,2.97,99.77,327,IDN,Indonesia
YD7,-2.2,113.75,327,IDN,Indonesia
YD8,0.55,123.08,327,IDN,Indonesia
YD9,-2.52,140.78,327,IDN,Indonesia
YE,-7.3,109.88,327,IDN,Indonesia
YE0,-6.2,106.8,327,IDN,Indonesia
YE1,-6.77,107.57,327,IDN,Indonesia
YE2,-7.32,110.17,327,IDN,Indonesia
YE3,-7.97,112.02,327,IDN,Indonesia
YE4,-3.07,103.5,327,IDN,Indonesia
YE5,0.75,101.75,327,IDN,Indonesia
YE6,2.97,99.77,327,IDN,Indonesia
YE7,-2.2,113.75,327,IDN,Indonesia
YE8,0.55,123.08,327,IDN,Indonesia
YE9,-2.52,140.78,327,IDN,Indonesia
YF,-7.3,109.88,327,IDN,Indonesia
YF0,-6.2,106.8,327,IDN,Indonesia
YF1,-6.77,107.57,327,IDN,Indonesia
YF2,-7.32,110.17,327,IDN,Indonesia
YF3,-7.97,112.02,327,IDN,Indonesia
YF4,-3.07,103.5,327,IDN,Indonesia
YF5,0.75,101.75,327,IDN,Indonesia
YF6,2.97,99.77,327,IDN,Indonesia
YF7,-2.2,113.75,327,IDN,Indonesia
YF8,0.55,123.08,327,IDN,Indonesia
YF9,-2.52,140.78,327,IDN,Indonesia
YG,-7.3,109.88,327,IDN,Indonesia
YG0,-6.2,106.8,327,IDN,Indonesia
YG1,-6.77,107.57,327,IDN,Indonesia
YG2,-7.32,110.17,327,IDN,Indonesia
YG3,-7.97,112.02,327,IDN,Indonesia
YG4,-3.07,103.5,327,IDN,Indonesia
YG5,0.75,101.75,327,IDN,Indonesia
YG6,2.97,99.77,327,IDN,Indonesia
YG7,-2.2,113.75,327,IDN,Indonesia
YG8,0.55,123.08,327,IDN,Indonesia
YG9,-2.52,140.78,327,IDN,Indonesia
YH,-7.3,109.88,327,IDN,Indonesia
YH0,-6.2,106.8,327,IDN,Indonesia
YH1,-6.77,107.57,327,IDN,Indonesia
YH2,-7.32,110.17,327,IDN,Indonesia
YH3,-7.97,112.02,327,IDN,Indonesia
YH4,-3.07,103.5,327,IDN,Indonesia
YH5,0.75,101.75,327,IDN,Indonesia
YH6,2.97,99.77,327,IDN,Indonesia
YH7,-2.2,113.75,327,IDN,Indonesia
YH8,0.55,123.08,327,IDN,Indonesia
YH9,-2.52,140.78,327,IDN,Indonesia
YI,33.92,42.78,333,IRQ,Iraq
YJ,-17.67,168.38,158,VUT,Vanuatu
YK,35.38,38.2,384,SYR,Syria
YL,57.03,24.65,145,LVA,Latvia
YM,39.18,35.65,390,TUR,Turkey
YM0,38.95,26.58,390,TUR,Turkey
YM1,41.02,28.97,390,TUR,Turkey
YM2,39.92,32.83,390,TUR,Turkey
YM3,38.42,27.12,390,TUR,Turkey
YM4,36.88,30.7,390,TUR,Turkey
YM5,37.85,32.5,390,TUR,Turkey
YM6,41.27,36.35,390,TUR,Turkey
YM7,40.98,39.72,390,TUR,Turkey
YM8,37.77,38.27,390,TUR,Turkey
YM9,39.95,41.28,390,TUR,Turkey
YN,12.88,-85.05,86,NIC,Nicaragua
YO,45.78,24.7,275,ROU,Romania
YO2,45.75,21.22,275,ROU,Romania
YO3,44.43,26.1,275,ROU,Romania
YO4,44.17,28.63,275,ROU,Romania
YO5,46.77,23.58,275,ROU,Romania
YO6,45.67,25.62,275,ROU,Romania
YO7,44.33,23.82,275,ROU,Romania
YO8,47.15,27.58,275,ROU,Romania
YO9,44.2,27.33,275,ROU,Romania
YP,45.78,24.7,275,ROU,Romania
YP2,45.75,21.22,275,ROU,Romania
YP3,44.43,26.1,275,ROU,Romania
YP4,44.17,28.63,275,ROU,Romania
YP5,46.77,23.58,275,ROU,Romania
YP6,45.67,25.62,275,ROU,Romania
YP7,44.33,23.82,275,ROU,Romania
YP8,47.15,27.58,275,ROU,Romania
YP9,44.2,27.33,275,ROU,Romania
YQ,45.78,24.7,275,ROU,Romania
YQ2,45.75,21.22,275,ROU,Romania
YQ3,44.43,26.1,275,ROU,Romania
YQ4,44.17,28.63,275,ROU,Romania
YQ5,46.77,23.58,275,ROU,Romania
YQ6,45.67,25.62,275,ROU,Romania
YQ7,44.33,23.82,275,ROU,Romania
YQ8,47.15,27.58,275,ROU,Romania
YQ9,44.2,27.33,275,ROU,Romania
YR,45.78,24.7,275,ROU,Romania
YR2,45.75,21.22,275,ROU,Romania
YR3,44.43,26.1,275,ROU,Romania
YR4,44.17,28.63,275,ROU,Romania
YR5,46.77,23.58,275,ROU,Romania
YR6,45.67,25.62,275,ROU,Romania
YR7,44.33,23.82,275,ROU,Romania
YR8,47.15,27.58,275,ROU,Romania
YR9,44.2,27.33,275,ROU,Romania
YS,14.0,-89.0,74,SLV,El Salvador
YT,44.0,21.0,296,SRB,Serbia
YU,44.0,21.0,296,SRB,Serbia
YV,8.0,-66.0,148,VEN,Venezuela
YV0,15.67,-63.6,17,VEN,Aves I.
YV1,8.5,-70.55,148,VEN,Venezuela
YV2,8.5,-70.75,148,VEN,Venezuela
YV3,9.5,-69.75,148,VEN,Venezuela
YV4,10.22,-67.97,148,VEN,Venezuela
YV5,10.53,-66.92,148,VEN,Venezuela
YV6,8.1,-63.6,148,VEN,Venezuela
YV7,10.67,-63.22,148,VEN,Venezuela
YV8,8.37,-62.62,148,VEN,Venezuela
YV9,7.9,-67.47,148,VEN,Venezuela
YW,8.0,-66.0,148,VEN,Venezuela
YW0,15.67,-63.6,17,VEN,Aves I.
YW1,8.5,-70.55,148,VEN,Venezuela
YW2,8.5,-70.75,148,VEN,Venezuela
YW3,9.5,-69.75,148,VEN,Venezuela
YW4,10.22,-67.97,148,VEN,Venezuela
YW5,10.53,-66.92,148,VEN,Venezuela
YW6,8.1,-63.6,148,VEN,Venezuela
YW7,10.67,-63.22,148,VEN,Venezuela
YW8,8.37,-62.62,148,VEN,Venezuela
YW9,7.9,-67.47,148,VEN,Venezuela
YX,8.0,-66.0,148,VEN,Venezuela
YX0,15.67,-63.6,17,VEN,Aves I.
YX1,8.5,-70.55,148,VEN,Venezuela
YX2,8.5,-70.75,148,VEN,Venezuela
YX3,9.5,-69.75,148,VEN,Venezuela
YX4,10.22,-67.97,148,VEN,Venezuela
YX5,10.53,-66.92,148,VEN,Venezuela
YX6,8.1,-63.6,148,VEN,Venezuela
YX7,10.67,-63.22,148,VEN,Venezuela
YX8,8.37,-62.62,148,VEN,Venezuela
YX9,7.9,-67.47,148,VEN,Venezuela
YY,8.0,-66.0,148,VEN,Venezuela
YY0,15.67,-63.6,17,VEN,Aves I.
YY1,8.5,-70.55,148,VEN,Venezuela
YY2,8.5,-70.75,148,VEN,Venezuela
YY3,9.5,-69.75,148,VEN,Venezuela
YY4,10.22,-67.97,148,VEN,Venezuela
YY5,10.53,-66.92,148,VEN,Venezuela
YY6,8.1,-63.6,148,VEN,Venezuela
YY7,10.67,-63.22,148,VEN,Venezuela
YY8,8.37,-62.62,148,VEN,Venezuela
YY9,7.9,-67.47,148,VEN,Venezuela
Z2,-18.0,31.0,452,ZWE,Zimbabwe
Z3,41.6,21.65,502,MKD,North Macedonia
Z6,42.67,21.17,522,XKX,Republic of Kosovo
Z8,4.85,31.6,521,SSD,South Sudan
ZA,41.0,20.0,7,ALB,Albania
ZB,36.15,-5.37,233,GIB,Gibraltar
ZC4,35.32,33.57,283,GBR,UK Sov. Base Areas on Cyprus
ZD7,-15.97,-5.72,250,SHN,St. Helena
ZD8,-7.93,-14.37,205,SHN,Ascension I.
ZD9,-37.13,-12.3,274,SHN,Tristan da Cunha & Gough I.
ZF,19.32,-81.22,69,CYM,Cayman Is.
ZF1,19.33,-81.22,69,CYM,Cayman Is.
ZF8,19.68,-80.05,69,CYM,Cayman Is.
ZF9,19.72,-79.8,69,CYM,Cayman Is.
ZG,36.15,-5.37,233,GIB,Gibraltar
ZK,-39.03,174.47,170,NZL,New Zealand
ZK3,-9.4,-171.2,270,TKL,Tokelau Is.
ZL,-39.03,174.47,170,NZL,New Zealand
ZL1,-36.83,174.73,170,NZL,New Zealand
ZL2,-41.28,174.78,170,NZL,New Zealand
ZL3,-40.0,173.0,170,NZL,New Zealand
ZL4,-45.87,170.5,170,NZL,New Zealand
ZL5,-77.85,166.75,13,ATA,Antarctica
ZL50,-39.03,174.47,170,NZL,New Zealand
ZL7,-43.85,-176.48,34,NZL,Chatham Is.
ZL8,-29.25,-177.92,133,NZL,Kermadec Is.
ZL9,-51.62,167.62,16,NZL,New Zealand Subantarctic Islands
ZM,-39.03,174.47,170,NZL,New Zealand
ZM1,-36.83,174.73,170,NZL,New Zealand
ZM2,-41.28,174.78,170,NZL,New Zealand
ZM3,-40.0,173.0,170,NZL,New Zealand
ZM4,-45.87,170.5,170,NZL,New Zealand
ZM5,-77.85,166.75,13,ATA,Antarctica
ZM7,-43.85,-176.48,34,NZL,Chatham Is.
ZM8,-29.25,-177.92,133,NZL,Kermadec Is.
ZP,-25.27,-57.67,132,PRY,Paraguay
ZR,-29.07,22.63,462,ZAF,South Africa
ZR1,-33.92,18.52,462,ZAF,South Africa
ZR2,-33.97,25.6,462,ZAF,South Africa
ZR3,-28.5,22.5,462,ZAF,South Africa
ZR4,-29.12,26.22,462,ZAF,South Africa
ZR5,-29.87,31.0,462,ZAF,South Africa
ZR6,-26.2,28.07,462,ZAF,South Africa
ZR8,-46.88,37.72,201,ZAF,Prince Edward & Marion Is.
ZS,-29.07,22.63,462,ZAF,South Africa
ZS1,-33.92,18.52,462,ZAF,South Africa
ZS2,-33.97,25.6,462,ZAF,South Africa
ZS3,-28.5,22.5,462,ZAF,South Africa
ZS4,-29.12,26.22,462,ZAF,South Africa
ZS5,-29.87,31.0,462,ZAF,South Africa
ZS6,-26.2,28.07,462,ZAF,South Africa
ZS7,-71.67,-2.82,13,ATA,Antarctica
ZS8,-46.88,37.72,201,ZAF,Prince Edward & Marion Is.
ZT,-29.07,22.63,462,ZAF,South Africa
ZT1,-33.92,18.52,462,ZAF,South Africa
ZT2,-33.97,25.6,462,ZAF,South Africa
ZT3,-28.5,22.5,462,ZAF,South Africa
ZT4,-29.12,26.22,462,ZAF,South Africa
ZT5,-29.87,31.0,462,ZAF,South Africa
ZT6,-26.2,28.07,462,ZAF,South Africa
ZT8,-46.88,37.72,201,ZAF,Prince Edward & Marion Is.
ZU,-29.07,22.63,462,ZAF,South Africa
ZU1,-33.92,18.52,462,ZAF,South Africa
ZU2,-33.97,25.6,462,ZAF,South Africa
ZU3,-28.5,22.5,462,ZAF,South Africa
ZU4,-29.12,26.22,462,ZAF,South Africa
ZU5,-29.87,31.0,462,ZAF,South Africa
ZU6,-26.2,28.07,462,ZAF,South Africa
ZU8,-46.88,37.72,201,ZAF,Prince Edward & Marion Is.
ZV,-10.0,-53.0,108,BRA,Brazil
ZV0F,-3.85,-32.43,56,BRA,Fernando de Noronha
ZV0R,-3.87,-33.82,56,BRA,Fernando de Noronha
ZV0S,0.0,-29.0,253,BRA,St. Peter & St. Paul Rocks
ZV0T,-20.5,-29.32,273,BRA,Trindade & Martim Vaz Is.
ZV1,-22.88,-43.28,108,BRA,Brazil
ZV2,-23.55,-46.63,108,BRA,Brazil
ZV3,-30.05,-51.18,108,BRA,Brazil
ZV4,-18.58,-46.53,108,BRA,Brazil
ZV5,-25.42,-49.12,108,BRA,Brazil
ZV6,-12.97,-38.48,108,BRA,Brazil
ZV7,-8.07,-34.88,108,BRA,Brazil
ZV8,-1.45,-48.48,108,BRA,Brazil
ZV9,-15.53,-56.08,108,BRA,Brazil
ZW,-10.0,-53.0,108,BRA,Brazil
ZW0F,-3.85,-32.43,56,BRA,Fernando de Noronha
ZW0R,-3.87,-33.82,56,BRA,Fernando de Noronha
ZW0S,0.0,-29.0,253,BRA,St. Peter & St. Paul Rocks
ZW0T,-20.5,-29.32,273,BRA,Trindade & Martim Vaz Is.
ZW1,-22.88,-43.28,108,BRA,Brazil
ZW2,-23.55,-46.63,108,BRA,Brazil
ZW3,-30.05,-51.18,108,BRA,Brazil
ZW4,-18.58,-46.53,108,BRA,Brazil
ZW5,-25.42,-49.12,108,BRA,Brazil
ZW6,-12.97,-38.48,108,BRA,Brazil
ZW7,-8.07,-34.88,108,BRA,Brazil
ZW8,-1.45,-48.48,108,BRA,Brazil
ZW9,-15.53,-56.08,108,BRA,Brazil
ZX,-10.0,-53.0,108,BRA,Brazil
ZX0F,-3.85,-32.43,56,BRA,Fernando de Noronha
ZX0R,-3.87,-33.82,56,BRA,Fernando de Noronha
ZX0S,0.0,-29.0,253,BRA,St. Peter & St. Paul Rocks
ZX0T,-20.5,-29.32,273,BRA,Trindade & Martim Vaz Is.
ZX1,-22.88,-43.28,108,BRA,Brazil
ZX2,-23.55,-46.63,108,BRA,Brazil
ZX3,-30.05,-51.18,108,BRA,Brazil
ZX4,-18.58,-46.53,108,BRA,Brazil
ZX5,-25.42,-49.12,108,BRA,Brazil
ZX6,-12.97,-38.48,108,BRA,Brazil
ZX7,-8.07,-34.88,108,BRA,Brazil
ZX8,-1.45,-48.48,108,BRA,Brazil
ZX9,-15.53,-56.08,108,BRA,Brazil
ZY,-10.0,-53.0,108,BRA,Brazil
ZY0F,-3.85,-32.43,56,BRA,Fernando de Noronha
ZY0R,-3.87,-33.82,56,BRA,Fernando de Noronha
ZY0S,0.0,-29.0,253,BRA,St. Peter & St. Paul Rocks
ZY0T,-20.5,-29.32,273,BRA,Trindade & Martim Vaz Is.
ZY1,-22.88,-43.28,108,BRA,Brazil
ZY2,-23.55,-46.63,108,BRA,Brazil
ZY3,-30.05,-51.18,108,BRA,Brazil
ZY4,-18.58,-46.53,108,BRA,Brazil
ZY5,-25.42,-49.12,108,BRA,Brazil
ZY6,-12.97,-38.48,108,BRA,Brazil
ZY7,-8.07,-34.88,108,BRA,Brazil
ZY8,-1.45,-48.48,108,BRA,Brazil
ZY9,-15.53,-56.08,108,BRA,Brazil
ZZ,-10.0,-53.0,108,BRA,Brazil
ZZ0F,-3.85,-32.43,56,BRA,Fernando de Noronha
ZZ0R,-3.87,-33.82,56,BRA,Fernando de Noronha
ZZ0S,0.0,-29.0,253,BRA,St. Peter & St. Paul Rocks
ZZ0T,-20.5,-29.32,273,BRA,Trindade & Martim Vaz Is.
ZZ1,-22.88,-43.28,108,BRA,Brazil
ZZ2,-23.55,-46.63,108,BRA,Brazil
ZZ3,-30.05,-51.18,108,BRA,Brazil
ZZ4,-18.58,-46.53,108,BRA,Brazil
ZZ5,-25.42,-49.12,108,BRA,Brazil
ZZ6,-12.97,-38.48,108,BRA,Brazil
ZZ7,-8.07,-34.88,108,BRA,Brazil
ZZ8,-1.45,-48.48,108,BRA,Brazil
ZZ9,-15.53,-56.08,108,BRA,Brazil
